{"type": "FeatureCollection", "features": [{"type": "Feature", "geometry": {"type": "Polygon", "coordinates": [[[1.09431, 51.29136], [1.09342, 51.29109], [1.09321, 51.29092], [1.09213, 51.29035], [1.09093, 51.29012], [1.09054, 51.28917], [1.08903, 51.28858], [1.08899, 51.28851], [1.0894, 51.2875], [1.08939, 51.28738], [1.08947, 51.28724], [1.08912, 51.28697], [1.08799, 51.2866], [1.08729, 51.28606], [1.087, 51.28605], [1.08688, 51.28601], [1.08614, 51.28592], [1.08553, 51.2856], [1.08311, 51.28529], [1.08293, 51.28511], [1.08276, 51.28466], [1.08266, 51.28457], [1.08247, 51.28451], [1.08117, 51.28375], [1.08099, 51.28351], [1.08064, 51.28336], [1.07893, 51.28382], [1.07864, 51.28369], [1.07835, 51.28336], [1.07842, 51.28308], [1.07791, 51.28294], [1.07764, 51.28264], [1.07749, 51.28217], [1.07687, 51.28238], [1.0768, 51.28238], [1.07658, 51.28232], [1.07632, 51.28218], [1.07569, 51.28206], [1.07567, 51.28206], [1.0756, 51.28186], [1.07571, 51.2815], [1.07586, 51.28133], [1.0755, 51.2808], [1.07532, 51.28078], [1.07419, 51.28083], [1.07375, 51.28018], [1.07293, 51.28006], [1.07253, 51.27981], [1.0722, 51.27897], [1.06916, 51.27799], [1.06845, 51.27798], [1.0682, 51.27668], [1.06805, 51.27654], [1.0641, 51.27451], [1.06313, 51.27425], [1.06145, 51.27445], [1.05948, 51.27359], [1.05883, 51.27313], [1.05352, 51.27358], [1.05252, 51.27352], [1.04861, 51.27421], [1.04766, 51.27448], [1.0473, 51.27407], [1.04298, 51.27061], [1.03874, 51.26856], [1.03992, 51.26648], [1.04284, 51.26495], [1.04562, 51.26368], [1.0481, 51.25902], [1.04837, 51.25889], [1.05364, 51.25892], [1.05595, 51.25975], [1.05847, 51.26129], [1.0597, 51.26174], [1.06141, 51.26294], [1.06885, 51.26038], [1.07236, 51.26281], [1.0736, 51.26403], [1.07528, 51.26321], [1.07882, 51.26025], [1.08423, 51.26307], [1.08419, 51.26402], [1.08564, 51.26499], [1.08766, 51.2646], [1.08833, 51.26461], [1.08929, 51.26399], [1.0901, 51.26302], [1.09027, 51.26298], [1.0912, 51.26244], [1.0938, 51.25846], [1.09544, 51.25731], [1.09564, 51.2572], [1.09702, 51.25585], [1.09822, 51.25632], [1.1026, 51.2575], [1.11083, 51.26479], [1.11225, 51.26499], [1.11251, 51.26531], [1.11294, 51.26649], [1.11382, 51.26828], [1.11364, 51.26889], [1.11317, 51.26934], [1.11255, 51.27008], [1.11104, 51.27475], [1.11115, 51.27505], [1.11498, 51.27638], [1.11493, 51.27653], [1.11513, 51.27898], [1.11383, 51.28199], [1.11447, 51.28323], [1.11536, 51.28422], [1.11546, 51.28689], [1.11716, 51.28842], [1.11681, 51.28921], [1.11627, 51.29063], [1.11312, 51.29155], [1.11214, 51.29195], [1.10891, 51.29382], [1.10792, 51.29511], [1.10812, 51.29729], [1.10621, 51.29719], [1.10233, 51.29776], [1.10151, 51.29757], [1.1014, 51.29592], [1.10068, 51.29536], [1.09919, 51.29475], [1.09889, 51.2943], [1.09656, 51.29297], [1.09656, 51.2929], [1.09441, 51.29144], [1.09431, 51.29136]]]}, "properties": {"name": "CT1", "description": "CT1 postcode district"}}, {"type": "Feature", "geometry": {"type": "Polygon", "coordinates": [[[1.14123, 51.29862], [1.14737, 51.30037], [1.15414, 51.30128], [1.15844, 51.30534], [1.15997, 51.30627], [1.15141, 51.31054], [1.151, 51.3122], [1.15102, 51.31225], [1.15103, 51.31304], [1.14947, 51.31736], [1.14438, 51.31618], [1.14314, 51.3124], [1.14194, 51.31189], [1.14015, 51.31132], [1.13425, 51.31266], [1.12907, 51.31827], [1.12683, 51.31731], [1.12655, 51.31717], [1.12494, 51.31452], [1.1237, 51.31357], [1.12116, 51.31207], [1.12065, 51.31185], [1.11948, 51.31162], [1.11661, 51.31206], [1.11403, 51.31293], [1.11292, 51.31384], [1.11206, 51.31479], [1.11534, 51.31725], [1.10934, 51.32409], [1.10963, 51.32451], [1.11056, 51.32623], [1.11058, 51.32671], [1.10996, 51.3275], [1.10764, 51.33017], [1.10107, 51.33444], [1.09015, 51.33141], [1.08731, 51.32371], [1.08083, 51.32054], [1.07089, 51.3219], [1.06461, 51.32465], [1.05161, 51.32612], [1.05108, 51.32467], [1.04205, 51.31764], [1.038, 51.31744], [1.03359, 51.31632], [1.02847, 51.31792], [1.02548, 51.31813], [1.02507, 51.3186], [1.02459, 51.31899], [1.02224, 51.31992], [1.01747, 51.32132], [1.01606, 51.3212], [1.01159, 51.32178], [1.00872, 51.32135], [1.00542, 51.31978], [1.00285, 51.31692], [0.9998, 51.3158], [0.99611, 51.31562], [0.99072, 51.31187], [0.99026, 51.31141], [0.98841, 51.31062], [0.98492, 51.30878], [0.98448, 51.30868], [0.98168, 51.30903], [0.98032, 51.30942], [0.97933, 51.30948], [0.9743, 51.30885], [0.97248, 51.30076], [0.97498, 51.29959], [0.97557, 51.29843], [0.98635, 51.29582], [0.98816, 51.29572], [0.99754, 51.29784], [0.99847, 51.29823], [1.00043, 51.2986], [1.00194, 51.29916], [1.00405, 51.29968], [1.0096, 51.29937], [1.0045, 51.28528], [1.00841, 51.28494], [1.01219, 51.28386], [1.01357, 51.28335], [1.01399, 51.28326], [1.01686, 51.2819], [1.01905, 51.28017], [1.01964, 51.28024], [1.02917, 51.27856], [1.03219, 51.27439], [1.03297, 51.27382], [1.03366, 51.27052], [1.03874, 51.26856], [1.04298, 51.27061], [1.0473, 51.27407], [1.04766, 51.27448], [1.04861, 51.27421], [1.05252, 51.27352], [1.05352, 51.27358], [1.05883, 51.27313], [1.05948, 51.27359], [1.06145, 51.27445], [1.06313, 51.27425], [1.0641, 51.27451], [1.06805, 51.27654], [1.0682, 51.27668], [1.06845, 51.27798], [1.06916, 51.27799], [1.0722, 51.27897], [1.07253, 51.27981], [1.07293, 51.28006], [1.07375, 51.28018], [1.07419, 51.28083], [1.07532, 51.28078], [1.0755, 51.2808], [1.07586, 51.28133], [1.07571, 51.2815], [1.0756, 51.28186], [1.07567, 51.28206], [1.07569, 51.28206], [1.07632, 51.28218], [1.07658, 51.28232], [1.0768, 51.28238], [1.07687, 51.28238], [1.07749, 51.28217], [1.07764, 51.28264], [1.07791, 51.28294], [1.07842, 51.28308], [1.07835, 51.28336], [1.07864, 51.28369], [1.07893, 51.28382], [1.08064, 51.28336], [1.08099, 51.28351], [1.08117, 51.28375], [1.08247, 51.28451], [1.08266, 51.28457], [1.08276, 51.28466], [1.08293, 51.28511], [1.08311, 51.28529], [1.08553, 51.2856], [1.08614, 51.28592], [1.08688, 51.28601], [1.087, 51.28605], [1.08729, 51.28606], [1.08799, 51.2866], [1.08912, 51.28697], [1.08947, 51.28724], [1.08939, 51.28738], [1.0894, 51.2875], [1.08899, 51.28851], [1.08903, 51.28858], [1.09054, 51.28917], [1.09093, 51.29012], [1.09213, 51.29035], [1.09321, 51.29092], [1.09342, 51.29109], [1.09431, 51.29136], [1.09441, 51.29144], [1.09656, 51.2929], [1.09656, 51.29297], [1.09889, 51.2943], [1.09919, 51.29475], [1.10068, 51.29536], [1.1014, 51.29592], [1.10151, 51.29757], [1.10233, 51.29776], [1.10621, 51.29719], [1.10812, 51.29729], [1.10792, 51.29511], [1.10891, 51.29382], [1.11214, 51.29195], [1.11312, 51.29155], [1.11627, 51.29063], [1.11681, 51.28921], [1.11716, 51.28842], [1.11751, 51.28839], [1.11943, 51.28752], [1.13168, 51.28587], [1.13039, 51.28836], [1.13235, 51.29211], [1.13434, 51.29294], [1.13806, 51.2942], [1.14022, 51.29485], [1.1403, 51.29766], [1.14123, 51.29862]]]}, "properties": {"name": "CT2", "description": "CT2 postcode district"}}, {"type": "Feature", "geometry": {"type": "Polygon", "coordinates": [[[1.2723, 51.26769], [1.27812, 51.27062], [1.28253, 51.27008], [1.28265, 51.27004], [1.29028, 51.27287], [1.29239, 51.27295], [1.29324, 51.27306], [1.29582, 51.27277], [1.29613, 51.27253], [1.30179, 51.27216], [1.30602, 51.27441], [1.31318, 51.27335], [1.31792, 51.27882], [1.31731, 51.28362], [1.31707, 51.28401], [1.31689, 51.28504], [1.3147, 51.28791], [1.3148, 51.28832], [1.31757, 51.29082], [1.31888, 51.29453], [1.31886, 51.29588], [1.31822, 51.29646], [1.31326, 51.31007], [1.31126, 51.30999], [1.30376, 51.31097], [1.30215, 51.31165], [1.28748, 51.31834], [1.28555, 51.31838], [1.28214, 51.31883], [1.2804, 51.31955], [1.27729, 51.32428], [1.27213, 51.32837], [1.27082, 51.32917], [1.27003, 51.32949], [1.25176, 51.33245], [1.25084, 51.33211], [1.24419, 51.3292], [1.24259, 51.32754], [1.22701, 51.32554], [1.21694, 51.33805], [1.21848, 51.3416], [1.21775, 51.34591], [1.21244, 51.3497], [1.21218, 51.35046], [1.21217, 51.35065], [1.21186, 51.35151], [1.21121, 51.35545], [1.21126, 51.356], [1.21485, 51.36612], [1.21567, 51.36815], [1.21597, 51.36964], [1.20391, 51.37137], [1.2008, 51.36876], [1.19668, 51.36358], [1.19572, 51.36281], [1.19059, 51.36303], [1.1895, 51.36294], [1.1858, 51.361], [1.18537, 51.36088], [1.18511, 51.3609], [1.18111, 51.35871], [1.181, 51.35864], [1.17756, 51.35626], [1.17524, 51.35593], [1.17233, 51.35369], [1.16323, 51.3557], [1.16001, 51.35152], [1.15475, 51.35021], [1.15283, 51.34901], [1.15164, 51.34695], [1.15081, 51.34615], [1.15068, 51.34539], [1.15011, 51.3442], [1.14689, 51.34064], [1.14036, 51.33773], [1.13973, 51.33724], [1.13485, 51.33758], [1.12772, 51.33652], [1.12439, 51.33392], [1.12484, 51.32864], [1.11787, 51.32787], [1.11058, 51.32671], [1.11056, 51.32623], [1.10963, 51.32451], [1.10934, 51.32409], [1.11534, 51.31725], [1.11206, 51.31479], [1.11292, 51.31384], [1.11403, 51.31293], [1.11661, 51.31206], [1.11948, 51.31162], [1.12065, 51.31185], [1.12116, 51.31207], [1.1237, 51.31357], [1.12494, 51.31452], [1.12655, 51.31717], [1.12683, 51.31731], [1.12907, 51.31827], [1.13425, 51.31266], [1.14015, 51.31132], [1.14194, 51.31189], [1.14314, 51.3124], [1.14438, 51.31618], [1.14947, 51.31736], [1.15103, 51.31304], [1.15102, 51.31225], [1.151, 51.3122], [1.15141, 51.31054], [1.15997, 51.30627], [1.15844, 51.30534], [1.15414, 51.30128], [1.14737, 51.30037], [1.14123, 51.29862], [1.1403, 51.29766], [1.14022, 51.29485], [1.13806, 51.2942], [1.13434, 51.29294], [1.13235, 51.29211], [1.13039, 51.28836], [1.13168, 51.28587], [1.11943, 51.28752], [1.11751, 51.28839], [1.11716, 51.28842], [1.11546, 51.28689], [1.11536, 51.28422], [1.11447, 51.28323], [1.11383, 51.28199], [1.11513, 51.27898], [1.11493, 51.27653], [1.11498, 51.27638], [1.11115, 51.27505], [1.11104, 51.27475], [1.11255, 51.27008], [1.11317, 51.26934], [1.11364, 51.26889], [1.11382, 51.26828], [1.12287, 51.26976], [1.12913, 51.27284], [1.13116, 51.27266], [1.13138, 51.27246], [1.14176, 51.27125], [1.14408, 51.27016], [1.14961, 51.27072], [1.14969, 51.27054], [1.1495, 51.26445], [1.15044, 51.26358], [1.14902, 51.26092], [1.14956, 51.26044], [1.15902, 51.25781], [1.16247, 51.25737], [1.16384, 51.25683], [1.17067, 51.25634], [1.16887, 51.24955], [1.17023, 51.24329], [1.16779, 51.24247], [1.16055, 51.2371], [1.16033, 51.23499], [1.16223, 51.23295], [1.17611, 51.22867], [1.17729, 51.22744], [1.17789, 51.22645], [1.1773, 51.22399], [1.17782, 51.22353], [1.17967, 51.22151], [1.18133, 51.2192], [1.18468, 51.2172], [1.18897, 51.2163], [1.1895, 51.21622], [1.19744, 51.21433], [1.1994, 51.2145], [1.20033, 51.21451], [1.2015, 51.21591], [1.20188, 51.21684], [1.20486, 51.21977], [1.20655, 51.22097], [1.20868, 51.22185], [1.21274, 51.2221], [1.21361, 51.22223], [1.21605, 51.22567], [1.21618, 51.2258], [1.21637, 51.22634], [1.21855, 51.2267], [1.21959, 51.22692], [1.22501, 51.22988], [1.22553, 51.2306], [1.22107, 51.23498], [1.22082, 51.23542], [1.22082, 51.23548], [1.23294, 51.23902], [1.23385, 51.23906], [1.23496, 51.23117], [1.24202, 51.23023], [1.24267, 51.23021], [1.2464, 51.23306], [1.25217, 51.23298], [1.25695, 51.23247], [1.25825, 51.23087], [1.26599, 51.22729], [1.28013, 51.23365], [1.27769, 51.23575], [1.26888, 51.24029], [1.26886, 51.24521], [1.26997, 51.24601], [1.27009, 51.2527], [1.26724, 51.25301], [1.26029, 51.25515], [1.26711, 51.25846], [1.26796, 51.25862], [1.27033, 51.26143], [1.27325, 51.26262], [1.27245, 51.26653], [1.2723, 51.26769]]]}, "properties": {"name": "CT3", "description": "CT3 postcode district"}}, {"type": "Feature", "geometry": {"type": "Polygon", "coordinates": [[[1.03601, 51.18102], [1.03683, 51.17807], [1.04268, 51.17753], [1.04395, 51.1769], [1.0404, 51.168], [1.03611, 51.16805], [1.03274, 51.16522], [1.03118, 51.16469], [1.02766, 51.15756], [1.03132, 51.15526], [1.03852, 51.15838], [1.04099, 51.15833], [1.04274, 51.1591], [1.04765, 51.15848], [1.04919, 51.15643], [1.04682, 51.15347], [1.04945, 51.14746], [1.05173, 51.14744], [1.05702, 51.14806], [1.06354, 51.14081], [1.06738, 51.13899], [1.0678, 51.13894], [1.07195, 51.13669], [1.07392, 51.13617], [1.08391, 51.13998], [1.08714, 51.14], [1.08818, 51.14049], [1.09436, 51.1383], [1.09708, 51.13713], [1.09976, 51.13305], [1.10214, 51.13215], [1.10686, 51.13439], [1.10858, 51.13807], [1.10765, 51.14095], [1.10975, 51.14257], [1.11943, 51.14373], [1.12489, 51.1465], [1.12837, 51.14518], [1.13013, 51.14479], [1.13321, 51.1452], [1.13886, 51.14725], [1.14164, 51.15037], [1.14001, 51.15298], [1.1513, 51.16348], [1.15715, 51.16181], [1.168, 51.16707], [1.17127, 51.16534], [1.17609, 51.15957], [1.18131, 51.15959], [1.18755, 51.16143], [1.19277, 51.16192], [1.19528, 51.16577], [1.198, 51.16715], [1.19818, 51.16717], [1.19947, 51.16776], [1.2122, 51.17009], [1.21376, 51.17537], [1.20741, 51.1781], [1.2067, 51.18366], [1.19999, 51.18742], [1.20024, 51.18791], [1.20244, 51.18915], [1.21457, 51.19798], [1.21847, 51.20015], [1.21463, 51.20515], [1.21438, 51.20644], [1.20897, 51.20918], [1.20382, 51.21207], [1.20202, 51.21343], [1.20033, 51.21451], [1.1994, 51.2145], [1.19744, 51.21433], [1.1895, 51.21622], [1.18897, 51.2163], [1.18468, 51.2172], [1.18133, 51.2192], [1.17967, 51.22151], [1.17782, 51.22353], [1.1773, 51.22399], [1.17789, 51.22645], [1.17729, 51.22744], [1.17611, 51.22867], [1.16223, 51.23295], [1.16033, 51.23499], [1.16055, 51.2371], [1.16779, 51.24247], [1.17023, 51.24329], [1.16887, 51.24955], [1.17067, 51.25634], [1.16384, 51.25683], [1.16247, 51.25737], [1.15902, 51.25781], [1.14956, 51.26044], [1.14902, 51.26092], [1.15044, 51.26358], [1.1495, 51.26445], [1.14969, 51.27054], [1.14961, 51.27072], [1.14408, 51.27016], [1.14176, 51.27125], [1.13138, 51.27246], [1.13116, 51.27266], [1.12913, 51.27284], [1.12287, 51.26976], [1.11382, 51.26828], [1.11294, 51.26649], [1.11251, 51.26531], [1.11225, 51.26499], [1.11083, 51.26479], [1.1026, 51.2575], [1.09822, 51.25632], [1.09702, 51.25585], [1.09564, 51.2572], [1.09544, 51.25731], [1.0938, 51.25846], [1.0912, 51.26244], [1.09027, 51.26298], [1.0901, 51.26302], [1.08929, 51.26399], [1.08833, 51.26461], [1.08766, 51.2646], [1.08564, 51.26499], [1.08419, 51.26402], [1.08423, 51.26307], [1.07882, 51.26025], [1.07528, 51.26321], [1.0736, 51.26403], [1.07236, 51.26281], [1.06885, 51.26038], [1.06141, 51.26294], [1.0597, 51.26174], [1.05847, 51.26129], [1.05595, 51.25975], [1.05364, 51.25892], [1.04837, 51.25889], [1.0481, 51.25902], [1.04562, 51.26368], [1.04284, 51.26495], [1.03992, 51.26648], [1.03874, 51.26856], [1.03366, 51.27052], [1.03297, 51.27382], [1.03219, 51.27439], [1.02917, 51.27856], [1.01964, 51.28024], [1.01905, 51.28017], [1.01686, 51.2819], [1.01399, 51.28326], [1.01357, 51.28335], [1.01219, 51.28386], [1.00841, 51.28494], [1.0045, 51.28528], [0.99881, 51.28412], [0.98986, 51.27908], [0.98538, 51.27792], [0.98515, 51.27611], [0.98505, 51.27599], [0.98174, 51.27252], [0.97097, 51.27007], [0.96398, 51.27086], [0.95728, 51.26833], [0.95448, 51.2668], [0.95421, 51.26617], [0.95254, 51.26454], [0.95294, 51.26321], [0.95504, 51.26013], [0.95505, 51.25538], [0.95437, 51.25354], [0.95381, 51.25344], [0.94495, 51.25412], [0.94156, 51.25538], [0.93987, 51.25556], [0.93871, 51.25579], [0.93469, 51.25715], [0.93379, 51.25689], [0.92817, 51.25577], [0.92769, 51.25592], [0.92419, 51.2568], [0.91275, 51.25716], [0.91213, 51.25706], [0.9132, 51.25287], [0.90633, 51.24892], [0.90451, 51.24879], [0.90222, 51.24762], [0.89535, 51.24547], [0.88854, 51.24861], [0.88455, 51.24684], [0.88137, 51.24393], [0.88407, 51.23799], [0.88068, 51.23558], [0.88206, 51.23156], [0.88534, 51.22934], [0.8839, 51.22586], [0.88807, 51.2214], [0.89636, 51.22001], [0.897, 51.2196], [0.90115, 51.21758], [0.9202, 51.22034], [0.92659, 51.2184], [0.92785, 51.21875], [0.93104, 51.22006], [0.93658, 51.21876], [0.95131, 51.21247], [0.94732, 51.2084], [0.94871, 51.20546], [0.95097, 51.20378], [0.95252, 51.2035], [0.95507, 51.20373], [0.96148, 51.20303], [0.96579, 51.19741], [0.97024, 51.19713], [0.97809, 51.19342], [0.98108, 51.1917], [0.98751, 51.1917], [0.99106, 51.19061], [0.99001, 51.18539], [0.9948, 51.18115], [1.00214, 51.18041], [1.0048, 51.18304], [1.0177, 51.18434], [1.01943, 51.18372], [1.0205, 51.18414], [1.03601, 51.18102]]]}, "properties": {"name": "CT4", "description": "CT4 postcode district"}}, {"type": "Feature", "geometry": {"type": "Polygon", "coordinates": [[[0.98632, 51.37058], [0.98154, 51.36814], [0.97342, 51.36453], [0.95719, 51.35993], [0.93614, 51.35716], [0.936, 51.35704], [0.94922, 51.34091], [0.95279, 51.33773], [0.96056, 51.33507], [0.96831, 51.336], [0.97258, 51.33555], [0.97626, 51.33622], [0.98089, 51.33603], [0.98379, 51.33111], [0.99021, 51.32726], [0.99032, 51.32667], [0.99194, 51.32384], [0.99735, 51.32443], [0.99837, 51.32376], [1.00542, 51.31978], [1.00872, 51.32135], [1.01159, 51.32178], [1.01606, 51.3212], [1.01747, 51.32132], [1.02224, 51.31992], [1.02459, 51.31899], [1.02507, 51.3186], [1.02548, 51.31813], [1.02847, 51.31792], [1.03359, 51.31632], [1.038, 51.31744], [1.04205, 51.31764], [1.05108, 51.32467], [1.05161, 51.32612], [1.06461, 51.32465], [1.07638, 51.33384], [1.08065, 51.33543], [1.07854, 51.34092], [1.08148, 51.34281], [1.08476, 51.34849], [1.08455, 51.34902], [1.07822, 51.35094], [1.07632, 51.35276], [1.07641, 51.35413], [1.08247, 51.3576], [1.08091, 51.35884], [1.08265, 51.36395], [1.08256, 51.364], [1.08067, 51.36485], [1.0803, 51.36496], [1.08019, 51.36504], [1.08016, 51.36506], [1.06919, 51.39142], [1.06591, 51.39084], [1.06164, 51.38954], [1.05758, 51.38771], [1.05752, 51.38767], [1.05385, 51.38676], [1.05274, 51.38635], [1.05267, 51.3864], [1.04886, 51.38815], [1.04485, 51.38941], [1.04033, 51.3903], [1.03588, 51.39068], [1.03116, 51.39059], [1.02675, 51.39005], [1.02232, 51.38901], [1.01843, 51.3876], [1.01479, 51.38572], [1.01184, 51.3836], [1.00937, 51.38108], [1.00858, 51.37985], [1.00567, 51.37835], [1.00497, 51.37786], [1.00191, 51.37746], [0.99744, 51.37635], [0.99666, 51.37606], [0.99453, 51.3786], [0.99309, 51.37999], [0.99189, 51.38095], [0.99067, 51.37821], [0.9891, 51.37496], [0.98817, 51.37338], [0.98684, 51.37135], [0.98632, 51.37058]]]}, "properties": {"name": "CT5", "description": "CT5 postcode district"}}, {"type": "Feature", "geometry": {"type": "Polygon", "coordinates": [[[1.2379, 51.3981], [1.23779, 51.39813], [1.23314, 51.39887], [1.23063, 51.39913], [1.22114, 51.39957], [1.21819, 51.39991], [1.21385, 51.39998], [1.20932, 51.3996], [1.20516, 51.39881], [1.20501, 51.39876], [1.20486, 51.39877], [1.20274, 51.39878], [1.19874, 51.3986], [1.19566, 51.39819], [1.19352, 51.39829], [1.18955, 51.39801], [1.18942, 51.39802], [1.18558, 51.39789], [1.18198, 51.39746], [1.18012, 51.39716], [1.16892, 51.39482], [1.16263, 51.39425], [1.16114, 51.39435], [1.15629, 51.39415], [1.15179, 51.39347], [1.14733, 51.39227], [1.14639, 51.39189], [1.14629, 51.39189], [1.145, 51.39189], [1.14254, 51.39182], [1.14125, 51.39174], [1.13892, 51.39154], [1.13659, 51.39206], [1.13184, 51.39257], [1.12903, 51.39257], [1.12657, 51.39319], [1.12197, 51.39381], [1.11751, 51.39395], [1.11284, 51.39362], [1.10954, 51.39303], [1.10313, 51.39273], [1.1004, 51.39244], [1.09746, 51.39193], [1.09522, 51.39189], [1.09193, 51.39151], [1.08793, 51.39235], [1.08349, 51.3928], [1.07875, 51.39278], [1.07432, 51.3923], [1.07188, 51.39176], [1.07072, 51.39169], [1.06919, 51.39142], [1.08016, 51.36506], [1.08019, 51.36504], [1.0803, 51.36496], [1.08067, 51.36485], [1.08256, 51.364], [1.08265, 51.36395], [1.08091, 51.35884], [1.08247, 51.3576], [1.07641, 51.35413], [1.07632, 51.35276], [1.07822, 51.35094], [1.08455, 51.34902], [1.08476, 51.34849], [1.08148, 51.34281], [1.07854, 51.34092], [1.08065, 51.33543], [1.07638, 51.33384], [1.06461, 51.32465], [1.07089, 51.3219], [1.08083, 51.32054], [1.08731, 51.32371], [1.09015, 51.33141], [1.10107, 51.33444], [1.10764, 51.33017], [1.10996, 51.3275], [1.11058, 51.32671], [1.11787, 51.32787], [1.12484, 51.32864], [1.12439, 51.33392], [1.12772, 51.33652], [1.13485, 51.33758], [1.13973, 51.33724], [1.14036, 51.33773], [1.14689, 51.34064], [1.15011, 51.3442], [1.15068, 51.34539], [1.15081, 51.34615], [1.15164, 51.34695], [1.15283, 51.34901], [1.15475, 51.35021], [1.16001, 51.35152], [1.16323, 51.3557], [1.17233, 51.35369], [1.17524, 51.35593], [1.17756, 51.35626], [1.181, 51.35864], [1.18111, 51.35871], [1.18511, 51.3609], [1.18537, 51.36088], [1.1858, 51.361], [1.1895, 51.36294], [1.19059, 51.36303], [1.19572, 51.36281], [1.19668, 51.36358], [1.2008, 51.36876], [1.20391, 51.37137], [1.21597, 51.36964], [1.22926, 51.37739], [1.23574, 51.38257], [1.2379, 51.3981]]]}, "properties": {"name": "CT6", "description": "CT6 postcode district"}}, {"type": "Feature", "geometry": {"type": "Polygon", "coordinates": [[[1.35485, 51.36095], [1.35486, 51.36155], [1.35251, 51.36581], [1.35251, 51.36671], [1.35223, 51.3669], [1.34807, 51.36857], [1.34004, 51.36701], [1.33462, 51.37108], [1.33372, 51.37139], [1.33289, 51.37116], [1.32893, 51.36968], [1.32801, 51.37021], [1.32401, 51.37199], [1.32144, 51.37266], [1.321, 51.37273], [1.32022, 51.37365], [1.32058, 51.37425], [1.32227, 51.37495], [1.3249, 51.37714], [1.32495, 51.37744], [1.32431, 51.3783], [1.32429, 51.37875], [1.32433, 51.37899], [1.32383, 51.37941], [1.32008, 51.38039], [1.3188, 51.38049], [1.31803, 51.38101], [1.31765, 51.38136], [1.31623, 51.38304], [1.31237, 51.39382], [1.31224, 51.39512], [1.31191, 51.40096], [1.31001, 51.40145], [1.3068, 51.40201], [1.29843, 51.40283], [1.29538, 51.40292], [1.28962, 51.40271], [1.28661, 51.4024], [1.28057, 51.40135], [1.27932, 51.4011], [1.27697, 51.40054], [1.27576, 51.40021], [1.26789, 51.39781], [1.26375, 51.39806], [1.25928, 51.39788], [1.25469, 51.3972], [1.25055, 51.39612], [1.2502, 51.39598], [1.24601, 51.39695], [1.24455, 51.39723], [1.24172, 51.39767], [1.24021, 51.39786], [1.23824, 51.39803], [1.2379, 51.3981], [1.23574, 51.38257], [1.22926, 51.37739], [1.21597, 51.36964], [1.21567, 51.36815], [1.21485, 51.36612], [1.21126, 51.356], [1.21121, 51.35545], [1.21186, 51.35151], [1.21217, 51.35065], [1.21218, 51.35046], [1.21244, 51.3497], [1.21775, 51.34591], [1.21848, 51.3416], [1.21694, 51.33805], [1.22701, 51.32554], [1.24259, 51.32754], [1.24419, 51.3292], [1.25084, 51.33211], [1.25176, 51.33245], [1.25212, 51.342], [1.2597, 51.3443], [1.26185, 51.34563], [1.26855, 51.34752], [1.27284, 51.3493], [1.27407, 51.34996], [1.27689, 51.34913], [1.27919, 51.34856], [1.28593, 51.34741], [1.28836, 51.34733], [1.29651, 51.35614], [1.30054, 51.35686], [1.30227, 51.35616], [1.30268, 51.35586], [1.30937, 51.34918], [1.31285, 51.35205], [1.31808, 51.35433], [1.31851, 51.35599], [1.31959, 51.35652], [1.32396, 51.3577], [1.32842, 51.35748], [1.33084, 51.35879], [1.33159, 51.35886], [1.3316, 51.35885], [1.33711, 51.35371], [1.34046, 51.35469], [1.34194, 51.35437], [1.34234, 51.35444], [1.34487, 51.35431], [1.34599, 51.35388], [1.35179, 51.35465], [1.3522, 51.35461], [1.3542, 51.35631], [1.35497, 51.36074], [1.35485, 51.36095]]]}, "properties": {"name": "CT7", "description": "CT7 postcode district"}}, {"type": "Feature", "geometry": {"type": "Polygon", "coordinates": [[[1.34634, 51.38003], [1.34648, 51.3802], [1.3466, 51.38043], [1.34643, 51.38074], [1.34656, 51.38146], [1.34646, 51.38159], [1.34528, 51.38174], [1.34539, 51.38253], [1.34472, 51.3829], [1.34592, 51.38341], [1.34598, 51.38412], [1.34599, 51.38414], [1.34484, 51.38607], [1.34466, 51.38657], [1.3441, 51.38929], [1.34387, 51.39062], [1.34278, 51.39815], [1.34308, 51.40078], [1.3431, 51.40575], [1.34246, 51.40565], [1.34086, 51.40522], [1.33908, 51.40546], [1.33679, 51.40565], [1.33244, 51.40579], [1.32787, 51.40548], [1.32366, 51.40475], [1.31949, 51.40356], [1.31586, 51.40204], [1.31341, 51.40061], [1.31328, 51.40061], [1.31191, 51.40096], [1.31224, 51.39512], [1.31237, 51.39382], [1.31623, 51.38304], [1.31765, 51.38136], [1.31803, 51.38101], [1.3188, 51.38049], [1.32008, 51.38039], [1.32383, 51.37941], [1.32433, 51.37899], [1.32429, 51.37875], [1.32431, 51.3783], [1.32495, 51.37744], [1.3249, 51.37714], [1.32227, 51.37495], [1.32058, 51.37425], [1.32022, 51.37365], [1.321, 51.37273], [1.32144, 51.37266], [1.32401, 51.37199], [1.32801, 51.37021], [1.32893, 51.36968], [1.33289, 51.37116], [1.33372, 51.37139], [1.33462, 51.37108], [1.34004, 51.36701], [1.34807, 51.36857], [1.34741, 51.37197], [1.34833, 51.37319], [1.34622, 51.37679], [1.34621, 51.37725], [1.34644, 51.37767], [1.34647, 51.3779], [1.34641, 51.37809], [1.34583, 51.37865], [1.34634, 51.38003]]]}, "properties": {"name": "CT8", "description": "CT8 postcode district"}}, {"type": "Feature", "geometry": {"type": "Polygon", "coordinates": [[[1.44854, 51.41272], [1.44596, 51.41382], [1.44162, 51.41508], [1.43724, 51.41583], [1.43248, 51.41612], [1.42795, 51.41592], [1.42557, 51.4157], [1.4191, 51.41472], [1.41703, 51.4143], [1.4132, 51.41333], [1.41209, 51.41291], [1.41143, 51.41302], [1.40739, 51.41329], [1.40313, 51.41317], [1.39914, 51.41269], [1.397, 51.41221], [1.39591, 51.41235], [1.39385, 51.4124], [1.39179, 51.41255], [1.38867, 51.41262], [1.38839, 51.41264], [1.38607, 51.41268], [1.38382, 51.41261], [1.38272, 51.41252], [1.38204, 51.41254], [1.37985, 51.41251], [1.37571, 51.41226], [1.37146, 51.41158], [1.36764, 51.41055], [1.36569, 51.40992], [1.36141, 51.40825], [1.35859, 51.40765], [1.355, 51.4065], [1.35491, 51.40646], [1.35103, 51.40661], [1.34679, 51.40635], [1.3431, 51.40575], [1.34308, 51.40078], [1.34278, 51.39815], [1.34387, 51.39062], [1.3441, 51.38929], [1.34466, 51.38657], [1.34484, 51.38607], [1.34599, 51.38414], [1.34598, 51.38412], [1.34592, 51.38341], [1.34472, 51.3829], [1.34539, 51.38253], [1.34528, 51.38174], [1.34646, 51.38159], [1.34656, 51.38146], [1.34643, 51.38074], [1.3466, 51.38043], [1.34648, 51.3802], [1.34634, 51.38003], [1.34583, 51.37865], [1.34641, 51.37809], [1.34647, 51.3779], [1.34644, 51.37767], [1.34621, 51.37725], [1.34622, 51.37679], [1.34833, 51.37319], [1.34741, 51.37197], [1.34807, 51.36857], [1.35223, 51.3669], [1.35251, 51.36671], [1.35251, 51.36581], [1.35486, 51.36155], [1.35485, 51.36095], [1.35497, 51.36074], [1.3542, 51.35631], [1.3522, 51.35461], [1.35346, 51.35304], [1.3562, 51.35083], [1.35806, 51.35123], [1.35954, 51.35182], [1.36362, 51.35403], [1.36315, 51.35601], [1.36563, 51.35725], [1.36588, 51.35719], [1.37219, 51.35454], [1.37467, 51.3556], [1.37525, 51.35552], [1.3793, 51.35637], [1.3825, 51.35619], [1.38373, 51.35688], [1.38568, 51.36048], [1.38558, 51.36123], [1.38633, 51.36137], [1.38884, 51.36149], [1.39046, 51.3613], [1.39275, 51.36075], [1.3936, 51.36081], [1.39422, 51.36173], [1.39421, 51.36174], [1.39265, 51.3624], [1.3925, 51.36272], [1.39392, 51.36308], [1.39424, 51.36298], [1.39595, 51.36375], [1.39612, 51.36377], [1.39713, 51.36471], [1.40116, 51.36531], [1.40063, 51.36588], [1.3965, 51.36945], [1.39653, 51.36988], [1.39898, 51.37166], [1.39909, 51.373], [1.40573, 51.37379], [1.40577, 51.37379], [1.40599, 51.37382], [1.40721, 51.37373], [1.41022, 51.37272], [1.41106, 51.37227], [1.41148, 51.37229], [1.41365, 51.37351], [1.41433, 51.37374], [1.41505, 51.3754], [1.41624, 51.37656], [1.41643, 51.3767], [1.41657, 51.37671], [1.41966, 51.37729], [1.42049, 51.37756], [1.42234, 51.37775], [1.42341, 51.3782], [1.42235, 51.38005], [1.4233, 51.38088], [1.42376, 51.38192], [1.42492, 51.38228], [1.42499, 51.38225], [1.42523, 51.38223], [1.42566, 51.38228], [1.42657, 51.38271], [1.42678, 51.38268], [1.42734, 51.38313], [1.42694, 51.38366], [1.4281, 51.38403], [1.42872, 51.3839], [1.42989, 51.3846], [1.43035, 51.38472], [1.43051, 51.38491], [1.43055, 51.38494], [1.42988, 51.38612], [1.43081, 51.38682], [1.43112, 51.38674], [1.43273, 51.3867], [1.43308, 51.38678], [1.43314, 51.38687], [1.43302, 51.3871], [1.43201, 51.38797], [1.43203, 51.38888], [1.43387, 51.3928], [1.43623, 51.39529], [1.44854, 51.41272]]]}, "properties": {"name": "CT9", "description": "CT9 postcode district"}}, {"type": "Feature", "geometry": {"type": "Polygon", "coordinates": [[[1.46641, 51.33217], [1.46682, 51.33279], [1.46803, 51.33511], [1.46874, 51.33764], [1.46886, 51.34008], [1.46852, 51.34198], [1.46973, 51.3436], [1.47032, 51.34452], [1.47129, 51.3463], [1.47171, 51.34726], [1.47275, 51.35019], [1.47306, 51.35162], [1.47327, 51.3539], [1.47378, 51.35481], [1.47488, 51.35743], [1.47532, 51.36026], [1.47522, 51.36131], [1.47615, 51.36261], [1.47736, 51.36581], [1.47773, 51.36753], [1.47783, 51.3692], [1.47818, 51.36982], [1.47884, 51.37149], [1.4796, 51.37472], [1.47973, 51.37645], [1.47949, 51.37971], [1.47898, 51.38171], [1.47734, 51.38539], [1.47612, 51.38727], [1.47515, 51.38838], [1.47463, 51.38888], [1.47429, 51.38954], [1.47337, 51.39092], [1.47211, 51.39243], [1.47206, 51.39255], [1.47156, 51.3936], [1.47092, 51.39466], [1.46951, 51.39663], [1.46763, 51.39857], [1.46548, 51.40025], [1.46426, 51.40109], [1.46283, 51.40196], [1.46125, 51.40279], [1.45861, 51.40399], [1.45801, 51.40519], [1.45585, 51.40786], [1.45315, 51.41014], [1.44971, 51.41222], [1.44854, 51.41272], [1.43623, 51.39529], [1.43387, 51.3928], [1.43203, 51.38888], [1.43201, 51.38797], [1.43302, 51.3871], [1.43314, 51.38687], [1.43308, 51.38678], [1.43273, 51.3867], [1.43112, 51.38674], [1.43081, 51.38682], [1.42988, 51.38612], [1.43055, 51.38494], [1.43051, 51.38491], [1.43035, 51.38472], [1.42989, 51.3846], [1.42872, 51.3839], [1.4281, 51.38403], [1.42694, 51.38366], [1.42734, 51.38313], [1.42678, 51.38268], [1.42657, 51.38271], [1.42566, 51.38228], [1.42523, 51.38223], [1.42499, 51.38225], [1.42492, 51.38228], [1.42376, 51.38192], [1.4233, 51.38088], [1.42235, 51.38005], [1.42341, 51.3782], [1.42234, 51.37775], [1.42049, 51.37756], [1.41966, 51.37729], [1.41657, 51.37671], [1.41643, 51.3767], [1.41624, 51.37656], [1.41505, 51.3754], [1.41433, 51.37374], [1.41365, 51.37351], [1.41148, 51.37229], [1.41106, 51.37227], [1.41022, 51.37272], [1.40721, 51.37373], [1.40599, 51.37382], [1.40577, 51.37379], [1.40573, 51.37379], [1.39909, 51.373], [1.39898, 51.37166], [1.39653, 51.36988], [1.3965, 51.36945], [1.40063, 51.36588], [1.40116, 51.36531], [1.39713, 51.36471], [1.39612, 51.36377], [1.39595, 51.36375], [1.39424, 51.36298], [1.39392, 51.36308], [1.3925, 51.36272], [1.39265, 51.3624], [1.39421, 51.36174], [1.39422, 51.36173], [1.3936, 51.36081], [1.39275, 51.36075], [1.39119, 51.35826], [1.39252, 51.35716], [1.39285, 51.35706], [1.393, 51.35689], [1.39742, 51.35739], [1.39785, 51.35857], [1.39803, 51.35862], [1.39938, 51.35802], [1.3996, 51.3572], [1.39994, 51.35701], [1.40066, 51.35681], [1.40153, 51.35677], [1.40267, 51.35731], [1.40373, 51.35578], [1.40405, 51.3557], [1.40411, 51.35556], [1.40529, 51.35504], [1.40622, 51.3553], [1.40641, 51.35531], [1.40693, 51.3546], [1.40659, 51.35425], [1.40862, 51.3531], [1.40946, 51.35335], [1.4106, 51.35297], [1.41514, 51.35354], [1.41639, 51.35272], [1.41855, 51.3528], [1.41895, 51.35283], [1.42052, 51.35164], [1.42078, 51.35152], [1.42205, 51.3503], [1.42199, 51.3496], [1.42219, 51.34934], [1.42225, 51.34921], [1.42214, 51.34843], [1.42228, 51.34823], [1.42258, 51.34802], [1.42279, 51.34772], [1.4249, 51.34799], [1.42495, 51.34864], [1.42511, 51.34877], [1.42669, 51.3486], [1.4266, 51.34787], [1.42559, 51.34748], [1.42632, 51.34698], [1.42732, 51.3471], [1.42769, 51.34701], [1.4279, 51.34674], [1.42828, 51.34648], [1.43036, 51.3465], [1.43046, 51.34653], [1.43054, 51.34649], [1.43094, 51.34607], [1.4327, 51.34544], [1.43307, 51.345], [1.43291, 51.34473], [1.43285, 51.34414], [1.43795, 51.34119], [1.43802, 51.34113], [1.44055, 51.34022], [1.46641, 51.33217]]]}, "properties": {"name": "CT10", "description": "CT10 postcode district"}}, {"type": "Feature", "geometry": {"type": "Polygon", "coordinates": [[[1.38108, 51.31022], [1.38591, 51.30553], [1.39821, 51.30384], [1.40022, 51.30343], [1.40359, 51.30247], [1.41179, 51.29984], [1.4116, 51.30203], [1.41343, 51.30543], [1.41468, 51.30558], [1.41683, 51.30593], [1.41935, 51.30574], [1.42223, 51.30571], [1.42767, 51.30599], [1.43051, 51.30631], [1.43378, 51.30691], [1.43572, 51.30736], [1.43927, 51.30837], [1.44272, 51.30976], [1.44567, 51.31137], [1.44712, 51.31228], [1.45188, 51.31572], [1.45308, 51.31673], [1.45514, 51.31873], [1.45682, 51.32101], [1.45792, 51.3233], [1.45802, 51.32358], [1.45935, 51.32453], [1.46051, 51.32546], [1.46251, 51.32732], [1.46345, 51.32834], [1.46604, 51.3316], [1.46641, 51.33217], [1.44055, 51.34022], [1.43802, 51.34113], [1.43795, 51.34119], [1.43285, 51.34414], [1.43291, 51.34473], [1.43307, 51.345], [1.4327, 51.34544], [1.43094, 51.34607], [1.43054, 51.34649], [1.43046, 51.34653], [1.43036, 51.3465], [1.42828, 51.34648], [1.4279, 51.34674], [1.42769, 51.34701], [1.42732, 51.3471], [1.42632, 51.34698], [1.42559, 51.34748], [1.4266, 51.34787], [1.42669, 51.3486], [1.42511, 51.34877], [1.42495, 51.34864], [1.4249, 51.34799], [1.42279, 51.34772], [1.42258, 51.34802], [1.42228, 51.34823], [1.42214, 51.34843], [1.42225, 51.34921], [1.42219, 51.34934], [1.42199, 51.3496], [1.42205, 51.3503], [1.42078, 51.35152], [1.42052, 51.35164], [1.41895, 51.35283], [1.41855, 51.3528], [1.41639, 51.35272], [1.4162, 51.35247], [1.41372, 51.34999], [1.41396, 51.34936], [1.41394, 51.34875], [1.41389, 51.34859], [1.41264, 51.34669], [1.41273, 51.34654], [1.4128, 51.34566], [1.41285, 51.34557], [1.4113, 51.34417], [1.41117, 51.34358], [1.41043, 51.34302], [1.40947, 51.34337], [1.40887, 51.34338], [1.40834, 51.34308], [1.4082, 51.34281], [1.40833, 51.34262], [1.40821, 51.34208], [1.40728, 51.34172], [1.40496, 51.34154], [1.40333, 51.34049], [1.40248, 51.34033], [1.40186, 51.34016], [1.40135, 51.33986], [1.40041, 51.33969], [1.39832, 51.34032], [1.39769, 51.34041], [1.39746, 51.34054], [1.39717, 51.34065], [1.39654, 51.34084], [1.39635, 51.34085], [1.3954, 51.34112], [1.39507, 51.34117], [1.39451, 51.34086], [1.39431, 51.34056], [1.39293, 51.33958], [1.39151, 51.33928], [1.38965, 51.33976], [1.38897, 51.33896], [1.3862, 51.33867], [1.38453, 51.33938], [1.38421, 51.33949], [1.38128, 51.3386], [1.38246, 51.33729], [1.38328, 51.33428], [1.38326, 51.33376], [1.38298, 51.33295], [1.38451, 51.33234], [1.38524, 51.32963], [1.37894, 51.31973], [1.37923, 51.31676], [1.38105, 51.31024], [1.38108, 51.31022]]]}, "properties": {"name": "CT11", "description": "CT11 postcode district"}}, {"type": "Feature", "geometry": {"type": "Polygon", "coordinates": [[[1.32736, 51.31247], [1.32896, 51.3116], [1.34216, 51.31367], [1.34906, 51.31242], [1.34944, 51.31247], [1.37465, 51.3125], [1.38105, 51.31024], [1.37923, 51.31676], [1.37894, 51.31973], [1.38524, 51.32963], [1.38451, 51.33234], [1.38298, 51.33295], [1.38326, 51.33376], [1.38328, 51.33428], [1.38246, 51.33729], [1.38128, 51.3386], [1.38421, 51.33949], [1.38453, 51.33938], [1.3862, 51.33867], [1.38897, 51.33896], [1.38965, 51.33976], [1.39151, 51.33928], [1.39293, 51.33958], [1.39431, 51.34056], [1.39451, 51.34086], [1.39507, 51.34117], [1.3954, 51.34112], [1.39635, 51.34085], [1.39654, 51.34084], [1.39717, 51.34065], [1.39746, 51.34054], [1.39769, 51.34041], [1.39832, 51.34032], [1.40041, 51.33969], [1.40135, 51.33986], [1.40186, 51.34016], [1.40248, 51.34033], [1.40333, 51.34049], [1.40496, 51.34154], [1.40728, 51.34172], [1.40821, 51.34208], [1.40833, 51.34262], [1.4082, 51.34281], [1.40834, 51.34308], [1.40887, 51.34338], [1.40947, 51.34337], [1.41043, 51.34302], [1.41117, 51.34358], [1.4113, 51.34417], [1.41285, 51.34557], [1.4128, 51.34566], [1.41273, 51.34654], [1.41264, 51.34669], [1.41389, 51.34859], [1.41394, 51.34875], [1.41396, 51.34936], [1.41372, 51.34999], [1.4162, 51.35247], [1.41639, 51.35272], [1.41514, 51.35354], [1.4106, 51.35297], [1.40946, 51.35335], [1.40862, 51.3531], [1.40659, 51.35425], [1.40693, 51.3546], [1.40641, 51.35531], [1.40622, 51.3553], [1.40529, 51.35504], [1.40411, 51.35556], [1.40405, 51.3557], [1.40373, 51.35578], [1.40267, 51.35731], [1.40153, 51.35677], [1.40066, 51.35681], [1.39994, 51.35701], [1.3996, 51.3572], [1.39938, 51.35802], [1.39803, 51.35862], [1.39785, 51.35857], [1.39742, 51.35739], [1.393, 51.35689], [1.39285, 51.35706], [1.39252, 51.35716], [1.39119, 51.35826], [1.39275, 51.36075], [1.39046, 51.3613], [1.38884, 51.36149], [1.38633, 51.36137], [1.38558, 51.36123], [1.38568, 51.36048], [1.38373, 51.35688], [1.3825, 51.35619], [1.3793, 51.35637], [1.37525, 51.35552], [1.37467, 51.3556], [1.37219, 51.35454], [1.36588, 51.35719], [1.36563, 51.35725], [1.36315, 51.35601], [1.36362, 51.35403], [1.35954, 51.35182], [1.35806, 51.35123], [1.3562, 51.35083], [1.35346, 51.35304], [1.3522, 51.35461], [1.35179, 51.35465], [1.34599, 51.35388], [1.34487, 51.35431], [1.34234, 51.35444], [1.34194, 51.35437], [1.34046, 51.35469], [1.33711, 51.35371], [1.3316, 51.35885], [1.33159, 51.35886], [1.33084, 51.35879], [1.32842, 51.35748], [1.32396, 51.3577], [1.31959, 51.35652], [1.31851, 51.35599], [1.31808, 51.35433], [1.31285, 51.35205], [1.30937, 51.34918], [1.30268, 51.35586], [1.30227, 51.35616], [1.30054, 51.35686], [1.29651, 51.35614], [1.28836, 51.34733], [1.28593, 51.34741], [1.27919, 51.34856], [1.27689, 51.34913], [1.27407, 51.34996], [1.27284, 51.3493], [1.26855, 51.34752], [1.26185, 51.34563], [1.2597, 51.3443], [1.25212, 51.342], [1.25176, 51.33245], [1.27003, 51.32949], [1.27082, 51.32917], [1.27213, 51.32837], [1.27729, 51.32428], [1.2804, 51.31955], [1.28214, 51.31883], [1.28555, 51.31838], [1.28748, 51.31834], [1.30215, 51.31165], [1.30376, 51.31097], [1.31126, 51.30999], [1.31326, 51.31007], [1.32736, 51.31247]]]}, "properties": {"name": "CT12", "description": "CT12 postcode district"}}, {"type": "Feature", "geometry": {"type": "Polygon", "coordinates": [[[1.32162, 51.2463], [1.32317, 51.24848], [1.32035, 51.24931], [1.3189, 51.25393], [1.32117, 51.25494], [1.32225, 51.25657], [1.32229, 51.25902], [1.32569, 51.25855], [1.32794, 51.25875], [1.32973, 51.25931], [1.33174, 51.25946], [1.33353, 51.26081], [1.33377, 51.2609], [1.33509, 51.26164], [1.33584, 51.26289], [1.33967, 51.26425], [1.34281, 51.26412], [1.34533, 51.26569], [1.34615, 51.26609], [1.34694, 51.26621], [1.34881, 51.26631], [1.35106, 51.26594], [1.35315, 51.26483], [1.36099, 51.26502], [1.36329, 51.26465], [1.36617, 51.26406], [1.3711, 51.26168], [1.37145, 51.26117], [1.36855, 51.24999], [1.36909, 51.24957], [1.37136, 51.24892], [1.39696, 51.25726], [1.42301, 51.25866], [1.41455, 51.27598], [1.4118, 51.28981], [1.41213, 51.29161], [1.41222, 51.29237], [1.41228, 51.29382], [1.41227, 51.29459], [1.41179, 51.29984], [1.40359, 51.30247], [1.40022, 51.30343], [1.39821, 51.30384], [1.38591, 51.30553], [1.38108, 51.31022], [1.38105, 51.31024], [1.37465, 51.3125], [1.34944, 51.31247], [1.34906, 51.31242], [1.34216, 51.31367], [1.32896, 51.3116], [1.32736, 51.31247], [1.31326, 51.31007], [1.31822, 51.29646], [1.31886, 51.29588], [1.31888, 51.29453], [1.31757, 51.29082], [1.3148, 51.28832], [1.3147, 51.28791], [1.31689, 51.28504], [1.31707, 51.28401], [1.31731, 51.28362], [1.31792, 51.27882], [1.31318, 51.27335], [1.30602, 51.27441], [1.30179, 51.27216], [1.29613, 51.27253], [1.29582, 51.27277], [1.29324, 51.27306], [1.29239, 51.27295], [1.29028, 51.27287], [1.28265, 51.27004], [1.28253, 51.27008], [1.27812, 51.27062], [1.2723, 51.26769], [1.27245, 51.26653], [1.27325, 51.26262], [1.27033, 51.26143], [1.26796, 51.25862], [1.26711, 51.25846], [1.26029, 51.25515], [1.26724, 51.25301], [1.27009, 51.2527], [1.26997, 51.24601], [1.26886, 51.24521], [1.26888, 51.24029], [1.27769, 51.23575], [1.28013, 51.23365], [1.28177, 51.23342], [1.28299, 51.23375], [1.29372, 51.235], [1.2966, 51.23482], [1.29854, 51.23402], [1.30205, 51.23423], [1.30867, 51.2343], [1.30973, 51.23417], [1.31808, 51.23854], [1.31653, 51.2405], [1.32142, 51.24579], [1.32162, 51.2463]]]}, "properties": {"name": "CT13", "description": "CT13 postcode district"}}, {"type": "Feature", "geometry": {"type": "Polygon", "coordinates": [[[1.32225, 51.25657], [1.32117, 51.25494], [1.3189, 51.25393], [1.32035, 51.24931], [1.32317, 51.24848], [1.32162, 51.2463], [1.32142, 51.24579], [1.31653, 51.2405], [1.31808, 51.23854], [1.30973, 51.23417], [1.30867, 51.2343], [1.30205, 51.23423], [1.29854, 51.23402], [1.2966, 51.23482], [1.29372, 51.235], [1.28299, 51.23375], [1.28177, 51.23342], [1.28013, 51.23365], [1.26599, 51.22729], [1.26558, 51.22537], [1.26855, 51.21802], [1.27152, 51.21806], [1.27694, 51.21855], [1.28169, 51.21793], [1.28644, 51.21354], [1.28664, 51.20986], [1.29142, 51.20964], [1.29896, 51.20613], [1.30272, 51.20859], [1.31541, 51.20905], [1.31589, 51.20779], [1.32645, 51.20418], [1.32798, 51.20404], [1.33339, 51.20534], [1.34222, 51.20328], [1.3424, 51.20264], [1.34403, 51.20122], [1.34422, 51.20098], [1.34569, 51.1999], [1.35175, 51.19796], [1.3534, 51.19458], [1.34797, 51.19141], [1.35298, 51.18818], [1.3558, 51.18341], [1.36014, 51.18253], [1.36041, 51.18242], [1.36132, 51.18052], [1.35887, 51.17436], [1.36918, 51.17142], [1.37629, 51.17376], [1.37817, 51.17313], [1.38544, 51.17129], [1.38577, 51.17055], [1.38646, 51.16944], [1.38841, 51.16714], [1.41589, 51.15905], [1.41855, 51.15855], [1.42696, 51.15631], [1.42752, 51.15704], [1.42813, 51.15797], [1.42914, 51.15975], [1.42958, 51.16071], [1.43333, 51.17089], [1.43363, 51.17202], [1.43397, 51.17419], [1.43404, 51.17534], [1.43238, 51.21204], [1.43319, 51.22891], [1.43317, 51.22968], [1.43304, 51.23114], [1.43292, 51.23191], [1.43118, 51.23956], [1.43105, 51.24004], [1.43076, 51.24095], [1.43058, 51.24143], [1.42644, 51.25157], [1.42635, 51.25177], [1.42618, 51.25215], [1.42609, 51.25235], [1.42301, 51.25866], [1.39696, 51.25726], [1.37136, 51.24892], [1.36909, 51.24957], [1.36855, 51.24999], [1.37145, 51.26117], [1.3711, 51.26168], [1.36617, 51.26406], [1.36329, 51.26465], [1.36099, 51.26502], [1.35315, 51.26483], [1.35106, 51.26594], [1.34881, 51.26631], [1.34694, 51.26621], [1.34615, 51.26609], [1.34533, 51.26569], [1.34281, 51.26412], [1.33967, 51.26425], [1.33584, 51.26289], [1.33509, 51.26164], [1.33377, 51.2609], [1.33353, 51.26081], [1.33174, 51.25946], [1.32973, 51.25931], [1.32794, 51.25875], [1.32569, 51.25855], [1.32229, 51.25902], [1.32225, 51.25657]]]}, "properties": {"name": "CT14", "description": "CT14 postcode district"}}, {"type": "Feature", "geometry": {"type": "Polygon", "coordinates": [[[1.22553, 51.2306], [1.22501, 51.22988], [1.21959, 51.22692], [1.21855, 51.2267], [1.21637, 51.22634], [1.21618, 51.2258], [1.21605, 51.22567], [1.21361, 51.22223], [1.21274, 51.2221], [1.20868, 51.22185], [1.20655, 51.22097], [1.20486, 51.21977], [1.20188, 51.21684], [1.2015, 51.21591], [1.20033, 51.21451], [1.20202, 51.21343], [1.20382, 51.21207], [1.20897, 51.20918], [1.21438, 51.20644], [1.21463, 51.20515], [1.21847, 51.20015], [1.21457, 51.19798], [1.20244, 51.18915], [1.20024, 51.18791], [1.19999, 51.18742], [1.2067, 51.18366], [1.20741, 51.1781], [1.21376, 51.17537], [1.2122, 51.17009], [1.19947, 51.16776], [1.19818, 51.16717], [1.198, 51.16715], [1.19528, 51.16577], [1.19277, 51.16192], [1.18755, 51.16143], [1.18131, 51.15959], [1.17609, 51.15957], [1.17127, 51.16534], [1.168, 51.16707], [1.15715, 51.16181], [1.15758, 51.16104], [1.15848, 51.1604], [1.16216, 51.15621], [1.16262, 51.15248], [1.16248, 51.15008], [1.16115, 51.14889], [1.15726, 51.14726], [1.16027, 51.14363], [1.15963, 51.14084], [1.1559, 51.13857], [1.15638, 51.1376], [1.16179, 51.13611], [1.1655, 51.13672], [1.1767, 51.13368], [1.17897, 51.13438], [1.18942, 51.12719], [1.19564, 51.1296], [1.1987, 51.12952], [1.20129, 51.12995], [1.20796, 51.12817], [1.21129, 51.12569], [1.21093, 51.12327], [1.21955, 51.12084], [1.22012, 51.12044], [1.22764, 51.11955], [1.22828, 51.11554], [1.22836, 51.11389], [1.22793, 51.11194], [1.2313, 51.10881], [1.23545, 51.10841], [1.23677, 51.10846], [1.23736, 51.10828], [1.23914, 51.10706], [1.25612, 51.08176], [1.25961, 51.08221], [1.26106, 51.08246], [1.26105, 51.10178], [1.26386, 51.10468], [1.27176, 51.11161], [1.27788, 51.11116], [1.28241, 51.11445], [1.28076, 51.12007], [1.27928, 51.12048], [1.27769, 51.12083], [1.27431, 51.12073], [1.26808, 51.12687], [1.27154, 51.12808], [1.27244, 51.13059], [1.27225, 51.13489], [1.27123, 51.13584], [1.26692, 51.1366], [1.26657, 51.13904], [1.26254, 51.14191], [1.25668, 51.14339], [1.25655, 51.14382], [1.24669, 51.15125], [1.24645, 51.15134], [1.24606, 51.15171], [1.25278, 51.15498], [1.26179, 51.16192], [1.26555, 51.15872], [1.26665, 51.15838], [1.26673, 51.15838], [1.27466, 51.15929], [1.27513, 51.15918], [1.2801, 51.16124], [1.28121, 51.16247], [1.28141, 51.16495], [1.28115, 51.16593], [1.28043, 51.16707], [1.28049, 51.16728], [1.28068, 51.16868], [1.27947, 51.17223], [1.27951, 51.17225], [1.29666, 51.17311], [1.29718, 51.17266], [1.29963, 51.17098], [1.30665, 51.17037], [1.31016, 51.17031], [1.30778, 51.16413], [1.30557, 51.16152], [1.30809, 51.15766], [1.30955, 51.15719], [1.31017, 51.15704], [1.31022, 51.15702], [1.31161, 51.15157], [1.31017, 51.15004], [1.31123, 51.14694], [1.31178, 51.14612], [1.31278, 51.14554], [1.314, 51.14423], [1.31403, 51.1421], [1.31622, 51.14108], [1.31732, 51.13866], [1.31646, 51.13551], [1.31746, 51.1351], [1.32303, 51.13515], [1.32394, 51.13489], [1.32954, 51.13599], [1.33384, 51.13605], [1.33767, 51.13828], [1.34488, 51.12692], [1.36563, 51.11144], [1.36764, 51.11337], [1.36937, 51.11578], [1.37009, 51.11743], [1.37767, 51.11919], [1.37921, 51.11962], [1.38206, 51.12053], [1.38351, 51.12106], [1.39505, 51.12592], [1.39713, 51.12699], [1.40075, 51.12922], [1.40248, 51.13051], [1.4081, 51.13562], [1.4096, 51.13737], [1.41155, 51.14041], [1.41242, 51.14082], [1.41552, 51.14286], [1.41701, 51.14402], [1.4197, 51.14651], [1.41968, 51.14652], [1.42069, 51.1473], [1.4228, 51.14957], [1.42441, 51.15215], [1.42496, 51.15371], [1.42696, 51.15631], [1.41855, 51.15855], [1.41589, 51.15905], [1.38841, 51.16714], [1.38646, 51.16944], [1.38577, 51.17055], [1.38544, 51.17129], [1.37817, 51.17313], [1.37629, 51.17376], [1.36918, 51.17142], [1.35887, 51.17436], [1.36132, 51.18052], [1.36041, 51.18242], [1.36014, 51.18253], [1.3558, 51.18341], [1.35298, 51.18818], [1.34797, 51.19141], [1.3534, 51.19458], [1.35175, 51.19796], [1.34569, 51.1999], [1.34422, 51.20098], [1.34403, 51.20122], [1.3424, 51.20264], [1.34222, 51.20328], [1.33339, 51.20534], [1.32798, 51.20404], [1.32645, 51.20418], [1.31589, 51.20779], [1.31541, 51.20905], [1.30272, 51.20859], [1.29896, 51.20613], [1.29142, 51.20964], [1.28664, 51.20986], [1.28644, 51.21354], [1.28169, 51.21793], [1.27694, 51.21855], [1.27152, 51.21806], [1.26855, 51.21802], [1.26558, 51.22537], [1.26599, 51.22729], [1.25825, 51.23087], [1.25695, 51.23247], [1.25217, 51.23298], [1.2464, 51.23306], [1.24267, 51.23021], [1.24202, 51.23023], [1.23496, 51.23117], [1.23385, 51.23906], [1.23294, 51.23902], [1.22082, 51.23548], [1.22082, 51.23542], [1.22107, 51.23498], [1.22553, 51.2306]]]}, "properties": {"name": "CT15", "description": "CT15 postcode district"}}, {"type": "Feature", "geometry": {"type": "Polygon", "coordinates": [[[1.31462, 51.12285], [1.31883, 51.12041], [1.32288, 51.1193], [1.3248, 51.11813], [1.32656, 51.11727], [1.32834, 51.11612], [1.32959, 51.11508], [1.35133, 51.1022], [1.35277, 51.10376], [1.35395, 51.10567], [1.35536, 51.10601], [1.35898, 51.10734], [1.36241, 51.10909], [1.36523, 51.11105], [1.36563, 51.11144], [1.34488, 51.12692], [1.33767, 51.13828], [1.33384, 51.13605], [1.32954, 51.13599], [1.32394, 51.13489], [1.32303, 51.13515], [1.31746, 51.1351], [1.31646, 51.13551], [1.31732, 51.13866], [1.31622, 51.14108], [1.31403, 51.1421], [1.314, 51.14423], [1.31278, 51.14554], [1.31178, 51.14612], [1.31123, 51.14694], [1.31017, 51.15004], [1.31161, 51.15157], [1.31022, 51.15702], [1.31017, 51.15704], [1.30955, 51.15719], [1.30809, 51.15766], [1.30557, 51.16152], [1.30778, 51.16413], [1.31016, 51.17031], [1.30665, 51.17037], [1.29963, 51.17098], [1.29718, 51.17266], [1.29666, 51.17311], [1.27951, 51.17225], [1.27947, 51.17223], [1.28068, 51.16868], [1.28049, 51.16728], [1.28043, 51.16707], [1.28115, 51.16593], [1.28141, 51.16495], [1.28121, 51.16247], [1.2801, 51.16124], [1.27513, 51.15918], [1.27466, 51.15929], [1.26673, 51.15838], [1.26665, 51.15838], [1.26555, 51.15872], [1.26179, 51.16192], [1.25278, 51.15498], [1.24606, 51.15171], [1.24645, 51.15134], [1.24669, 51.15125], [1.25655, 51.14382], [1.25668, 51.14339], [1.26254, 51.14191], [1.26728, 51.14401], [1.26788, 51.14453], [1.26824, 51.14572], [1.26867, 51.14613], [1.26889, 51.14645], [1.26938, 51.14657], [1.26979, 51.1466], [1.27163, 51.14744], [1.2717, 51.14766], [1.27239, 51.14867], [1.27067, 51.14926], [1.27064, 51.14999], [1.27295, 51.14947], [1.27306, 51.14885], [1.27351, 51.14874], [1.27393, 51.14851], [1.27402, 51.14841], [1.27392, 51.14774], [1.27421, 51.14762], [1.27502, 51.14708], [1.2753, 51.14669], [1.27638, 51.14669], [1.27663, 51.1466], [1.2785, 51.14701], [1.28005, 51.14673], [1.2808, 51.14684], [1.28198, 51.14672], [1.28388, 51.14698], [1.28559, 51.14594], [1.28494, 51.14477], [1.28622, 51.14321], [1.28559, 51.14216], [1.28606, 51.14176], [1.28734, 51.14209], [1.28868, 51.14128], [1.2888, 51.14132], [1.28888, 51.14133], [1.28951, 51.14144], [1.29017, 51.14131], [1.29102, 51.1416], [1.29144, 51.14153], [1.29166, 51.14133], [1.29125, 51.14076], [1.29175, 51.1405], [1.29177, 51.14046], [1.29223, 51.14029], [1.29231, 51.13987], [1.29264, 51.13992], [1.29324, 51.13952], [1.29322, 51.13886], [1.29307, 51.13868], [1.294, 51.1386], [1.29464, 51.13869], [1.29532, 51.13838], [1.29554, 51.13843], [1.2961, 51.138], [1.2954, 51.13737], [1.2955, 51.13724], [1.29564, 51.13722], [1.29647, 51.13681], [1.29734, 51.13679], [1.29762, 51.13609], [1.29836, 51.13601], [1.29841, 51.13602], [1.29929, 51.13563], [1.29908, 51.1353], [1.29974, 51.13493], [1.3002, 51.13527], [1.30022, 51.13526], [1.30098, 51.13479], [1.30035, 51.13447], [1.30048, 51.13399], [1.30053, 51.13396], [1.30159, 51.13416], [1.30163, 51.13421], [1.30165, 51.13421], [1.303, 51.13421], [1.30299, 51.13371], [1.30299, 51.13371], [1.30285, 51.13367], [1.30236, 51.13333], [1.30235, 51.13321], [1.30296, 51.13292], [1.30298, 51.1324], [1.30302, 51.13238], [1.30307, 51.13234], [1.30378, 51.13225], [1.30426, 51.13177], [1.30416, 51.13156], [1.30417, 51.13149], [1.30457, 51.13144], [1.30474, 51.13132], [1.30469, 51.13094], [1.30494, 51.13078], [1.30498, 51.13078], [1.30499, 51.13026], [1.30529, 51.13009], [1.30524, 51.12978], [1.30503, 51.1296], [1.30532, 51.12898], [1.30559, 51.12873], [1.30559, 51.12868], [1.30705, 51.12857], [1.30736, 51.12799], [1.30755, 51.12798], [1.30765, 51.12796], [1.30795, 51.12766], [1.30857, 51.12761], [1.30884, 51.12771], [1.30889, 51.12771], [1.30926, 51.12759], [1.30922, 51.1273], [1.30967, 51.12715], [1.30961, 51.12663], [1.30996, 51.1267], [1.31098, 51.12682], [1.31112, 51.1268], [1.31153, 51.12666], [1.31154, 51.12665], [1.31155, 51.12664], [1.31123, 51.12644], [1.31098, 51.12638], [1.31099, 51.12628], [1.31151, 51.12602], [1.31155, 51.12604], [1.31183, 51.12606], [1.31191, 51.1261], [1.31243, 51.12589], [1.31217, 51.12569], [1.31215, 51.12562], [1.31192, 51.12523], [1.31193, 51.12522], [1.31158, 51.12467], [1.31158, 51.12466], [1.31287, 51.1243], [1.31283, 51.12389], [1.31287, 51.12385], [1.31288, 51.12383], [1.31339, 51.12354], [1.31339, 51.12295], [1.31351, 51.12293], [1.31419, 51.12274], [1.31462, 51.12285]]]}, "properties": {"name": "CT16", "description": "CT16 postcode district"}}, {"type": "Feature", "geometry": {"type": "Polygon", "coordinates": [[[1.27123, 51.13584], [1.27225, 51.13489], [1.27244, 51.13059], [1.27154, 51.12808], [1.26808, 51.12687], [1.27431, 51.12073], [1.27769, 51.12083], [1.27928, 51.12048], [1.28076, 51.12007], [1.28241, 51.11445], [1.27788, 51.11116], [1.27176, 51.11161], [1.26386, 51.10468], [1.26105, 51.10178], [1.26106, 51.08246], [1.26155, 51.08255], [1.26409, 51.08312], [1.26452, 51.08317], [1.26818, 51.08398], [1.26898, 51.08425], [1.2711, 51.08433], [1.27455, 51.08475], [1.27772, 51.08539], [1.27936, 51.08579], [1.29331, 51.08986], [1.2951, 51.09048], [1.29638, 51.091], [1.29892, 51.09128], [1.30085, 51.09159], [1.30443, 51.09231], [1.30799, 51.0934], [1.31112, 51.09472], [1.31131, 51.09482], [1.31434, 51.09431], [1.31755, 51.09402], [1.32694, 51.09384], [1.32913, 51.09391], [1.33325, 51.09423], [1.33745, 51.09498], [1.34122, 51.09607], [1.34487, 51.09759], [1.34794, 51.09935], [1.35069, 51.1015], [1.35133, 51.1022], [1.32959, 51.11508], [1.32834, 51.11612], [1.32656, 51.11727], [1.3248, 51.11813], [1.32288, 51.1193], [1.31883, 51.12041], [1.31462, 51.12285], [1.31419, 51.12274], [1.31351, 51.12293], [1.31339, 51.12295], [1.31339, 51.12354], [1.31288, 51.12383], [1.31287, 51.12385], [1.31283, 51.12389], [1.31287, 51.1243], [1.31158, 51.12466], [1.31158, 51.12467], [1.31193, 51.12522], [1.31192, 51.12523], [1.31215, 51.12562], [1.31217, 51.12569], [1.31243, 51.12589], [1.31191, 51.1261], [1.31183, 51.12606], [1.31155, 51.12604], [1.31151, 51.12602], [1.31099, 51.12628], [1.31098, 51.12638], [1.31123, 51.12644], [1.31155, 51.12664], [1.31154, 51.12665], [1.31153, 51.12666], [1.31112, 51.1268], [1.31098, 51.12682], [1.30996, 51.1267], [1.30961, 51.12663], [1.30967, 51.12715], [1.30922, 51.1273], [1.30926, 51.12759], [1.30889, 51.12771], [1.30884, 51.12771], [1.30857, 51.12761], [1.30795, 51.12766], [1.30765, 51.12796], [1.30755, 51.12798], [1.30736, 51.12799], [1.30705, 51.12857], [1.30559, 51.12868], [1.30559, 51.12873], [1.30532, 51.12898], [1.30503, 51.1296], [1.30524, 51.12978], [1.30529, 51.13009], [1.30499, 51.13026], [1.30498, 51.13078], [1.30494, 51.13078], [1.30469, 51.13094], [1.30474, 51.13132], [1.30457, 51.13144], [1.30417, 51.13149], [1.30416, 51.13156], [1.30426, 51.13177], [1.30378, 51.13225], [1.30307, 51.13234], [1.30302, 51.13238], [1.30298, 51.1324], [1.30296, 51.13292], [1.30235, 51.13321], [1.30236, 51.13333], [1.30285, 51.13367], [1.30299, 51.13371], [1.30299, 51.13371], [1.303, 51.13421], [1.30165, 51.13421], [1.30163, 51.13421], [1.30159, 51.13416], [1.30053, 51.13396], [1.30048, 51.13399], [1.30035, 51.13447], [1.30098, 51.13479], [1.30022, 51.13526], [1.3002, 51.13527], [1.29974, 51.13493], [1.29908, 51.1353], [1.29929, 51.13563], [1.29841, 51.13602], [1.29836, 51.13601], [1.29762, 51.13609], [1.29734, 51.13679], [1.29647, 51.13681], [1.29564, 51.13722], [1.2955, 51.13724], [1.2954, 51.13737], [1.2961, 51.138], [1.29554, 51.13843], [1.29532, 51.13838], [1.29464, 51.13869], [1.294, 51.1386], [1.29307, 51.13868], [1.29322, 51.13886], [1.29324, 51.13952], [1.29264, 51.13992], [1.29231, 51.13987], [1.29223, 51.14029], [1.29177, 51.14046], [1.29175, 51.1405], [1.29125, 51.14076], [1.29166, 51.14133], [1.29144, 51.14153], [1.29102, 51.1416], [1.29017, 51.14131], [1.28951, 51.14144], [1.28888, 51.14133], [1.2888, 51.14132], [1.28868, 51.14128], [1.28734, 51.14209], [1.28606, 51.14176], [1.28559, 51.14216], [1.28622, 51.14321], [1.28494, 51.14477], [1.28559, 51.14594], [1.28388, 51.14698], [1.28198, 51.14672], [1.2808, 51.14684], [1.28005, 51.14673], [1.2785, 51.14701], [1.27663, 51.1466], [1.27638, 51.14669], [1.2753, 51.14669], [1.27502, 51.14708], [1.27421, 51.14762], [1.27392, 51.14774], [1.27402, 51.14841], [1.27393, 51.14851], [1.27351, 51.14874], [1.27306, 51.14885], [1.27295, 51.14947], [1.27064, 51.14999], [1.27067, 51.14926], [1.27239, 51.14867], [1.2717, 51.14766], [1.27163, 51.14744], [1.26979, 51.1466], [1.26938, 51.14657], [1.26889, 51.14645], [1.26867, 51.14613], [1.26824, 51.14572], [1.26788, 51.14453], [1.26728, 51.14401], [1.26254, 51.14191], [1.26657, 51.13904], [1.26692, 51.1366], [1.27123, 51.13584]]]}, "properties": {"name": "CT17", "description": "CT17 postcode district"}}, {"type": "Feature", "geometry": {"type": "Polygon", "coordinates": [[[1.20214, 51.09643], [1.2056, 51.09673], [1.20627, 51.09719], [1.21655, 51.09508], [1.21936, 51.09389], [1.22079, 51.09316], [1.22087, 51.09312], [1.22486, 51.09071], [1.23296, 51.08303], [1.23412, 51.08147], [1.23418, 51.08187], [1.23425, 51.08189], [1.23628, 51.08212], [1.23774, 51.08192], [1.24038, 51.08169], [1.24275, 51.08161], [1.24374, 51.08163], [1.24776, 51.0813], [1.25223, 51.08139], [1.25457, 51.08157], [1.25612, 51.08176], [1.23914, 51.10706], [1.23736, 51.10828], [1.23677, 51.10846], [1.23545, 51.10841], [1.2313, 51.10881], [1.22793, 51.11194], [1.22836, 51.11389], [1.22828, 51.11554], [1.22764, 51.11955], [1.22012, 51.12044], [1.21955, 51.12084], [1.21093, 51.12327], [1.21129, 51.12569], [1.20796, 51.12817], [1.20129, 51.12995], [1.1987, 51.12952], [1.19564, 51.1296], [1.18942, 51.12719], [1.17897, 51.13438], [1.1767, 51.13368], [1.1655, 51.13672], [1.16179, 51.13611], [1.15638, 51.1376], [1.1559, 51.13857], [1.15963, 51.14084], [1.16027, 51.14363], [1.15726, 51.14726], [1.16115, 51.14889], [1.16248, 51.15008], [1.16262, 51.15248], [1.16216, 51.15621], [1.15848, 51.1604], [1.15758, 51.16104], [1.15715, 51.16181], [1.1513, 51.16348], [1.14001, 51.15298], [1.14164, 51.15037], [1.13886, 51.14725], [1.13321, 51.1452], [1.13013, 51.14479], [1.12837, 51.14518], [1.12489, 51.1465], [1.11943, 51.14373], [1.10975, 51.14257], [1.10765, 51.14095], [1.10858, 51.13807], [1.10686, 51.13439], [1.10214, 51.13215], [1.09976, 51.13305], [1.09708, 51.13713], [1.09436, 51.1383], [1.08818, 51.14049], [1.08714, 51.14], [1.08391, 51.13998], [1.07392, 51.13617], [1.07195, 51.13669], [1.0678, 51.13894], [1.06738, 51.13899], [1.06354, 51.14081], [1.05702, 51.14806], [1.05173, 51.14744], [1.04945, 51.14746], [1.04418, 51.1462], [1.0424, 51.14497], [1.04326, 51.13812], [1.04307, 51.1379], [1.04426, 51.13202], [1.04527, 51.13115], [1.04548, 51.12746], [1.04858, 51.12606], [1.04911, 51.11944], [1.05142, 51.11555], [1.05591, 51.11698], [1.06789, 51.11616], [1.07, 51.11652], [1.07203, 51.11814], [1.07331, 51.11769], [1.08404, 51.113], [1.08293, 51.11166], [1.07883, 51.10453], [1.08006, 51.10354], [1.08397, 51.10258], [1.08807, 51.09828], [1.08844, 51.09807], [1.09052, 51.08684], [1.09137, 51.08648], [1.09156, 51.08626], [1.09403, 51.08575], [1.10029, 51.08133], [1.10103, 51.07887], [1.10117, 51.0787], [1.1019, 51.07838], [1.10849, 51.07882], [1.11029, 51.08255], [1.11187, 51.08422], [1.11184, 51.08494], [1.11113, 51.0861], [1.11189, 51.08903], [1.11203, 51.08907], [1.11654, 51.08927], [1.12453, 51.09234], [1.12496, 51.08978], [1.1268, 51.08945], [1.12784, 51.09094], [1.12671, 51.0935], [1.12901, 51.09486], [1.1296, 51.09546], [1.12962, 51.09549], [1.13284, 51.09596], [1.1346, 51.09651], [1.14095, 51.09934], [1.14326, 51.09878], [1.14408, 51.09873], [1.14703, 51.09941], [1.15119, 51.10231], [1.15759, 51.09918], [1.16061, 51.09847], [1.1612, 51.09877], [1.16504, 51.09837], [1.16556, 51.09843], [1.17063, 51.09986], [1.17079, 51.09982], [1.17198, 51.09958], [1.17535, 51.10027], [1.17855, 51.09825], [1.18273, 51.09846], [1.18774, 51.10061], [1.19171, 51.10282], [1.19176, 51.10175], [1.19256, 51.09802], [1.19486, 51.09549], [1.19836, 51.09499], [1.19972, 51.09443], [1.20214, 51.09643]]]}, "properties": {"name": "CT18", "description": "CT18 postcode district"}}, {"type": "Feature", "geometry": {"type": "Polygon", "coordinates": [[[1.1389, 51.08719], [1.13968, 51.0869], [1.1398, 51.08677], [1.14064, 51.08659], [1.14099, 51.08671], [1.14145, 51.08665], [1.14194, 51.0863], [1.14247, 51.08611], [1.14273, 51.08617], [1.14379, 51.0859], [1.14396, 51.08591], [1.14398, 51.08592], [1.14518, 51.08606], [1.14586, 51.08565], [1.14613, 51.0856], [1.14614, 51.0856], [1.14729, 51.08559], [1.14747, 51.0855], [1.14838, 51.08543], [1.14895, 51.08504], [1.14968, 51.08525], [1.1506, 51.0852], [1.15108, 51.08503], [1.15117, 51.08501], [1.15161, 51.08473], [1.15262, 51.0848], [1.15275, 51.08475], [1.15469, 51.08512], [1.15506, 51.0843], [1.15532, 51.08414], [1.15647, 51.08434], [1.1577, 51.08499], [1.15781, 51.08499], [1.15918, 51.0845], [1.15922, 51.08446], [1.16031, 51.0841], [1.16112, 51.08417], [1.1624, 51.08377], [1.16301, 51.08289], [1.16351, 51.0826], [1.16422, 51.0826], [1.16449, 51.08278], [1.16637, 51.08297], [1.16709, 51.08261], [1.16749, 51.08271], [1.16859, 51.08231], [1.16926, 51.08278], [1.16997, 51.08291], [1.17042, 51.0823], [1.17058, 51.0823], [1.17179, 51.08281], [1.17179, 51.08281], [1.17283, 51.08285], [1.17283, 51.08285], [1.17392, 51.08275], [1.17422, 51.0826], [1.17426, 51.0826], [1.17508, 51.08271], [1.17536, 51.08291], [1.17552, 51.08295], [1.1764, 51.08299], [1.17757, 51.08379], [1.17795, 51.08366], [1.17796, 51.08366], [1.17893, 51.08381], [1.17963, 51.08401], [1.17982, 51.08424], [1.18053, 51.08445], [1.1806, 51.0845], [1.18212, 51.08462], [1.18269, 51.08506], [1.18283, 51.08505], [1.1832, 51.08507], [1.18405, 51.08523], [1.18427, 51.08534], [1.18454, 51.08573], [1.1846, 51.08576], [1.18508, 51.08618], [1.18544, 51.08629], [1.18578, 51.08657], [1.18583, 51.08659], [1.18651, 51.08661], [1.18742, 51.08684], [1.18755, 51.08679], [1.18826, 51.08667], [1.18971, 51.08704], [1.18988, 51.08637], [1.18984, 51.08628], [1.18979, 51.08572], [1.18924, 51.0855], [1.18896, 51.08518], [1.18906, 51.08494], [1.18875, 51.08476], [1.18874, 51.08474], [1.18876, 51.08414], [1.18834, 51.08405], [1.18805, 51.08363], [1.18812, 51.08349], [1.18776, 51.08329], [1.18758, 51.08307], [1.18765, 51.08285], [1.18755, 51.08277], [1.18727, 51.0827], [1.18705, 51.08246], [1.18703, 51.08233], [1.18679, 51.08224], [1.18668, 51.08191], [1.18659, 51.08185], [1.18655, 51.08185], [1.1863, 51.08159], [1.18641, 51.08132], [1.18615, 51.08109], [1.18618, 51.08081], [1.18595, 51.08065], [1.1863, 51.08039], [1.18653, 51.07954], [1.18688, 51.07929], [1.18832, 51.07942], [1.18839, 51.07942], [1.18964, 51.07913], [1.1906, 51.0791], [1.19714, 51.07821], [1.19772, 51.07799], [1.22026, 51.06756], [1.2212, 51.0679], [1.22493, 51.06985], [1.22793, 51.07206], [1.22935, 51.0733], [1.23054, 51.07456], [1.23148, 51.07576], [1.233, 51.0781], [1.23401, 51.08068], [1.23412, 51.08147], [1.23296, 51.08303], [1.22486, 51.09071], [1.22087, 51.09312], [1.22079, 51.09316], [1.21936, 51.09389], [1.21655, 51.09508], [1.20627, 51.09719], [1.2056, 51.09673], [1.20214, 51.09643], [1.19972, 51.09443], [1.19836, 51.09499], [1.19486, 51.09549], [1.19256, 51.09802], [1.19176, 51.10175], [1.19171, 51.10282], [1.18774, 51.10061], [1.18273, 51.09846], [1.17855, 51.09825], [1.17535, 51.10027], [1.17198, 51.09958], [1.17079, 51.09982], [1.17063, 51.09986], [1.16556, 51.09843], [1.16504, 51.09837], [1.1612, 51.09877], [1.16061, 51.09847], [1.15759, 51.09918], [1.15119, 51.10231], [1.14703, 51.09941], [1.14408, 51.09873], [1.14326, 51.09878], [1.14095, 51.09934], [1.1346, 51.09651], [1.13284, 51.09596], [1.12962, 51.09549], [1.1296, 51.09546], [1.12901, 51.09486], [1.12671, 51.0935], [1.12784, 51.09094], [1.1268, 51.08945], [1.12496, 51.08978], [1.12453, 51.09234], [1.11654, 51.08927], [1.12446, 51.08838], [1.12908, 51.08804], [1.13002, 51.08789], [1.13032, 51.08774], [1.13137, 51.08791], [1.13215, 51.08765], [1.13305, 51.0878], [1.13346, 51.08767], [1.1338, 51.08773], [1.13441, 51.08764], [1.13515, 51.08736], [1.1352, 51.08731], [1.136, 51.08736], [1.13657, 51.08729], [1.13679, 51.08704], [1.13783, 51.08687], [1.13796, 51.08681], [1.1389, 51.08719]]]}, "properties": {"name": "CT19", "description": "CT19 postcode district"}}, {"type": "Feature", "geometry": {"type": "Polygon", "coordinates": [[[1.18826, 51.08667], [1.18755, 51.08679], [1.18742, 51.08684], [1.18651, 51.08661], [1.18583, 51.08659], [1.18578, 51.08657], [1.18544, 51.08629], [1.18508, 51.08618], [1.1846, 51.08576], [1.18454, 51.08573], [1.18427, 51.08534], [1.18405, 51.08523], [1.1832, 51.08507], [1.18283, 51.08505], [1.18269, 51.08506], [1.18212, 51.08462], [1.1806, 51.0845], [1.18053, 51.08445], [1.17982, 51.08424], [1.17963, 51.08401], [1.17893, 51.08381], [1.17796, 51.08366], [1.17795, 51.08366], [1.17757, 51.08379], [1.1764, 51.08299], [1.17552, 51.08295], [1.17536, 51.08291], [1.17508, 51.08271], [1.17426, 51.0826], [1.17422, 51.0826], [1.17392, 51.08275], [1.17283, 51.08285], [1.17283, 51.08285], [1.17179, 51.08281], [1.17179, 51.08281], [1.17058, 51.0823], [1.17042, 51.0823], [1.16997, 51.08291], [1.16926, 51.08278], [1.16859, 51.08231], [1.16749, 51.08271], [1.16709, 51.08261], [1.16637, 51.08297], [1.16449, 51.08278], [1.16422, 51.0826], [1.16351, 51.0826], [1.16301, 51.08289], [1.1624, 51.08377], [1.16112, 51.08417], [1.16031, 51.0841], [1.15922, 51.08446], [1.15918, 51.0845], [1.15781, 51.08499], [1.1577, 51.08499], [1.15647, 51.08434], [1.15532, 51.08414], [1.15506, 51.0843], [1.15469, 51.08512], [1.15275, 51.08475], [1.15262, 51.0848], [1.15161, 51.08473], [1.15117, 51.08501], [1.15108, 51.08503], [1.1506, 51.0852], [1.14968, 51.08525], [1.14895, 51.08504], [1.14838, 51.08543], [1.14747, 51.0855], [1.14729, 51.08559], [1.14614, 51.0856], [1.14613, 51.0856], [1.14586, 51.08565], [1.14518, 51.08606], [1.14398, 51.08592], [1.14396, 51.08591], [1.14379, 51.0859], [1.14273, 51.08617], [1.14247, 51.08611], [1.14194, 51.0863], [1.14145, 51.08665], [1.14099, 51.08671], [1.14064, 51.08659], [1.1398, 51.08677], [1.13968, 51.0869], [1.1389, 51.08719], [1.13796, 51.08681], [1.13783, 51.08687], [1.13679, 51.08704], [1.13657, 51.08729], [1.136, 51.08736], [1.1352, 51.08731], [1.13515, 51.08736], [1.13441, 51.08764], [1.1338, 51.08773], [1.13346, 51.08767], [1.13305, 51.0878], [1.13215, 51.08765], [1.13137, 51.08791], [1.13032, 51.08774], [1.13002, 51.08789], [1.12908, 51.08804], [1.12446, 51.08838], [1.11654, 51.08927], [1.11203, 51.08907], [1.11189, 51.08903], [1.11113, 51.0861], [1.11184, 51.08494], [1.11187, 51.08422], [1.11468, 51.08255], [1.11821, 51.08082], [1.1221, 51.08243], [1.1234, 51.08336], [1.12524, 51.08251], [1.12814, 51.08214], [1.12606, 51.07959], [1.12625, 51.079], [1.12589, 51.07826], [1.125, 51.07685], [1.1252, 51.07598], [1.12429, 51.07535], [1.12476, 51.0744], [1.12654, 51.073], [1.12712, 51.07285], [1.12772, 51.07255], [1.12861, 51.07235], [1.13065, 51.06402], [1.13172, 51.05388], [1.14666, 51.05522], [1.15574, 51.05533], [1.15858, 51.05501], [1.16058, 51.05488], [1.16163, 51.05486], [1.1645, 51.05441], [1.16917, 51.05418], [1.17361, 51.05442], [1.17815, 51.05515], [1.18222, 51.05629], [1.18614, 51.05791], [1.18777, 51.05886], [1.18943, 51.05868], [1.19227, 51.05851], [1.19463, 51.05849], [1.19908, 51.05868], [1.20364, 51.05937], [1.20775, 51.06047], [1.21171, 51.06206], [1.21504, 51.06394], [1.21797, 51.06625], [1.21859, 51.06696], [1.22026, 51.06756], [1.19772, 51.07799], [1.19714, 51.07821], [1.1906, 51.0791], [1.18964, 51.07913], [1.18839, 51.07942], [1.18832, 51.07942], [1.18688, 51.07929], [1.18653, 51.07954], [1.1863, 51.08039], [1.18595, 51.08065], [1.18618, 51.08081], [1.18615, 51.08109], [1.18641, 51.08132], [1.1863, 51.08159], [1.18655, 51.08185], [1.18659, 51.08185], [1.18668, 51.08191], [1.18679, 51.08224], [1.18703, 51.08233], [1.18705, 51.08246], [1.18727, 51.0827], [1.18755, 51.08277], [1.18765, 51.08285], [1.18758, 51.08307], [1.18776, 51.08329], [1.18812, 51.08349], [1.18805, 51.08363], [1.18834, 51.08405], [1.18876, 51.08414], [1.18874, 51.08474], [1.18875, 51.08476], [1.18906, 51.08494], [1.18896, 51.08518], [1.18924, 51.0855], [1.18979, 51.08572], [1.18984, 51.08628], [1.18988, 51.08637], [1.18971, 51.08704], [1.18826, 51.08667]]]}, "properties": {"name": "CT20", "description": "CT20 postcode district"}}, {"type": "Feature", "geometry": {"type": "Polygon", "coordinates": [[[1.05181, 51.11059], [1.05209, 51.10631], [1.05527, 51.10278], [1.05558, 51.10211], [1.05368, 51.10019], [1.0495, 51.09858], [1.04449, 51.09849], [1.0421, 51.09716], [1.04114, 51.09425], [1.03895, 51.09309], [1.03833, 51.0932], [1.03476, 51.09714], [1.03217, 51.09806], [1.03192, 51.09836], [1.02845, 51.10072], [1.01932, 51.09806], [1.01915, 51.09764], [1.01903, 51.0948], [1.02044, 51.09231], [1.01968, 51.09063], [1.02298, 51.08457], [1.02127, 51.0833], [1.01898, 51.08203], [1.00766, 51.0838], [1.00545, 51.08367], [0.99666, 51.0867], [0.99564, 51.08643], [0.98802, 51.08734], [0.98371, 51.08797], [0.9819, 51.0883], [0.9802, 51.08772], [0.97465, 51.08438], [0.97286, 51.07768], [0.98013, 51.07342], [0.98131, 51.07188], [0.96852, 51.06176], [0.96982, 51.05875], [0.97425, 51.05699], [0.98808, 51.05648], [0.98982, 51.05699], [0.99146, 51.0576], [0.99694, 51.05754], [0.99867, 51.05712], [1.00271, 51.05703], [1.01362, 51.05833], [1.01886, 51.05469], [1.02059, 51.05337], [1.02175, 51.05354], [1.02775, 51.0547], [1.03165, 51.05203], [1.03246, 51.05072], [1.03475, 51.04875], [1.03508, 51.0486], [1.06441, 51.03944], [1.07493, 51.04364], [1.08493, 51.04656], [1.10435, 51.05066], [1.12189, 51.05301], [1.13172, 51.05388], [1.13065, 51.06402], [1.12861, 51.07235], [1.12772, 51.07255], [1.12712, 51.07285], [1.12654, 51.073], [1.12476, 51.0744], [1.12429, 51.07535], [1.1252, 51.07598], [1.125, 51.07685], [1.12589, 51.07826], [1.12625, 51.079], [1.12606, 51.07959], [1.12814, 51.08214], [1.12524, 51.08251], [1.1234, 51.08336], [1.1221, 51.08243], [1.11821, 51.08082], [1.11468, 51.08255], [1.11187, 51.08422], [1.11029, 51.08255], [1.10849, 51.07882], [1.1019, 51.07838], [1.10117, 51.0787], [1.10103, 51.07887], [1.10029, 51.08133], [1.09403, 51.08575], [1.09156, 51.08626], [1.09137, 51.08648], [1.09052, 51.08684], [1.08844, 51.09807], [1.08807, 51.09828], [1.08397, 51.10258], [1.08006, 51.10354], [1.07883, 51.10453], [1.08293, 51.11166], [1.08404, 51.113], [1.07331, 51.11769], [1.07203, 51.11814], [1.07, 51.11652], [1.06789, 51.11616], [1.05591, 51.11698], [1.05142, 51.11555], [1.04994, 51.11391], [1.05181, 51.11059]]]}, "properties": {"name": "CT21", "description": "CT21 postcode district"}}, {"type": "Feature", "geometry": {"type": "Polygon", "coordinates": [[[0.48359, 51.38016], [0.48319, 51.38009], [0.47741, 51.37691], [0.47736, 51.3769], [0.475, 51.37661], [0.47462, 51.37666], [0.47153, 51.37507], [0.46873, 51.37542], [0.4657, 51.3755], [0.46393, 51.37469], [0.46383, 51.37388], [0.46487, 51.37034], [0.46017, 51.36894], [0.45862, 51.36785], [0.45833, 51.36726], [0.45612, 51.36603], [0.45462, 51.3647], [0.45256, 51.36081], [0.45458, 51.35842], [0.45449, 51.35833], [0.45176, 51.35374], [0.45259, 51.35249], [0.45289, 51.35148], [0.45255, 51.34989], [0.45257, 51.34789], [0.45318, 51.34751], [0.45383, 51.34665], [0.45433, 51.34539], [0.45464, 51.34497], [0.45256, 51.34064], [0.45169, 51.34028], [0.45165, 51.34022], [0.45157, 51.33924], [0.45269, 51.33572], [0.45577, 51.33366], [0.45678, 51.33308], [0.45678, 51.33301], [0.45659, 51.33228], [0.45658, 51.33142], [0.4572, 51.32815], [0.45738, 51.32783], [0.4546, 51.3243], [0.45481, 51.32268], [0.4555, 51.32119], [0.46362, 51.31897], [0.46616, 51.31838], [0.46666, 51.31887], [0.47077, 51.32332], [0.47127, 51.32405], [0.47215, 51.32554], [0.47475, 51.3251], [0.47521, 51.32505], [0.48142, 51.32398], [0.48293, 51.32268], [0.48313, 51.32258], [0.48638, 51.32155], [0.49292, 51.32594], [0.49347, 51.32612], [0.4944, 51.32818], [0.4938, 51.32879], [0.49066, 51.32998], [0.49059, 51.33002], [0.48668, 51.3331], [0.48584, 51.33409], [0.48554, 51.33527], [0.4855, 51.33635], [0.48086, 51.33758], [0.47701, 51.34028], [0.4755, 51.34573], [0.48661, 51.35006], [0.4872, 51.34976], [0.48769, 51.34942], [0.49199, 51.34592], [0.49966, 51.34647], [0.50286, 51.34738], [0.50384, 51.34832], [0.50452, 51.35001], [0.50407, 51.35105], [0.50441, 51.35319], [0.50418, 51.3536], [0.50419, 51.3537], [0.50434, 51.3542], [0.50727, 51.35585], [0.50974, 51.35594], [0.51041, 51.35605], [0.51129, 51.35655], [0.51128, 51.35677], [0.51356, 51.35961], [0.51342, 51.35999], [0.51551, 51.36063], [0.51535, 51.3612], [0.51597, 51.36183], [0.51713, 51.3619], [0.51819, 51.36227], [0.51822, 51.36234], [0.51641, 51.36332], [0.51662, 51.36357], [0.51753, 51.36408], [0.51663, 51.36485], [0.51752, 51.36504], [0.51755, 51.36566], [0.51726, 51.36569], [0.51713, 51.36666], [0.51689, 51.36661], [0.51585, 51.36703], [0.51574, 51.36747], [0.51504, 51.36767], [0.51501, 51.36775], [0.51554, 51.36862], [0.51615, 51.36874], [0.51632, 51.36893], [0.51591, 51.36982], [0.51478, 51.36997], [0.5149, 51.37031], [0.516, 51.37076], [0.51576, 51.37111], [0.51459, 51.37126], [0.51416, 51.37153], [0.51419, 51.37158], [0.51389, 51.3724], [0.51476, 51.3732], [0.51387, 51.37355], [0.51258, 51.37277], [0.5116, 51.37294], [0.51203, 51.37377], [0.511, 51.37488], [0.51106, 51.37491], [0.51126, 51.3764], [0.51153, 51.37655], [0.51182, 51.3772], [0.51178, 51.37751], [0.51299, 51.37882], [0.51275, 51.37896], [0.51147, 51.3809], [0.51166, 51.38121], [0.5117, 51.38122], [0.51544, 51.38084], [0.51593, 51.38152], [0.51704, 51.38154], [0.5171, 51.38259], [0.51716, 51.38261], [0.51707, 51.38304], [0.51683, 51.38311], [0.51657, 51.38338], [0.51666, 51.3839], [0.51742, 51.38493], [0.51725, 51.38596], [0.51632, 51.38627], [0.51578, 51.38649], [0.51404, 51.38741], [0.51369, 51.38742], [0.51347, 51.38747], [0.5121, 51.3882], [0.51054, 51.38951], [0.51029, 51.38987], [0.51048, 51.3908], [0.51033, 51.39139], [0.5102, 51.39223], [0.50967, 51.3931], [0.50878, 51.39348], [0.50807, 51.39432], [0.5074, 51.39481], [0.50535, 51.39546], [0.50458, 51.39556], [0.50191, 51.39337], [0.50179, 51.39321], [0.50172, 51.3932], [0.49965, 51.39369], [0.49638, 51.39294], [0.49577, 51.39215], [0.4957, 51.39116], [0.49624, 51.39064], [0.4955, 51.38866], [0.49394, 51.38777], [0.49293, 51.38729], [0.49211, 51.38657], [0.49214, 51.38616], [0.49197, 51.38525], [0.49196, 51.38524], [0.49136, 51.38447], [0.49058, 51.38373], [0.48949, 51.38311], [0.48846, 51.38266], [0.4884, 51.38264], [0.48726, 51.3824], [0.48634, 51.38205], [0.48549, 51.38139], [0.4838, 51.38037], [0.48359, 51.38016]]]}, "properties": {"name": "ME1", "description": "ME1 postcode district"}}, {"type": "Feature", "geometry": {"type": "Polygon", "coordinates": [[[0.43004, 51.34179], [0.43575, 51.34348], [0.43841, 51.34201], [0.44802, 51.34236], [0.44956, 51.34161], [0.45169, 51.34028], [0.45256, 51.34064], [0.45464, 51.34497], [0.45433, 51.34539], [0.45383, 51.34665], [0.45318, 51.34751], [0.45257, 51.34789], [0.45255, 51.34989], [0.45289, 51.35148], [0.45259, 51.35249], [0.45176, 51.35374], [0.45449, 51.35833], [0.45458, 51.35842], [0.45256, 51.36081], [0.45462, 51.3647], [0.45612, 51.36603], [0.45833, 51.36726], [0.45862, 51.36785], [0.46017, 51.36894], [0.46487, 51.37034], [0.46383, 51.37388], [0.46393, 51.37469], [0.4657, 51.3755], [0.46873, 51.37542], [0.47153, 51.37507], [0.47462, 51.37666], [0.475, 51.37661], [0.47736, 51.3769], [0.47741, 51.37691], [0.48319, 51.38009], [0.48359, 51.38016], [0.4838, 51.38037], [0.48549, 51.38139], [0.48634, 51.38205], [0.48726, 51.3824], [0.4884, 51.38264], [0.48846, 51.38266], [0.48949, 51.38311], [0.49058, 51.38373], [0.49136, 51.38447], [0.49196, 51.38524], [0.49197, 51.38525], [0.49214, 51.38616], [0.49211, 51.38657], [0.49293, 51.38729], [0.49394, 51.38777], [0.4955, 51.38866], [0.49624, 51.39064], [0.4957, 51.39116], [0.49577, 51.39215], [0.49638, 51.39294], [0.49965, 51.39369], [0.50172, 51.3932], [0.50179, 51.39321], [0.50191, 51.39337], [0.50458, 51.39556], [0.50535, 51.39546], [0.5074, 51.39481], [0.50807, 51.39432], [0.50878, 51.39348], [0.50967, 51.3931], [0.5102, 51.39223], [0.51033, 51.39139], [0.51048, 51.3908], [0.51029, 51.38987], [0.51054, 51.38951], [0.5121, 51.3882], [0.51347, 51.38747], [0.51369, 51.38742], [0.51404, 51.38741], [0.51578, 51.38649], [0.51632, 51.38627], [0.51725, 51.38596], [0.51803, 51.38599], [0.52029, 51.38621], [0.52055, 51.38627], [0.5213, 51.3873], [0.52199, 51.38807], [0.52158, 51.38896], [0.52166, 51.38935], [0.52174, 51.38956], [0.52223, 51.39048], [0.52259, 51.39103], [0.52275, 51.39109], [0.52307, 51.39132], [0.52392, 51.39331], [0.52361, 51.39384], [0.52322, 51.39501], [0.52333, 51.39618], [0.5241, 51.39702], [0.5242, 51.39744], [0.52726, 51.39927], [0.52768, 51.39989], [0.52749, 51.40101], [0.52851, 51.40267], [0.52875, 51.40288], [0.52881, 51.40293], [0.52889, 51.40553], [0.5303, 51.40767], [0.53173, 51.40804], [0.53208, 51.40921], [0.53226, 51.40943], [0.534, 51.41107], [0.53762, 51.41309], [0.53496, 51.41403], [0.53315, 51.4148], [0.53129, 51.41515], [0.52942, 51.41515], [0.52886, 51.41497], [0.52693, 51.41459], [0.52623, 51.41472], [0.52107, 51.4138], [0.52057, 51.41298], [0.51746, 51.41149], [0.51596, 51.41221], [0.51236, 51.41248], [0.51198, 51.41195], [0.51152, 51.41189], [0.51071, 51.41131], [0.51027, 51.41124], [0.50986, 51.41124], [0.50925, 51.41146], [0.50846, 51.41141], [0.50814, 51.41012], [0.50781, 51.41], [0.50756, 51.4098], [0.5069, 51.40967], [0.50644, 51.40965], [0.50512, 51.41091], [0.50507, 51.41092], [0.50455, 51.41063], [0.5043, 51.41018], [0.5043, 51.40996], [0.50193, 51.40928], [0.50184, 51.40932], [0.50088, 51.40922], [0.50048, 51.40866], [0.5003, 51.40856], [0.49886, 51.40849], [0.49867, 51.40864], [0.49866, 51.40867], [0.498, 51.40923], [0.49681, 51.4095], [0.49682, 51.41], [0.49639, 51.41085], [0.49362, 51.41122], [0.49328, 51.41146], [0.48809, 51.4101], [0.48572, 51.41036], [0.48505, 51.40954], [0.48353, 51.40873], [0.48027, 51.40768], [0.48, 51.40733], [0.47886, 51.40665], [0.47632, 51.40605], [0.47536, 51.40608], [0.47085, 51.40501], [0.46897, 51.40489], [0.46649, 51.40498], [0.46639, 51.40502], [0.46264, 51.40486], [0.46127, 51.40465], [0.46084, 51.40456], [0.46021, 51.40412], [0.45962, 51.4039], [0.44708, 51.40294], [0.44633, 51.40296], [0.44563, 51.40249], [0.44208, 51.40308], [0.43544, 51.40312], [0.4327, 51.40191], [0.43024, 51.39865], [0.42553, 51.39851], [0.42382, 51.39768], [0.42527, 51.38615], [0.42321, 51.38579], [0.41209, 51.38017], [0.41214, 51.37601], [0.41808, 51.36556], [0.41789, 51.36528], [0.41123, 51.36125], [0.41156, 51.35764], [0.41156, 51.35739], [0.41137, 51.35254], [0.41057, 51.34974], [0.40871, 51.34769], [0.40897, 51.33977], [0.4249, 51.33752], [0.42733, 51.33834], [0.43004, 51.34179]]]}, "properties": {"name": "ME2", "description": "ME2 postcode district"}}, {"type": "Feature", "geometry": {"type": "Polygon", "coordinates": [[[0.74133, 51.45751], [0.76108, 51.47705], [0.76174, 51.47758], [0.76106, 51.47859], [0.75937, 51.48044], [0.75744, 51.48208], [0.75634, 51.4829], [0.75112, 51.48636], [0.74919, 51.48743], [0.74527, 51.48923], [0.74307, 51.49007], [0.72237, 51.49642], [0.72023, 51.49667], [0.71094, 51.49774], [0.70444, 51.49779], [0.69913, 51.49748], [0.68093, 51.5032], [0.67313, 51.50478], [0.67156, 51.50504], [0.67061, 51.50524], [0.66943, 51.505], [0.65623, 51.50193], [0.64689, 51.50053], [0.64244, 51.49982], [0.63885, 51.49911], [0.62218, 51.49539], [0.61649, 51.49378], [0.61645, 51.49377], [0.61092, 51.49178], [0.61041, 51.49159], [0.60503, 51.48923], [0.60226, 51.48783], [0.60063, 51.48759], [0.59566, 51.48665], [0.59084, 51.48628], [0.57768, 51.4883], [0.56982, 51.48846], [0.56392, 51.48764], [0.54582, 51.48498], [0.53052, 51.48612], [0.53038, 51.48608], [0.53036, 51.48608], [0.50884, 51.48752], [0.50825, 51.48757], [0.4963, 51.48803], [0.4879, 51.49114], [0.46929, 51.49291], [0.45352, 51.48882], [0.4531, 51.48823], [0.44575, 51.47664], [0.44594, 51.47566], [0.4466, 51.47335], [0.451, 51.45929], [0.44755, 51.45517], [0.44633, 51.45477], [0.432, 51.45079], [0.44488, 51.43587], [0.44572, 51.43203], [0.44978, 51.42999], [0.45028, 51.42753], [0.45014, 51.42672], [0.45014, 51.42663], [0.44797, 51.42297], [0.44849, 51.42249], [0.44755, 51.41715], [0.44857, 51.41619], [0.44883, 51.41495], [0.44738, 51.41309], [0.45096, 51.41255], [0.45176, 51.4121], [0.45204, 51.41192], [0.45219, 51.41182], [0.45295, 51.41123], [0.45314, 51.41105], [0.45346, 51.40919], [0.45034, 51.40814], [0.44658, 51.4054], [0.44645, 51.40506], [0.44633, 51.40296], [0.44708, 51.40294], [0.45962, 51.4039], [0.46021, 51.40412], [0.46084, 51.40456], [0.46127, 51.40465], [0.46264, 51.40486], [0.46639, 51.40502], [0.46649, 51.40498], [0.46897, 51.40489], [0.47085, 51.40501], [0.47536, 51.40608], [0.47632, 51.40605], [0.47886, 51.40665], [0.48, 51.40733], [0.48027, 51.40768], [0.48353, 51.40873], [0.48505, 51.40954], [0.48572, 51.41036], [0.48809, 51.4101], [0.49328, 51.41146], [0.49362, 51.41122], [0.49639, 51.41085], [0.49682, 51.41], [0.49681, 51.4095], [0.498, 51.40923], [0.49866, 51.40867], [0.49867, 51.40864], [0.49886, 51.40849], [0.5003, 51.40856], [0.50048, 51.40866], [0.50088, 51.40922], [0.50184, 51.40932], [0.50193, 51.40928], [0.5043, 51.40996], [0.5043, 51.41018], [0.50455, 51.41063], [0.50507, 51.41092], [0.50512, 51.41091], [0.50644, 51.40965], [0.5069, 51.40967], [0.50756, 51.4098], [0.50781, 51.41], [0.50814, 51.41012], [0.50846, 51.41141], [0.50925, 51.41146], [0.50986, 51.41124], [0.51027, 51.41124], [0.51071, 51.41131], [0.51152, 51.41189], [0.51198, 51.41195], [0.51236, 51.41248], [0.51596, 51.41221], [0.51746, 51.41149], [0.52057, 51.41298], [0.52107, 51.4138], [0.52623, 51.41472], [0.52693, 51.41459], [0.52886, 51.41497], [0.52942, 51.41515], [0.53129, 51.41515], [0.53315, 51.4148], [0.53496, 51.41403], [0.53762, 51.41309], [0.53776, 51.4131], [0.54126, 51.41394], [0.54259, 51.41333], [0.54458, 51.41273], [0.5463, 51.41244], [0.5491, 51.41214], [0.55054, 51.41206], [0.55091, 51.41207], [0.55378, 51.40975], [0.55379, 51.40974], [0.55547, 51.40829], [0.55954, 51.40529], [0.56119, 51.40486], [0.56293, 51.40462], [0.56782, 51.40342], [0.56982, 51.40325], [0.57022, 51.40321], [0.5717, 51.40317], [0.58294, 51.40425], [0.58759, 51.40496], [0.58971, 51.40429], [0.60369, 51.40212], [0.60923, 51.40187], [0.61101, 51.40183], [0.6224, 51.40536], [0.62585, 51.40774], [0.65287, 51.41806], [0.65333, 51.41828], [0.6921, 51.40873], [0.70327, 51.41696], [0.70649, 51.42056], [0.71324, 51.42338], [0.72439, 51.42989], [0.73238, 51.43757], [0.73232, 51.44014], [0.73141, 51.44547], [0.73883, 51.45413], [0.74133, 51.45751]]]}, "properties": {"name": "ME3", "description": "ME3 postcode district"}}, {"type": "Feature", "geometry": {"type": "Polygon", "coordinates": [[[0.54259, 51.41333], [0.54126, 51.41394], [0.53776, 51.4131], [0.53762, 51.41309], [0.534, 51.41107], [0.53226, 51.40943], [0.53208, 51.40921], [0.53173, 51.40804], [0.5303, 51.40767], [0.52889, 51.40553], [0.52881, 51.40293], [0.52875, 51.40288], [0.52851, 51.40267], [0.52749, 51.40101], [0.52768, 51.39989], [0.52726, 51.39927], [0.5242, 51.39744], [0.5241, 51.39702], [0.52333, 51.39618], [0.52322, 51.39501], [0.52361, 51.39384], [0.52392, 51.39331], [0.52307, 51.39132], [0.52275, 51.39109], [0.52259, 51.39103], [0.52223, 51.39048], [0.52174, 51.38956], [0.52166, 51.38935], [0.52158, 51.38896], [0.52199, 51.38807], [0.5213, 51.3873], [0.52055, 51.38627], [0.52029, 51.38621], [0.51803, 51.38599], [0.51725, 51.38596], [0.51742, 51.38493], [0.51666, 51.3839], [0.51657, 51.38338], [0.51683, 51.38311], [0.51707, 51.38304], [0.51716, 51.38261], [0.5171, 51.38259], [0.51704, 51.38154], [0.51593, 51.38152], [0.51544, 51.38084], [0.5117, 51.38122], [0.51166, 51.38121], [0.51147, 51.3809], [0.51275, 51.37896], [0.51299, 51.37882], [0.51178, 51.37751], [0.51182, 51.3772], [0.51153, 51.37655], [0.51126, 51.3764], [0.51106, 51.37491], [0.511, 51.37488], [0.51203, 51.37377], [0.5116, 51.37294], [0.51258, 51.37277], [0.51387, 51.37355], [0.51476, 51.3732], [0.51389, 51.3724], [0.51419, 51.37158], [0.51416, 51.37153], [0.51459, 51.37126], [0.51576, 51.37111], [0.516, 51.37076], [0.5149, 51.37031], [0.51478, 51.36997], [0.51591, 51.36982], [0.51632, 51.36893], [0.51615, 51.36874], [0.51554, 51.36862], [0.51501, 51.36775], [0.51504, 51.36767], [0.51574, 51.36747], [0.51585, 51.36703], [0.51689, 51.36661], [0.51713, 51.36666], [0.51726, 51.36569], [0.51755, 51.36566], [0.51752, 51.36504], [0.51663, 51.36485], [0.51753, 51.36408], [0.51662, 51.36357], [0.51641, 51.36332], [0.51822, 51.36234], [0.51819, 51.36227], [0.51713, 51.3619], [0.51597, 51.36183], [0.51535, 51.3612], [0.51551, 51.36063], [0.51342, 51.35999], [0.51356, 51.35961], [0.51128, 51.35677], [0.51129, 51.35655], [0.5163, 51.35662], [0.51742, 51.35685], [0.51765, 51.35725], [0.51909, 51.35802], [0.52001, 51.36037], [0.52045, 51.36051], [0.52053, 51.36246], [0.52104, 51.36253], [0.52349, 51.36225], [0.52415, 51.36207], [0.52565, 51.36275], [0.52593, 51.36276], [0.52765, 51.36373], [0.52805, 51.36406], [0.53064, 51.36477], [0.53131, 51.36527], [0.53294, 51.36587], [0.53351, 51.36654], [0.5339, 51.36668], [0.53484, 51.3669], [0.53651, 51.3676], [0.53748, 51.36787], [0.53761, 51.36792], [0.53864, 51.3675], [0.54069, 51.36707], [0.54167, 51.36725], [0.54266, 51.36778], [0.54285, 51.36779], [0.54311, 51.36819], [0.54308, 51.3686], [0.54379, 51.3689], [0.54379, 51.36891], [0.54412, 51.36996], [0.54442, 51.37006], [0.54444, 51.37022], [0.54533, 51.37106], [0.5457, 51.37115], [0.54602, 51.37109], [0.54656, 51.37151], [0.54676, 51.3718], [0.54657, 51.37204], [0.54638, 51.37207], [0.54578, 51.37188], [0.54522, 51.37218], [0.54421, 51.37199], [0.54416, 51.37226], [0.54435, 51.37288], [0.54332, 51.37291], [0.54325, 51.37294], [0.54312, 51.37338], [0.54306, 51.37342], [0.54186, 51.37309], [0.54181, 51.37309], [0.54172, 51.37312], [0.54174, 51.37361], [0.54177, 51.37365], [0.54155, 51.37433], [0.54054, 51.37408], [0.54035, 51.37419], [0.54037, 51.3748], [0.54015, 51.37484], [0.53964, 51.37501], [0.53915, 51.37477], [0.53903, 51.37475], [0.53874, 51.37487], [0.53837, 51.37525], [0.53871, 51.37552], [0.53837, 51.37587], [0.53858, 51.37639], [0.5385, 51.37643], [0.53764, 51.37651], [0.53743, 51.37689], [0.53657, 51.37704], [0.53657, 51.37724], [0.53672, 51.37754], [0.53586, 51.37789], [0.53585, 51.37805], [0.53482, 51.37828], [0.53447, 51.37852], [0.53491, 51.37876], [0.53495, 51.37883], [0.53593, 51.3793], [0.53596, 51.38005], [0.53617, 51.38056], [0.53693, 51.3814], [0.53625, 51.38199], [0.53521, 51.38339], [0.53483, 51.38343], [0.53413, 51.38359], [0.53396, 51.38362], [0.53232, 51.38418], [0.53063, 51.38513], [0.52944, 51.3852], [0.52933, 51.38524], [0.52773, 51.38699], [0.5279, 51.38793], [0.52708, 51.38858], [0.5271, 51.38876], [0.52823, 51.38931], [0.52965, 51.38968], [0.5294, 51.39011], [0.52971, 51.39082], [0.52937, 51.39093], [0.52932, 51.39094], [0.52869, 51.39145], [0.52845, 51.39143], [0.52797, 51.39127], [0.52762, 51.39169], [0.52738, 51.39187], [0.52783, 51.39218], [0.52791, 51.39258], [0.52815, 51.39262], [0.52876, 51.39288], [0.52897, 51.39316], [0.52867, 51.39359], [0.53007, 51.39378], [0.53009, 51.39367], [0.53044, 51.3933], [0.53062, 51.39326], [0.53279, 51.39383], [0.53246, 51.39329], [0.53243, 51.39278], [0.53296, 51.39193], [0.53327, 51.39179], [0.5339, 51.39167], [0.53425, 51.39362], [0.53359, 51.39433], [0.53349, 51.39435], [0.53305, 51.39608], [0.53582, 51.39676], [0.53632, 51.39708], [0.53718, 51.39702], [0.53727, 51.39614], [0.53816, 51.39485], [0.53802, 51.39449], [0.53799, 51.39446], [0.53873, 51.39335], [0.53957, 51.39335], [0.5417, 51.39462], [0.54297, 51.39465], [0.54309, 51.39474], [0.54179, 51.39584], [0.54169, 51.39618], [0.54119, 51.39652], [0.54106, 51.39677], [0.54118, 51.39689], [0.54226, 51.39701], [0.54319, 51.39634], [0.54398, 51.39613], [0.54505, 51.39728], [0.54533, 51.39739], [0.54596, 51.39782], [0.54735, 51.39948], [0.55049, 51.39825], [0.55171, 51.39846], [0.55225, 51.39885], [0.56119, 51.40486], [0.55954, 51.40529], [0.55547, 51.40829], [0.55379, 51.40974], [0.55378, 51.40975], [0.55091, 51.41207], [0.55054, 51.41206], [0.5491, 51.41214], [0.5463, 51.41244], [0.54458, 51.41273], [0.54259, 51.41333]]]}, "properties": {"name": "ME4", "description": "ME4 postcode district"}}, {"type": "Feature", "geometry": {"type": "Polygon", "coordinates": [[[0.53294, 51.36587], [0.53131, 51.36527], [0.53064, 51.36477], [0.52805, 51.36406], [0.52765, 51.36373], [0.52593, 51.36276], [0.52565, 51.36275], [0.52415, 51.36207], [0.52349, 51.36225], [0.52104, 51.36253], [0.52053, 51.36246], [0.52045, 51.36051], [0.52001, 51.36037], [0.51909, 51.35802], [0.51765, 51.35725], [0.51742, 51.35685], [0.5163, 51.35662], [0.51129, 51.35655], [0.51041, 51.35605], [0.50974, 51.35594], [0.50727, 51.35585], [0.50434, 51.3542], [0.50419, 51.3537], [0.50418, 51.3536], [0.50441, 51.35319], [0.50407, 51.35105], [0.50452, 51.35001], [0.50384, 51.34832], [0.50286, 51.34738], [0.49966, 51.34647], [0.49199, 51.34592], [0.48769, 51.34942], [0.4872, 51.34976], [0.48661, 51.35006], [0.4755, 51.34573], [0.47701, 51.34028], [0.48086, 51.33758], [0.4855, 51.33635], [0.48554, 51.33527], [0.48584, 51.33409], [0.48668, 51.3331], [0.49059, 51.33002], [0.49066, 51.32998], [0.4938, 51.32879], [0.4944, 51.32818], [0.4951, 51.32819], [0.50243, 51.33109], [0.50283, 51.33105], [0.50347, 51.33093], [0.50371, 51.33086], [0.50549, 51.32854], [0.50569, 51.32854], [0.51049, 51.327], [0.50888, 51.32606], [0.5074, 51.32473], [0.50888, 51.32251], [0.50721, 51.32166], [0.50788, 51.31948], [0.51073, 51.31873], [0.51269, 51.3222], [0.51854, 51.32385], [0.51843, 51.3251], [0.52099, 51.32624], [0.52735, 51.32645], [0.52955, 51.32603], [0.53453, 51.3239], [0.53458, 51.32396], [0.53832, 51.32491], [0.54352, 51.32539], [0.54708, 51.32385], [0.54864, 51.32513], [0.55091, 51.32573], [0.55126, 51.32577], [0.55243, 51.32733], [0.55747, 51.32973], [0.55753, 51.33009], [0.55763, 51.33025], [0.55763, 51.33029], [0.55909, 51.3333], [0.56035, 51.33492], [0.56123, 51.33577], [0.55774, 51.33707], [0.55603, 51.33792], [0.5559, 51.338], [0.55409, 51.33827], [0.55035, 51.33959], [0.54959, 51.34025], [0.54946, 51.34348], [0.54844, 51.34364], [0.54668, 51.34492], [0.54601, 51.34568], [0.54548, 51.34742], [0.54566, 51.3488], [0.54677, 51.34998], [0.54714, 51.35027], [0.54916, 51.35155], [0.54978, 51.35188], [0.55066, 51.3523], [0.55184, 51.35274], [0.55154, 51.35371], [0.55133, 51.35387], [0.54937, 51.35634], [0.54887, 51.35772], [0.54937, 51.3595], [0.55047, 51.36104], [0.55144, 51.36129], [0.55282, 51.3614], [0.55482, 51.36124], [0.55875, 51.36402], [0.5587, 51.36409], [0.55667, 51.3655], [0.55622, 51.36567], [0.55861, 51.36766], [0.55843, 51.36784], [0.55758, 51.36794], [0.55818, 51.36848], [0.55795, 51.36885], [0.55793, 51.36886], [0.5572, 51.36891], [0.5571, 51.36955], [0.55825, 51.36967], [0.55879, 51.36995], [0.55881, 51.36995], [0.55955, 51.37028], [0.55958, 51.37071], [0.55991, 51.37116], [0.55887, 51.37164], [0.55899, 51.37192], [0.55842, 51.37222], [0.55812, 51.3722], [0.55757, 51.37241], [0.5576, 51.37254], [0.55758, 51.37258], [0.55682, 51.37286], [0.55643, 51.37271], [0.55585, 51.37303], [0.55508, 51.37276], [0.55486, 51.37288], [0.55471, 51.37332], [0.55427, 51.37327], [0.55367, 51.37323], [0.55341, 51.37354], [0.55236, 51.37346], [0.55218, 51.3733], [0.55183, 51.37325], [0.55081, 51.37422], [0.55054, 51.37409], [0.54965, 51.37319], [0.54952, 51.37333], [0.54916, 51.37411], [0.54765, 51.37433], [0.54766, 51.37442], [0.54634, 51.37471], [0.54628, 51.37507], [0.54559, 51.37506], [0.54547, 51.37484], [0.54435, 51.37475], [0.54401, 51.37512], [0.54405, 51.37518], [0.54401, 51.37543], [0.54252, 51.37597], [0.54245, 51.37617], [0.54198, 51.37627], [0.54176, 51.37721], [0.54133, 51.3776], [0.54062, 51.37775], [0.54048, 51.37782], [0.54044, 51.37788], [0.54014, 51.3798], [0.54007, 51.37987], [0.53976, 51.37993], [0.53749, 51.3812], [0.53693, 51.3814], [0.53617, 51.38056], [0.53596, 51.38005], [0.53593, 51.3793], [0.53495, 51.37883], [0.53491, 51.37876], [0.53447, 51.37852], [0.53482, 51.37828], [0.53585, 51.37805], [0.53586, 51.37789], [0.53672, 51.37754], [0.53657, 51.37724], [0.53657, 51.37704], [0.53743, 51.37689], [0.53764, 51.37651], [0.5385, 51.37643], [0.53858, 51.37639], [0.53837, 51.37587], [0.53871, 51.37552], [0.53837, 51.37525], [0.53874, 51.37487], [0.53903, 51.37475], [0.53915, 51.37477], [0.53964, 51.37501], [0.54015, 51.37484], [0.54037, 51.3748], [0.54035, 51.37419], [0.54054, 51.37408], [0.54155, 51.37433], [0.54177, 51.37365], [0.54174, 51.37361], [0.54172, 51.37312], [0.54181, 51.37309], [0.54186, 51.37309], [0.54306, 51.37342], [0.54312, 51.37338], [0.54325, 51.37294], [0.54332, 51.37291], [0.54435, 51.37288], [0.54416, 51.37226], [0.54421, 51.37199], [0.54522, 51.37218], [0.54578, 51.37188], [0.54638, 51.37207], [0.54657, 51.37204], [0.54676, 51.3718], [0.54656, 51.37151], [0.54602, 51.37109], [0.5457, 51.37115], [0.54533, 51.37106], [0.54444, 51.37022], [0.54442, 51.37006], [0.54412, 51.36996], [0.54379, 51.36891], [0.54379, 51.3689], [0.54308, 51.3686], [0.54311, 51.36819], [0.54285, 51.36779], [0.54266, 51.36778], [0.54167, 51.36725], [0.54069, 51.36707], [0.53864, 51.3675], [0.53761, 51.36792], [0.53748, 51.36787], [0.53651, 51.3676], [0.53484, 51.3669], [0.5339, 51.36668], [0.53351, 51.36654], [0.53294, 51.36587]]]}, "properties": {"name": "ME5", "description": "ME5 postcode district"}}, {"type": "Feature", "geometry": {"type": "Polygon", "coordinates": [[[0.45659, 51.33228], [0.45678, 51.33301], [0.45678, 51.33308], [0.45577, 51.33366], [0.45269, 51.33572], [0.45157, 51.33924], [0.45165, 51.34022], [0.45169, 51.34028], [0.44956, 51.34161], [0.44802, 51.34236], [0.43841, 51.34201], [0.43575, 51.34348], [0.43004, 51.34179], [0.42733, 51.33834], [0.4249, 51.33752], [0.40897, 51.33977], [0.4062, 51.33732], [0.40876, 51.33369], [0.4161, 51.32944], [0.4175, 51.32867], [0.4212, 51.32861], [0.42146, 51.32871], [0.42488, 51.32721], [0.42701, 51.32603], [0.42821, 51.32444], [0.42299, 51.32286], [0.42311, 51.32212], [0.42148, 51.31795], [0.42196, 51.31772], [0.42308, 51.31681], [0.42876, 51.31579], [0.43048, 51.31589], [0.43137, 51.31614], [0.43656, 51.31581], [0.43801, 51.31554], [0.43981, 51.3164], [0.44008, 51.31649], [0.44435, 51.31726], [0.44504, 51.31744], [0.44578, 51.31767], [0.44636, 51.31759], [0.45203, 51.31891], [0.4555, 51.32119], [0.45481, 51.32268], [0.4546, 51.3243], [0.45738, 51.32783], [0.4572, 51.32815], [0.45658, 51.33142], [0.45659, 51.33228]]]}, "properties": {"name": "ME6", "description": "ME6 postcode district"}}, {"type": "Feature", "geometry": {"type": "Polygon", "coordinates": [[[0.54297, 51.39465], [0.5417, 51.39462], [0.53957, 51.39335], [0.53873, 51.39335], [0.53799, 51.39446], [0.53802, 51.39449], [0.53816, 51.39485], [0.53727, 51.39614], [0.53718, 51.39702], [0.53632, 51.39708], [0.53582, 51.39676], [0.53305, 51.39608], [0.53349, 51.39435], [0.53359, 51.39433], [0.53425, 51.39362], [0.5339, 51.39167], [0.53327, 51.39179], [0.53296, 51.39193], [0.53243, 51.39278], [0.53246, 51.39329], [0.53279, 51.39383], [0.53062, 51.39326], [0.53044, 51.3933], [0.53009, 51.39367], [0.53007, 51.39378], [0.52867, 51.39359], [0.52897, 51.39316], [0.52876, 51.39288], [0.52815, 51.39262], [0.52791, 51.39258], [0.52783, 51.39218], [0.52738, 51.39187], [0.52762, 51.39169], [0.52797, 51.39127], [0.52845, 51.39143], [0.52869, 51.39145], [0.52932, 51.39094], [0.52937, 51.39093], [0.52971, 51.39082], [0.5294, 51.39011], [0.52965, 51.38968], [0.52823, 51.38931], [0.5271, 51.38876], [0.52708, 51.38858], [0.5279, 51.38793], [0.52773, 51.38699], [0.52933, 51.38524], [0.52944, 51.3852], [0.53063, 51.38513], [0.53232, 51.38418], [0.53396, 51.38362], [0.53413, 51.38359], [0.53483, 51.38343], [0.53521, 51.38339], [0.53625, 51.38199], [0.53693, 51.3814], [0.53749, 51.3812], [0.53976, 51.37993], [0.54007, 51.37987], [0.54014, 51.3798], [0.54044, 51.37788], [0.54048, 51.37782], [0.54062, 51.37775], [0.54133, 51.3776], [0.54176, 51.37721], [0.54198, 51.37627], [0.54245, 51.37617], [0.54252, 51.37597], [0.54401, 51.37543], [0.54405, 51.37518], [0.54401, 51.37512], [0.54435, 51.37475], [0.54547, 51.37484], [0.54559, 51.37506], [0.54628, 51.37507], [0.54634, 51.37471], [0.54766, 51.37442], [0.54765, 51.37433], [0.54916, 51.37411], [0.54952, 51.37333], [0.54965, 51.37319], [0.55054, 51.37409], [0.55081, 51.37422], [0.55183, 51.37325], [0.55218, 51.3733], [0.55236, 51.37346], [0.55341, 51.37354], [0.55367, 51.37323], [0.55427, 51.37327], [0.55471, 51.37332], [0.55486, 51.37288], [0.55508, 51.37276], [0.55585, 51.37303], [0.55643, 51.37271], [0.55682, 51.37286], [0.55758, 51.37258], [0.5576, 51.37254], [0.55757, 51.37241], [0.55812, 51.3722], [0.55842, 51.37222], [0.55899, 51.37192], [0.55887, 51.37164], [0.55991, 51.37116], [0.55958, 51.37071], [0.55955, 51.37028], [0.55881, 51.36995], [0.55879, 51.36995], [0.55825, 51.36967], [0.5571, 51.36955], [0.5572, 51.36891], [0.55793, 51.36886], [0.55795, 51.36885], [0.55818, 51.36848], [0.55758, 51.36794], [0.55843, 51.36784], [0.55861, 51.36766], [0.55622, 51.36567], [0.55667, 51.3655], [0.5587, 51.36409], [0.55875, 51.36402], [0.55482, 51.36124], [0.55282, 51.3614], [0.55144, 51.36129], [0.55047, 51.36104], [0.54937, 51.3595], [0.54887, 51.35772], [0.54937, 51.35634], [0.55133, 51.35387], [0.55154, 51.35371], [0.55184, 51.35274], [0.55066, 51.3523], [0.54978, 51.35188], [0.54916, 51.35155], [0.54714, 51.35027], [0.54677, 51.34998], [0.54566, 51.3488], [0.54548, 51.34742], [0.54601, 51.34568], [0.54668, 51.34492], [0.54844, 51.34364], [0.54946, 51.34348], [0.54959, 51.34025], [0.55035, 51.33959], [0.55409, 51.33827], [0.5559, 51.338], [0.55603, 51.33792], [0.55774, 51.33707], [0.56123, 51.33577], [0.56035, 51.33492], [0.55909, 51.3333], [0.55763, 51.33029], [0.55763, 51.33025], [0.55753, 51.33009], [0.55747, 51.32973], [0.55932, 51.32335], [0.56198, 51.32062], [0.56219, 51.31967], [0.57001, 51.31727], [0.57818, 51.32077], [0.57965, 51.32313], [0.58994, 51.32632], [0.59025, 51.32769], [0.59294, 51.33006], [0.59506, 51.33286], [0.59399, 51.33456], [0.5925, 51.33499], [0.5907, 51.33534], [0.5878, 51.33531], [0.58444, 51.33478], [0.58431, 51.33482], [0.58375, 51.33504], [0.58288, 51.33552], [0.58014, 51.33625], [0.58027, 51.33746], [0.58, 51.33841], [0.58032, 51.3391], [0.57986, 51.33976], [0.57973, 51.34063], [0.57935, 51.34078], [0.57875, 51.34149], [0.57876, 51.34174], [0.57798, 51.3425], [0.57834, 51.34305], [0.57817, 51.3433], [0.57807, 51.34418], [0.57817, 51.34429], [0.57796, 51.34472], [0.5766, 51.34524], [0.57744, 51.34597], [0.57671, 51.34689], [0.57712, 51.34732], [0.577, 51.34762], [0.57769, 51.34861], [0.57741, 51.34903], [0.57563, 51.34951], [0.57561, 51.34953], [0.57582, 51.34993], [0.57808, 51.35073], [0.57776, 51.3519], [0.57799, 51.35202], [0.57839, 51.35254], [0.57831, 51.35308], [0.57896, 51.35416], [0.57862, 51.35439], [0.57791, 51.3569], [0.57572, 51.35683], [0.57484, 51.35716], [0.57404, 51.35765], [0.57391, 51.36019], [0.57372, 51.36029], [0.5711, 51.3613], [0.57153, 51.36287], [0.56969, 51.36439], [0.56975, 51.36462], [0.56796, 51.36583], [0.5681, 51.36632], [0.56683, 51.367], [0.56672, 51.36721], [0.56757, 51.369], [0.56677, 51.36948], [0.56706, 51.37091], [0.56795, 51.37157], [0.5683, 51.3721], [0.56819, 51.37285], [0.56873, 51.37394], [0.56802, 51.37527], [0.56878, 51.37594], [0.56907, 51.37638], [0.5693, 51.37656], [0.57004, 51.37691], [0.57038, 51.37728], [0.57156, 51.37788], [0.57218, 51.37863], [0.57227, 51.37868], [0.57252, 51.37876], [0.57343, 51.37949], [0.57369, 51.3807], [0.57406, 51.38122], [0.57408, 51.38283], [0.57557, 51.38349], [0.57615, 51.38354], [0.57696, 51.38348], [0.57957, 51.38384], [0.5813, 51.38287], [0.58214, 51.38199], [0.58345, 51.38164], [0.58532, 51.38154], [0.58539, 51.38153], [0.58569, 51.38154], [0.58674, 51.37977], [0.58768, 51.37929], [0.5892, 51.37941], [0.58998, 51.37922], [0.59388, 51.37934], [0.59483, 51.38037], [0.59448, 51.38119], [0.61062, 51.39603], [0.61101, 51.40183], [0.60923, 51.40187], [0.60369, 51.40212], [0.58971, 51.40429], [0.58759, 51.40496], [0.58294, 51.40425], [0.5717, 51.40317], [0.57022, 51.40321], [0.56982, 51.40325], [0.56782, 51.40342], [0.56293, 51.40462], [0.56119, 51.40486], [0.55225, 51.39885], [0.55171, 51.39846], [0.55049, 51.39825], [0.54735, 51.39948], [0.54596, 51.39782], [0.54533, 51.39739], [0.54505, 51.39728], [0.54398, 51.39613], [0.54319, 51.39634], [0.54226, 51.39701], [0.54118, 51.39689], [0.54106, 51.39677], [0.54119, 51.39652], [0.54169, 51.39618], [0.54179, 51.39584], [0.54309, 51.39474], [0.54297, 51.39465]]]}, "properties": {"name": "ME7", "description": "ME7 postcode district"}}, {"type": "Feature", "geometry": {"type": "Polygon", "coordinates": [[[0.5907, 51.33534], [0.5925, 51.33499], [0.59399, 51.33456], [0.59535, 51.33603], [0.59616, 51.33664], [0.59898, 51.338], [0.60136, 51.33832], [0.60258, 51.3383], [0.60539, 51.33694], [0.60902, 51.33865], [0.61065, 51.33925], [0.61501, 51.33985], [0.61627, 51.34117], [0.61791, 51.34232], [0.61817, 51.34238], [0.62067, 51.34459], [0.62001, 51.35121], [0.62549, 51.35144], [0.62992, 51.35582], [0.62991, 51.35584], [0.63933, 51.35945], [0.63525, 51.36173], [0.63409, 51.36506], [0.63413, 51.36511], [0.63672, 51.36665], [0.63678, 51.36945], [0.63979, 51.37048], [0.64131, 51.37427], [0.64111, 51.37448], [0.63794, 51.37459], [0.63731, 51.375], [0.63905, 51.38398], [0.63773, 51.38512], [0.63772, 51.38571], [0.6224, 51.40536], [0.61101, 51.40183], [0.61062, 51.39603], [0.59448, 51.38119], [0.59483, 51.38037], [0.59388, 51.37934], [0.58998, 51.37922], [0.5892, 51.37941], [0.58768, 51.37929], [0.58674, 51.37977], [0.58569, 51.38154], [0.58539, 51.38153], [0.58532, 51.38154], [0.58345, 51.38164], [0.58214, 51.38199], [0.5813, 51.38287], [0.57957, 51.38384], [0.57696, 51.38348], [0.57615, 51.38354], [0.57557, 51.38349], [0.57408, 51.38283], [0.57406, 51.38122], [0.57369, 51.3807], [0.57343, 51.37949], [0.57252, 51.37876], [0.57227, 51.37868], [0.57218, 51.37863], [0.57156, 51.37788], [0.57038, 51.37728], [0.57004, 51.37691], [0.5693, 51.37656], [0.56907, 51.37638], [0.56878, 51.37594], [0.56802, 51.37527], [0.56873, 51.37394], [0.56819, 51.37285], [0.5683, 51.3721], [0.56795, 51.37157], [0.56706, 51.37091], [0.56677, 51.36948], [0.56757, 51.369], [0.56672, 51.36721], [0.56683, 51.367], [0.5681, 51.36632], [0.56796, 51.36583], [0.56975, 51.36462], [0.56969, 51.36439], [0.57153, 51.36287], [0.5711, 51.3613], [0.57372, 51.36029], [0.57391, 51.36019], [0.57404, 51.35765], [0.57484, 51.35716], [0.57572, 51.35683], [0.57791, 51.3569], [0.57862, 51.35439], [0.57896, 51.35416], [0.57831, 51.35308], [0.57839, 51.35254], [0.57799, 51.35202], [0.57776, 51.3519], [0.57808, 51.35073], [0.57582, 51.34993], [0.57561, 51.34953], [0.57563, 51.34951], [0.57741, 51.34903], [0.57769, 51.34861], [0.577, 51.34762], [0.57712, 51.34732], [0.57671, 51.34689], [0.57744, 51.34597], [0.5766, 51.34524], [0.57796, 51.34472], [0.57817, 51.34429], [0.57807, 51.34418], [0.57817, 51.3433], [0.57834, 51.34305], [0.57798, 51.3425], [0.57876, 51.34174], [0.57875, 51.34149], [0.57935, 51.34078], [0.57973, 51.34063], [0.57986, 51.33976], [0.58032, 51.3391], [0.58, 51.33841], [0.58027, 51.33746], [0.58014, 51.33625], [0.58288, 51.33552], [0.58375, 51.33504], [0.58431, 51.33482], [0.58444, 51.33478], [0.5878, 51.33531], [0.5907, 51.33534]]]}, "properties": {"name": "ME8", "description": "ME8 postcode district"}}, {"type": "Feature", "geometry": {"type": "Polygon", "coordinates": [[[0.81431, 51.31503], [0.81704, 51.31537], [0.82051, 51.31513], [0.82059, 51.31513], [0.82142, 51.31481], [0.82657, 51.31457], [0.82691, 51.31473], [0.82733, 51.31718], [0.82613, 51.3187], [0.82787, 51.32111], [0.8304, 51.32219], [0.83158, 51.32193], [0.83816, 51.32187], [0.83568, 51.32689], [0.83567, 51.32808], [0.83483, 51.32871], [0.8367, 51.33735], [0.84588, 51.34417], [0.84611, 51.34465], [0.84493, 51.34878], [0.84473, 51.34966], [0.84482, 51.35082], [0.84528, 51.35433], [0.84523, 51.3631], [0.84529, 51.36359], [0.82057, 51.37208], [0.81033, 51.36768], [0.79188, 51.36503], [0.7698, 51.36884], [0.76503, 51.36086], [0.76852, 51.3556], [0.77002, 51.35385], [0.77249, 51.35206], [0.77267, 51.34971], [0.77368, 51.34841], [0.77055, 51.34503], [0.77043, 51.34339], [0.76711, 51.34135], [0.76683, 51.34109], [0.76706, 51.33763], [0.76608, 51.33757], [0.76458, 51.33713], [0.76443, 51.33707], [0.76309, 51.33551], [0.76209, 51.33283], [0.76066, 51.33157], [0.76066, 51.33156], [0.76062, 51.33146], [0.76051, 51.33132], [0.76011, 51.32866], [0.76011, 51.32799], [0.75956, 51.32757], [0.75767, 51.32636], [0.75208, 51.32748], [0.74566, 51.32727], [0.74449, 51.32588], [0.74448, 51.32588], [0.73951, 51.32468], [0.7349, 51.32285], [0.73459, 51.32216], [0.73373, 51.32166], [0.73058, 51.31791], [0.72248, 51.31978], [0.72415, 51.32285], [0.72104, 51.32544], [0.72075, 51.32549], [0.71744, 51.32523], [0.71749, 51.32507], [0.71448, 51.32163], [0.71108, 51.32299], [0.71337, 51.32704], [0.713, 51.32756], [0.7136, 51.32841], [0.71453, 51.33067], [0.71549, 51.33123], [0.7148, 51.33441], [0.71516, 51.33472], [0.71519, 51.33622], [0.71505, 51.33642], [0.71234, 51.33702], [0.71085, 51.33705], [0.70922, 51.33695], [0.70882, 51.33884], [0.70446, 51.34036], [0.70342, 51.34044], [0.70137, 51.34033], [0.70078, 51.34173], [0.6986, 51.34388], [0.69926, 51.34464], [0.6997, 51.34655], [0.6997, 51.34665], [0.70127, 51.34764], [0.70173, 51.34824], [0.70389, 51.34886], [0.7057, 51.34893], [0.70582, 51.349], [0.70615, 51.34907], [0.70756, 51.34962], [0.70851, 51.35018], [0.71054, 51.35092], [0.71064, 51.35209], [0.71135, 51.35269], [0.71175, 51.35278], [0.71303, 51.35378], [0.71452, 51.35412], [0.71521, 51.35608], [0.7177, 51.35676], [0.71793, 51.35677], [0.71844, 51.3568], [0.72049, 51.35755], [0.72398, 51.35721], [0.72434, 51.35734], [0.72591, 51.3584], [0.7272, 51.35885], [0.72826, 51.35962], [0.729, 51.36053], [0.72914, 51.36083], [0.7282, 51.36282], [0.72805, 51.36336], [0.73034, 51.36539], [0.7305, 51.36586], [0.73409, 51.36574], [0.73594, 51.36615], [0.73636, 51.36639], [0.73823, 51.37007], [0.73883, 51.37025], [0.73912, 51.37289], [0.74076, 51.37729], [0.74127, 51.37824], [0.74399, 51.38022], [0.75969, 51.37099], [0.76445, 51.37039], [0.76818, 51.37011], [0.77268, 51.38716], [0.76368, 51.38956], [0.75601, 51.39643], [0.75441, 51.39651], [0.73851, 51.39498], [0.72609, 51.40074], [0.72284, 51.40152], [0.7104, 51.40375], [0.69264, 51.40782], [0.6921, 51.40873], [0.65333, 51.41828], [0.65287, 51.41806], [0.62585, 51.40774], [0.6224, 51.40536], [0.63772, 51.38571], [0.63773, 51.38512], [0.63905, 51.38398], [0.63731, 51.375], [0.63794, 51.37459], [0.64111, 51.37448], [0.64131, 51.37427], [0.63979, 51.37048], [0.63678, 51.36945], [0.63672, 51.36665], [0.63413, 51.36511], [0.63409, 51.36506], [0.63525, 51.36173], [0.63933, 51.35945], [0.62991, 51.35584], [0.62992, 51.35582], [0.62549, 51.35144], [0.62001, 51.35121], [0.62067, 51.34459], [0.61817, 51.34238], [0.61791, 51.34232], [0.61627, 51.34117], [0.61501, 51.33985], [0.61065, 51.33925], [0.60902, 51.33865], [0.60539, 51.33694], [0.60258, 51.3383], [0.60136, 51.33832], [0.59898, 51.338], [0.59616, 51.33664], [0.59535, 51.33603], [0.59399, 51.33456], [0.59506, 51.33286], [0.60432, 51.33202], [0.60647, 51.32961], [0.6097, 51.32846], [0.61075, 51.32731], [0.61022, 51.32281], [0.60444, 51.3195], [0.60449, 51.31921], [0.60394, 51.31575], [0.60514, 51.31484], [0.6203, 51.31443], [0.62052, 51.31413], [0.62225, 51.30813], [0.62036, 51.30688], [0.61781, 51.30314], [0.61907, 51.30196], [0.63306, 51.29938], [0.63868, 51.30225], [0.63925, 51.30222], [0.64376, 51.29853], [0.6454, 51.29816], [0.65008, 51.29285], [0.6502, 51.29255], [0.66158, 51.29141], [0.66552, 51.28789], [0.67327, 51.28841], [0.68187, 51.28206], [0.68198, 51.28091], [0.67471, 51.27635], [0.6772, 51.26976], [0.68443, 51.26946], [0.68923, 51.27424], [0.69895, 51.27266], [0.69988, 51.27023], [0.70789, 51.26672], [0.70811, 51.2664], [0.71419, 51.26073], [0.71431, 51.26071], [0.71724, 51.26148], [0.72803, 51.26988], [0.73622, 51.26942], [0.73622, 51.26326], [0.74676, 51.25764], [0.7488, 51.25855], [0.75209, 51.25893], [0.75715, 51.25767], [0.76076, 51.25249], [0.76588, 51.25125], [0.76719, 51.25128], [0.77447, 51.25557], [0.77103, 51.25906], [0.77658, 51.26483], [0.7801, 51.26445], [0.7824, 51.26624], [0.79301, 51.26902], [0.79219, 51.27221], [0.79362, 51.27613], [0.79721, 51.2772], [0.80003, 51.27725], [0.80421, 51.28029], [0.80823, 51.28243], [0.81249, 51.28272], [0.8131, 51.28313], [0.81318, 51.28424], [0.81524, 51.28786], [0.82424, 51.28882], [0.82108, 51.29449], [0.82225, 51.29572], [0.82217, 51.29734], [0.82116, 51.29929], [0.81845, 51.30058], [0.81614, 51.30322], [0.81998, 51.30648], [0.82061, 51.30787], [0.81919, 51.30934], [0.81852, 51.30967], [0.81846, 51.31088], [0.81704, 51.31301], [0.81431, 51.31503]]]}, "properties": {"name": "ME9", "description": "ME9 postcode district"}}, {"type": "Feature", "geometry": {"type": "Polygon", "coordinates": [[[0.71519, 51.33622], [0.71516, 51.33472], [0.7148, 51.33441], [0.71549, 51.33123], [0.71453, 51.33067], [0.7136, 51.32841], [0.713, 51.32756], [0.71337, 51.32704], [0.71108, 51.32299], [0.71448, 51.32163], [0.71749, 51.32507], [0.71744, 51.32523], [0.72075, 51.32549], [0.72104, 51.32544], [0.72415, 51.32285], [0.72248, 51.31978], [0.73058, 51.31791], [0.73373, 51.32166], [0.73459, 51.32216], [0.7349, 51.32285], [0.73951, 51.32468], [0.74448, 51.32588], [0.74449, 51.32588], [0.74566, 51.32727], [0.75208, 51.32748], [0.75767, 51.32636], [0.75956, 51.32757], [0.76011, 51.32799], [0.76011, 51.32866], [0.76051, 51.33132], [0.76062, 51.33146], [0.76066, 51.33156], [0.76066, 51.33157], [0.76209, 51.33283], [0.76309, 51.33551], [0.76443, 51.33707], [0.76458, 51.33713], [0.76608, 51.33757], [0.76706, 51.33763], [0.76683, 51.34109], [0.76711, 51.34135], [0.77043, 51.34339], [0.77055, 51.34503], [0.77368, 51.34841], [0.77267, 51.34971], [0.77249, 51.35206], [0.77002, 51.35385], [0.76852, 51.3556], [0.76503, 51.36086], [0.7698, 51.36884], [0.76818, 51.37011], [0.76445, 51.37039], [0.75969, 51.37099], [0.74399, 51.38022], [0.74127, 51.37824], [0.74076, 51.37729], [0.73912, 51.37289], [0.73883, 51.37025], [0.73823, 51.37007], [0.73636, 51.36639], [0.73594, 51.36615], [0.73409, 51.36574], [0.7305, 51.36586], [0.73034, 51.36539], [0.72805, 51.36336], [0.7282, 51.36282], [0.72914, 51.36083], [0.729, 51.36053], [0.72826, 51.35962], [0.7272, 51.35885], [0.72591, 51.3584], [0.72434, 51.35734], [0.72398, 51.35721], [0.72049, 51.35755], [0.71844, 51.3568], [0.71793, 51.35677], [0.7177, 51.35676], [0.71521, 51.35608], [0.71452, 51.35412], [0.71303, 51.35378], [0.71175, 51.35278], [0.71135, 51.35269], [0.71064, 51.35209], [0.71054, 51.35092], [0.70851, 51.35018], [0.70756, 51.34962], [0.70615, 51.34907], [0.70582, 51.349], [0.7057, 51.34893], [0.70389, 51.34886], [0.70173, 51.34824], [0.70127, 51.34764], [0.6997, 51.34665], [0.6997, 51.34655], [0.69926, 51.34464], [0.6986, 51.34388], [0.70078, 51.34173], [0.70137, 51.34033], [0.70342, 51.34044], [0.70446, 51.34036], [0.70882, 51.33884], [0.70922, 51.33695], [0.71085, 51.33705], [0.71234, 51.33702], [0.71505, 51.33642], [0.71519, 51.33622]]]}, "properties": {"name": "ME10", "description": "ME10 postcode district"}}, {"type": "Feature", "geometry": {"type": "Polygon", "coordinates": [[[0.75686, 51.41755], [0.75718, 51.41869], [0.75683, 51.42], [0.75681, 51.42003], [0.75601, 51.42159], [0.7527, 51.42242], [0.75058, 51.42354], [0.74867, 51.42347], [0.74143, 51.42702], [0.72439, 51.42989], [0.71324, 51.42338], [0.70649, 51.42056], [0.70327, 51.41696], [0.6921, 51.40873], [0.69264, 51.40782], [0.7104, 51.40375], [0.72284, 51.40152], [0.72609, 51.40074], [0.73851, 51.39498], [0.75441, 51.39651], [0.75601, 51.39643], [0.76041, 51.40323], [0.75886, 51.40489], [0.75865, 51.40539], [0.75596, 51.40937], [0.75731, 51.41099], [0.75645, 51.4127], [0.75627, 51.41346], [0.75662, 51.41475], [0.75735, 51.41525], [0.75686, 51.41755]]]}, "properties": {"name": "ME11", "description": "ME11 postcode district"}}, {"type": "Feature", "geometry": {"type": "Polygon", "coordinates": [[[0.75601, 51.42159], [0.75681, 51.42003], [0.75683, 51.42], [0.75718, 51.41869], [0.75686, 51.41755], [0.75735, 51.41525], [0.75662, 51.41475], [0.75627, 51.41346], [0.75645, 51.4127], [0.75731, 51.41099], [0.75596, 51.40937], [0.75865, 51.40539], [0.75886, 51.40489], [0.76041, 51.40323], [0.75601, 51.39643], [0.76368, 51.38956], [0.77268, 51.38716], [0.76818, 51.37011], [0.7698, 51.36884], [0.79188, 51.36503], [0.81033, 51.36768], [0.82057, 51.37208], [0.84529, 51.36359], [0.8693, 51.36884], [0.87136, 51.36862], [0.88854, 51.35257], [0.90547, 51.34698], [0.91272, 51.34592], [0.91858, 51.34676], [0.93245, 51.35551], [0.936, 51.35704], [0.93614, 51.35716], [0.95719, 51.35993], [0.97342, 51.36453], [0.98154, 51.36814], [0.98632, 51.37058], [0.98684, 51.37135], [0.98817, 51.37338], [0.9891, 51.37496], [0.99067, 51.37821], [0.99189, 51.38095], [0.98882, 51.38339], [0.98842, 51.38516], [0.9871, 51.38782], [0.98499, 51.39044], [0.98237, 51.39268], [0.98153, 51.3932], [0.97887, 51.39771], [0.97845, 51.39835], [0.97758, 51.39954], [0.97708, 51.40016], [0.97203, 51.40586], [0.97065, 51.40714], [0.96772, 51.40942], [0.96402, 51.41145], [0.96003, 51.41297], [0.95562, 51.41406], [0.93923, 51.4233], [0.93866, 51.4236], [0.93756, 51.42416], [0.93697, 51.42444], [0.91927, 51.43251], [0.91745, 51.43322], [0.91384, 51.43439], [0.91187, 51.43492], [0.89414, 51.43873], [0.89224, 51.43905], [0.88858, 51.43949], [0.88663, 51.43965], [0.87648, 51.44001], [0.86085, 51.44264], [0.86039, 51.44271], [0.85952, 51.44284], [0.85906, 51.4429], [0.84072, 51.4452], [0.83187, 51.44958], [0.83014, 51.45032], [0.82672, 51.45156], [0.82484, 51.45213], [0.82178, 51.45289], [0.81944, 51.45405], [0.81544, 51.45546], [0.81135, 51.4564], [0.80684, 51.45694], [0.80278, 51.45702], [0.80154, 51.45726], [0.79968, 51.45741], [0.79857, 51.45768], [0.79477, 51.45839], [0.79064, 51.45876], [0.78667, 51.45876], [0.78459, 51.45866], [0.78111, 51.45834], [0.77672, 51.45866], [0.77566, 51.45908], [0.77185, 51.46013], [0.76762, 51.46084], [0.76647, 51.46092], [0.76578, 51.46112], [0.76605, 51.46253], [0.76615, 51.46377], [0.76606, 51.46665], [0.7659, 51.46781], [0.76538, 51.46999], [0.76498, 51.47113], [0.76289, 51.4757], [0.76232, 51.47671], [0.76174, 51.47758], [0.76108, 51.47705], [0.74133, 51.45751], [0.73883, 51.45413], [0.73141, 51.44547], [0.73232, 51.44014], [0.73238, 51.43757], [0.72439, 51.42989], [0.74143, 51.42702], [0.74867, 51.42347], [0.75058, 51.42354], [0.7527, 51.42242], [0.75601, 51.42159]]]}, "properties": {"name": "ME12", "description": "ME12 postcode district"}}, {"type": "Feature", "geometry": {"type": "Polygon", "coordinates": [[[0.91213, 51.25706], [0.91275, 51.25716], [0.92419, 51.2568], [0.92769, 51.25592], [0.92817, 51.25577], [0.93379, 51.25689], [0.93469, 51.25715], [0.93871, 51.25579], [0.93987, 51.25556], [0.94156, 51.25538], [0.94495, 51.25412], [0.95381, 51.25344], [0.95437, 51.25354], [0.95505, 51.25538], [0.95504, 51.26013], [0.95294, 51.26321], [0.95254, 51.26454], [0.95421, 51.26617], [0.95448, 51.2668], [0.95728, 51.26833], [0.96398, 51.27086], [0.97097, 51.27007], [0.98174, 51.27252], [0.98505, 51.27599], [0.98515, 51.27611], [0.98538, 51.27792], [0.98986, 51.27908], [0.99881, 51.28412], [1.0045, 51.28528], [1.0096, 51.29937], [1.00405, 51.29968], [1.00194, 51.29916], [1.00043, 51.2986], [0.99847, 51.29823], [0.99754, 51.29784], [0.98816, 51.29572], [0.98635, 51.29582], [0.97557, 51.29843], [0.97498, 51.29959], [0.97248, 51.30076], [0.9743, 51.30885], [0.97933, 51.30948], [0.98032, 51.30942], [0.98168, 51.30903], [0.98448, 51.30868], [0.98492, 51.30878], [0.98841, 51.31062], [0.99026, 51.31141], [0.99072, 51.31187], [0.99611, 51.31562], [0.9998, 51.3158], [1.00285, 51.31692], [1.00542, 51.31978], [0.99837, 51.32376], [0.99735, 51.32443], [0.99194, 51.32384], [0.99032, 51.32667], [0.99021, 51.32726], [0.98379, 51.33111], [0.98089, 51.33603], [0.97626, 51.33622], [0.97258, 51.33555], [0.96831, 51.336], [0.96056, 51.33507], [0.95279, 51.33773], [0.94922, 51.34091], [0.936, 51.35704], [0.93245, 51.35551], [0.91858, 51.34676], [0.91272, 51.34592], [0.90547, 51.34698], [0.88854, 51.35257], [0.87136, 51.36862], [0.8693, 51.36884], [0.84529, 51.36359], [0.84523, 51.3631], [0.84528, 51.35433], [0.84482, 51.35082], [0.84473, 51.34966], [0.84493, 51.34878], [0.84611, 51.34465], [0.84588, 51.34417], [0.8367, 51.33735], [0.83483, 51.32871], [0.83567, 51.32808], [0.83568, 51.32689], [0.83816, 51.32187], [0.83158, 51.32193], [0.8304, 51.32219], [0.82787, 51.32111], [0.82613, 51.3187], [0.82733, 51.31718], [0.82691, 51.31473], [0.82657, 51.31457], [0.82142, 51.31481], [0.82059, 51.31513], [0.82051, 51.31513], [0.81704, 51.31537], [0.81431, 51.31503], [0.81704, 51.31301], [0.81846, 51.31088], [0.81852, 51.30967], [0.81919, 51.30934], [0.82061, 51.30787], [0.81998, 51.30648], [0.81614, 51.30322], [0.81845, 51.30058], [0.82116, 51.29929], [0.82217, 51.29734], [0.82225, 51.29572], [0.82108, 51.29449], [0.82424, 51.28882], [0.81524, 51.28786], [0.81318, 51.28424], [0.8131, 51.28313], [0.81249, 51.28272], [0.80823, 51.28243], [0.80421, 51.28029], [0.80003, 51.27725], [0.79721, 51.2772], [0.79362, 51.27613], [0.79219, 51.27221], [0.79301, 51.26902], [0.7824, 51.26624], [0.7801, 51.26445], [0.77658, 51.26483], [0.77103, 51.25906], [0.77447, 51.25557], [0.76719, 51.25128], [0.76588, 51.25125], [0.76306, 51.2449], [0.76561, 51.24159], [0.76773, 51.24169], [0.77221, 51.24336], [0.77431, 51.24285], [0.78133, 51.2372], [0.78416, 51.2367], [0.78473, 51.23639], [0.78934, 51.23686], [0.7983, 51.23398], [0.79848, 51.23401], [0.81188, 51.22945], [0.81467, 51.23075], [0.82329, 51.23093], [0.82504, 51.23007], [0.83128, 51.2302], [0.84363, 51.22293], [0.84422, 51.2229], [0.85051, 51.22496], [0.85191, 51.22576], [0.85195, 51.22577], [0.86075, 51.23193], [0.86197, 51.23567], [0.86221, 51.23592], [0.87087, 51.23675], [0.87239, 51.23634], [0.88068, 51.23558], [0.88407, 51.23799], [0.88137, 51.24393], [0.88455, 51.24684], [0.88854, 51.24861], [0.89535, 51.24547], [0.90222, 51.24762], [0.90451, 51.24879], [0.90633, 51.24892], [0.9132, 51.25287], [0.91213, 51.25706]]]}, "properties": {"name": "ME13", "description": "ME13 postcode district"}}, {"type": "Feature", "geometry": {"type": "Polygon", "coordinates": [[[0.5284, 51.27253], [0.52853, 51.27228], [0.52922, 51.27238], [0.52981, 51.2729], [0.53062, 51.27276], [0.53074, 51.27285], [0.53159, 51.27305], [0.5316, 51.27319], [0.53205, 51.27362], [0.53209, 51.27368], [0.53324, 51.27372], [0.53335, 51.27379], [0.53468, 51.27334], [0.5356, 51.27234], [0.5358, 51.27233], [0.53639, 51.27101], [0.53643, 51.27099], [0.5373, 51.26882], [0.54107, 51.26727], [0.54162, 51.267], [0.54383, 51.26662], [0.54401, 51.26682], [0.55098, 51.26835], [0.55165, 51.26837], [0.55371, 51.26823], [0.55388, 51.26829], [0.55608, 51.26853], [0.55811, 51.27055], [0.55867, 51.27069], [0.55939, 51.27046], [0.56018, 51.26937], [0.56025, 51.26897], [0.56154, 51.26827], [0.56183, 51.26815], [0.56276, 51.26831], [0.56278, 51.2683], [0.56426, 51.26787], [0.56443, 51.26791], [0.56509, 51.26786], [0.56606, 51.26847], [0.5661, 51.26843], [0.56636, 51.2677], [0.56613, 51.26741], [0.56758, 51.26707], [0.56773, 51.26719], [0.56773, 51.26775], [0.56793, 51.26801], [0.56835, 51.26824], [0.56946, 51.26795], [0.56949, 51.2674], [0.57083, 51.2672], [0.57089, 51.26714], [0.57229, 51.26753], [0.57241, 51.26746], [0.57255, 51.26743], [0.57277, 51.26676], [0.57514, 51.2669], [0.57516, 51.26632], [0.57599, 51.26488], [0.57699, 51.26434], [0.57843, 51.26474], [0.5798, 51.26615], [0.58043, 51.26658], [0.58501, 51.26482], [0.58656, 51.26294], [0.5868, 51.26099], [0.58977, 51.26073], [0.59459, 51.25865], [0.59806, 51.25811], [0.59969, 51.25912], [0.59697, 51.26443], [0.5987, 51.26523], [0.59909, 51.26528], [0.60409, 51.26877], [0.60571, 51.26867], [0.60719, 51.26889], [0.6139, 51.2734], [0.61657, 51.27378], [0.61504, 51.28357], [0.61451, 51.28517], [0.62167, 51.28647], [0.62352, 51.29445], [0.62187, 51.29539], [0.61907, 51.30196], [0.61781, 51.30314], [0.62036, 51.30688], [0.62225, 51.30813], [0.62052, 51.31413], [0.6203, 51.31443], [0.60514, 51.31484], [0.60394, 51.31575], [0.60449, 51.31921], [0.60444, 51.3195], [0.61022, 51.32281], [0.61075, 51.32731], [0.6097, 51.32846], [0.60647, 51.32961], [0.60432, 51.33202], [0.59506, 51.33286], [0.59294, 51.33006], [0.59025, 51.32769], [0.58994, 51.32632], [0.57965, 51.32313], [0.57818, 51.32077], [0.57001, 51.31727], [0.56219, 51.31967], [0.56198, 51.32062], [0.55932, 51.32335], [0.55747, 51.32973], [0.55243, 51.32733], [0.55126, 51.32577], [0.55091, 51.32573], [0.54864, 51.32513], [0.54708, 51.32385], [0.54352, 51.32539], [0.53832, 51.32491], [0.53458, 51.32396], [0.53453, 51.3239], [0.52955, 51.32603], [0.52735, 51.32645], [0.52099, 51.32624], [0.51843, 51.3251], [0.51854, 51.32385], [0.52711, 51.31549], [0.52876, 51.3146], [0.52861, 51.31405], [0.52556, 51.31262], [0.50866, 51.31134], [0.50869, 51.30828], [0.50831, 51.30736], [0.50625, 51.30607], [0.5061, 51.30356], [0.50242, 51.30238], [0.50156, 51.30171], [0.50237, 51.29774], [0.50396, 51.29777], [0.50488, 51.29728], [0.50763, 51.29477], [0.50766, 51.29453], [0.50839, 51.29449], [0.51131, 51.29466], [0.51248, 51.2951], [0.51346, 51.29429], [0.5133, 51.29237], [0.51293, 51.29204], [0.51304, 51.29177], [0.51283, 51.29075], [0.51164, 51.28994], [0.50935, 51.28964], [0.50873, 51.28966], [0.50859, 51.28935], [0.50845, 51.28858], [0.50854, 51.28781], [0.50999, 51.28704], [0.51034, 51.28664], [0.51027, 51.28579], [0.50949, 51.28457], [0.51168, 51.28308], [0.51203, 51.28259], [0.51266, 51.28234], [0.51288, 51.2823], [0.51493, 51.28037], [0.51484, 51.2802], [0.51767, 51.27805], [0.51792, 51.27742], [0.51763, 51.27684], [0.51772, 51.27643], [0.51866, 51.27569], [0.5186, 51.27508], [0.51853, 51.27504], [0.51805, 51.27438], [0.51678, 51.27356], [0.51684, 51.27319], [0.51706, 51.27296], [0.51711, 51.27276], [0.51744, 51.27245], [0.51821, 51.27218], [0.51882, 51.27185], [0.51923, 51.2714], [0.5204, 51.27159], [0.52053, 51.27171], [0.52051, 51.27175], [0.52003, 51.27228], [0.52033, 51.27236], [0.52059, 51.2725], [0.52019, 51.27281], [0.52069, 51.27294], [0.52087, 51.27269], [0.52144, 51.27257], [0.52159, 51.27255], [0.52162, 51.27254], [0.522, 51.27255], [0.52276, 51.27241], [0.52281, 51.27246], [0.52288, 51.27265], [0.52282, 51.27283], [0.52288, 51.27298], [0.52304, 51.27314], [0.52327, 51.27349], [0.52331, 51.2735], [0.52342, 51.27363], [0.52326, 51.27394], [0.52366, 51.27389], [0.52371, 51.27364], [0.52389, 51.27355], [0.52415, 51.27355], [0.52438, 51.27336], [0.5244, 51.27333], [0.52492, 51.27328], [0.52534, 51.27314], [0.52549, 51.27315], [0.52615, 51.27289], [0.52668, 51.27299], [0.52747, 51.27302], [0.52827, 51.27262], [0.5284, 51.27253]]]}, "properties": {"name": "ME14", "description": "ME14 postcode district"}}, {"type": "Feature", "geometry": {"type": "Polygon", "coordinates": [[[0.52578, 51.23907], [0.53103, 51.24057], [0.53112, 51.24118], [0.53078, 51.24189], [0.53123, 51.24319], [0.53391, 51.24542], [0.53473, 51.24581], [0.53616, 51.24508], [0.53765, 51.24328], [0.53765, 51.24328], [0.53949, 51.24289], [0.54112, 51.24209], [0.5439, 51.24295], [0.54431, 51.24317], [0.54443, 51.24335], [0.54567, 51.24314], [0.54709, 51.24327], [0.54754, 51.24352], [0.54785, 51.24357], [0.54814, 51.24274], [0.54758, 51.24246], [0.54833, 51.24195], [0.54802, 51.24173], [0.54873, 51.24093], [0.54867, 51.24088], [0.54876, 51.24043], [0.54853, 51.24024], [0.54848, 51.23944], [0.54926, 51.23924], [0.54976, 51.23954], [0.55098, 51.2396], [0.55112, 51.23955], [0.55124, 51.23946], [0.55358, 51.23875], [0.55363, 51.23871], [0.55333, 51.23844], [0.55347, 51.23706], [0.55343, 51.23696], [0.55397, 51.23613], [0.55349, 51.23472], [0.55235, 51.23237], [0.55396, 51.23214], [0.55503, 51.23176], [0.55884, 51.23318], [0.5634, 51.23311], [0.56843, 51.23253], [0.56823, 51.23327], [0.56826, 51.23549], [0.56989, 51.23779], [0.56677, 51.2397], [0.56585, 51.2406], [0.5667, 51.24375], [0.56726, 51.24401], [0.56952, 51.24397], [0.57223, 51.24323], [0.57304, 51.2435], [0.58011, 51.24289], [0.58096, 51.24228], [0.58711, 51.24128], [0.5877, 51.2414], [0.58937, 51.24343], [0.58914, 51.24421], [0.59035, 51.24885], [0.58514, 51.25202], [0.58513, 51.25227], [0.58209, 51.25552], [0.58222, 51.25842], [0.58657, 51.26092], [0.5868, 51.26099], [0.58656, 51.26294], [0.58501, 51.26482], [0.58043, 51.26658], [0.5798, 51.26615], [0.57843, 51.26474], [0.57699, 51.26434], [0.57599, 51.26488], [0.57516, 51.26632], [0.57514, 51.2669], [0.57277, 51.26676], [0.57255, 51.26743], [0.57241, 51.26746], [0.57229, 51.26753], [0.57089, 51.26714], [0.57083, 51.2672], [0.56949, 51.2674], [0.56946, 51.26795], [0.56835, 51.26824], [0.56793, 51.26801], [0.56773, 51.26775], [0.56773, 51.26719], [0.56758, 51.26707], [0.56613, 51.26741], [0.56636, 51.2677], [0.5661, 51.26843], [0.56606, 51.26847], [0.56509, 51.26786], [0.56443, 51.26791], [0.56426, 51.26787], [0.56278, 51.2683], [0.56276, 51.26831], [0.56183, 51.26815], [0.56154, 51.26827], [0.56025, 51.26897], [0.56018, 51.26937], [0.55939, 51.27046], [0.55867, 51.27069], [0.55811, 51.27055], [0.55608, 51.26853], [0.55388, 51.26829], [0.55371, 51.26823], [0.55165, 51.26837], [0.55098, 51.26835], [0.54401, 51.26682], [0.54383, 51.26662], [0.54162, 51.267], [0.54107, 51.26727], [0.5373, 51.26882], [0.53643, 51.27099], [0.53639, 51.27101], [0.5358, 51.27233], [0.5356, 51.27234], [0.53468, 51.27334], [0.53335, 51.27379], [0.53324, 51.27372], [0.53209, 51.27368], [0.53205, 51.27362], [0.5316, 51.27319], [0.53159, 51.27305], [0.53074, 51.27285], [0.53062, 51.27276], [0.52981, 51.2729], [0.52922, 51.27238], [0.52853, 51.27228], [0.5284, 51.27253], [0.52827, 51.27262], [0.52747, 51.27302], [0.52668, 51.27299], [0.52615, 51.27289], [0.52549, 51.27315], [0.52534, 51.27314], [0.52492, 51.27328], [0.5244, 51.27333], [0.52438, 51.27336], [0.52415, 51.27355], [0.52389, 51.27355], [0.52371, 51.27364], [0.52366, 51.27389], [0.52326, 51.27394], [0.52342, 51.27363], [0.52331, 51.2735], [0.52327, 51.27349], [0.52304, 51.27314], [0.52288, 51.27298], [0.52282, 51.27283], [0.52288, 51.27265], [0.52281, 51.27246], [0.52276, 51.27241], [0.522, 51.27255], [0.52162, 51.27254], [0.52159, 51.27255], [0.52144, 51.27257], [0.52087, 51.27269], [0.52069, 51.27294], [0.52019, 51.27281], [0.52059, 51.2725], [0.52033, 51.27236], [0.52003, 51.27228], [0.52051, 51.27175], [0.52053, 51.27171], [0.5204, 51.27159], [0.51923, 51.2714], [0.51921, 51.27135], [0.51958, 51.27051], [0.52065, 51.27019], [0.52064, 51.26951], [0.51998, 51.26902], [0.51966, 51.26895], [0.5192, 51.26831], [0.51823, 51.26803], [0.51793, 51.26785], [0.51775, 51.26724], [0.51639, 51.26714], [0.51612, 51.26698], [0.51494, 51.26686], [0.51455, 51.26641], [0.51346, 51.26595], [0.51344, 51.26591], [0.51134, 51.26622], [0.5113, 51.26621], [0.51097, 51.26587], [0.50988, 51.26589], [0.50891, 51.26627], [0.50866, 51.26607], [0.50702, 51.2659], [0.50671, 51.26571], [0.50589, 51.26566], [0.50518, 51.26527], [0.50419, 51.2652], [0.50336, 51.26536], [0.50305, 51.26538], [0.50276, 51.26528], [0.50187, 51.26463], [0.5014, 51.26391], [0.5011, 51.26359], [0.50081, 51.26211], [0.49975, 51.26126], [0.49903, 51.25998], [0.49655, 51.25935], [0.49438, 51.25964], [0.49391, 51.25962], [0.49105, 51.25703], [0.49057, 51.25681], [0.49053, 51.25675], [0.48917, 51.25549], [0.48626, 51.25573], [0.4858, 51.2555], [0.48568, 51.25486], [0.48308, 51.25392], [0.48302, 51.25391], [0.48264, 51.2536], [0.48252, 51.25355], [0.4814, 51.25348], [0.48134, 51.2535], [0.4797, 51.25512], [0.47585, 51.2562], [0.47579, 51.2562], [0.47492, 51.25634], [0.47349, 51.25936], [0.47236, 51.25944], [0.47118, 51.25944], [0.46293, 51.25876], [0.46267, 51.25883], [0.46254, 51.25894], [0.45169, 51.25626], [0.45128, 51.25498], [0.45161, 51.25402], [0.4502, 51.25242], [0.44249, 51.25111], [0.44182, 51.25062], [0.4374, 51.24886], [0.43456, 51.24924], [0.43421, 51.24917], [0.43051, 51.24444], [0.43232, 51.24], [0.43336, 51.23846], [0.44053, 51.24048], [0.44532, 51.23572], [0.4467, 51.23297], [0.44655, 51.23282], [0.44808, 51.23115], [0.45578, 51.22651], [0.45526, 51.22478], [0.45547, 51.22388], [0.45084, 51.22099], [0.44703, 51.22027], [0.44478, 51.2192], [0.44345, 51.21431], [0.44702, 51.21328], [0.4493, 51.20926], [0.45232, 51.20849], [0.4586, 51.2063], [0.4602, 51.20786], [0.46794, 51.21036], [0.46987, 51.20956], [0.48254, 51.21017], [0.48133, 51.21193], [0.48092, 51.21348], [0.48872, 51.21886], [0.48546, 51.22108], [0.48511, 51.22141], [0.48521, 51.22157], [0.4856, 51.22518], [0.48396, 51.22748], [0.48503, 51.22817], [0.48629, 51.23123], [0.48568, 51.23243], [0.4852, 51.23292], [0.48417, 51.23329], [0.48428, 51.23343], [0.484, 51.23711], [0.48489, 51.23699], [0.48576, 51.23675], [0.48747, 51.23573], [0.48765, 51.23575], [0.48872, 51.23639], [0.48916, 51.2377], [0.49114, 51.23874], [0.4921, 51.23869], [0.49257, 51.23792], [0.49502, 51.2367], [0.49571, 51.23689], [0.49735, 51.23881], [0.49741, 51.23904], [0.49839, 51.23961], [0.50123, 51.23903], [0.50224, 51.23903], [0.50334, 51.23657], [0.5045, 51.23544], [0.5046, 51.23538], [0.50464, 51.23476], [0.50537, 51.23353], [0.50568, 51.23321], [0.50639, 51.23262], [0.50795, 51.23232], [0.50888, 51.23239], [0.50999, 51.23153], [0.51015, 51.23145], [0.51317, 51.23075], [0.51332, 51.23081], [0.51529, 51.23057], [0.51643, 51.23085], [0.51694, 51.23088], [0.51753, 51.23173], [0.51992, 51.2318], [0.52125, 51.23481], [0.52105, 51.23538], [0.52209, 51.23637], [0.52268, 51.2365], [0.52505, 51.23748], [0.52578, 51.23907]]]}, "properties": {"name": "ME15", "description": "ME15 postcode district"}}, {"type": "Feature", "geometry": {"type": "Polygon", "coordinates": [[[0.50949, 51.28457], [0.51027, 51.28579], [0.51034, 51.28664], [0.50999, 51.28704], [0.50854, 51.28781], [0.50845, 51.28858], [0.50859, 51.28935], [0.50873, 51.28966], [0.50935, 51.28964], [0.51164, 51.28994], [0.51283, 51.29075], [0.51304, 51.29177], [0.51293, 51.29204], [0.5133, 51.29237], [0.51346, 51.29429], [0.51248, 51.2951], [0.51131, 51.29466], [0.50839, 51.29449], [0.50766, 51.29453], [0.50763, 51.29477], [0.50488, 51.29728], [0.50396, 51.29777], [0.50237, 51.29774], [0.50093, 51.2969], [0.49474, 51.29721], [0.49254, 51.29686], [0.49193, 51.29692], [0.49193, 51.29692], [0.49185, 51.29691], [0.48862, 51.29519], [0.48826, 51.29449], [0.48983, 51.29078], [0.48894, 51.28987], [0.4849, 51.28831], [0.48333, 51.28724], [0.48296, 51.28712], [0.48271, 51.28705], [0.48268, 51.28696], [0.46895, 51.28145], [0.46916, 51.28098], [0.46821, 51.27766], [0.46153, 51.2747], [0.46002, 51.27468], [0.44933, 51.26827], [0.44989, 51.26651], [0.45046, 51.26509], [0.4477, 51.26254], [0.45169, 51.25626], [0.46254, 51.25894], [0.46267, 51.25883], [0.46293, 51.25876], [0.47118, 51.25944], [0.47236, 51.25944], [0.47349, 51.25936], [0.47492, 51.25634], [0.47579, 51.2562], [0.47585, 51.2562], [0.4797, 51.25512], [0.48134, 51.2535], [0.4814, 51.25348], [0.48252, 51.25355], [0.48264, 51.2536], [0.48302, 51.25391], [0.48308, 51.25392], [0.48568, 51.25486], [0.4858, 51.2555], [0.48626, 51.25573], [0.48917, 51.25549], [0.49053, 51.25675], [0.49057, 51.25681], [0.49105, 51.25703], [0.49391, 51.25962], [0.49438, 51.25964], [0.49655, 51.25935], [0.49903, 51.25998], [0.49975, 51.26126], [0.50081, 51.26211], [0.5011, 51.26359], [0.5014, 51.26391], [0.50187, 51.26463], [0.50276, 51.26528], [0.50305, 51.26538], [0.50336, 51.26536], [0.50419, 51.2652], [0.50518, 51.26527], [0.50589, 51.26566], [0.50671, 51.26571], [0.50702, 51.2659], [0.50866, 51.26607], [0.50891, 51.26627], [0.50988, 51.26589], [0.51097, 51.26587], [0.5113, 51.26621], [0.51134, 51.26622], [0.51344, 51.26591], [0.51346, 51.26595], [0.51455, 51.26641], [0.51494, 51.26686], [0.51612, 51.26698], [0.51639, 51.26714], [0.51775, 51.26724], [0.51793, 51.26785], [0.51823, 51.26803], [0.5192, 51.26831], [0.51966, 51.26895], [0.51998, 51.26902], [0.52064, 51.26951], [0.52065, 51.27019], [0.51958, 51.27051], [0.51921, 51.27135], [0.51923, 51.2714], [0.51882, 51.27185], [0.51821, 51.27218], [0.51744, 51.27245], [0.51711, 51.27276], [0.51706, 51.27296], [0.51684, 51.27319], [0.51678, 51.27356], [0.51805, 51.27438], [0.51853, 51.27504], [0.5186, 51.27508], [0.51866, 51.27569], [0.51772, 51.27643], [0.51763, 51.27684], [0.51792, 51.27742], [0.51767, 51.27805], [0.51484, 51.2802], [0.51493, 51.28037], [0.51288, 51.2823], [0.51266, 51.28234], [0.51203, 51.28259], [0.51168, 51.28308], [0.50949, 51.28457]]]}, "properties": {"name": "ME16", "description": "ME16 postcode district"}}, {"type": "Feature", "geometry": {"type": "Polygon", "coordinates": [[[0.5877, 51.2414], [0.58711, 51.24128], [0.58096, 51.24228], [0.58011, 51.24289], [0.57304, 51.2435], [0.57223, 51.24323], [0.56952, 51.24397], [0.56726, 51.24401], [0.5667, 51.24375], [0.56585, 51.2406], [0.56677, 51.2397], [0.56989, 51.23779], [0.56826, 51.23549], [0.56823, 51.23327], [0.56843, 51.23253], [0.5634, 51.23311], [0.55884, 51.23318], [0.55503, 51.23176], [0.55396, 51.23214], [0.55235, 51.23237], [0.55349, 51.23472], [0.55397, 51.23613], [0.55343, 51.23696], [0.55347, 51.23706], [0.55333, 51.23844], [0.55363, 51.23871], [0.55358, 51.23875], [0.55124, 51.23946], [0.55112, 51.23955], [0.55098, 51.2396], [0.54976, 51.23954], [0.54926, 51.23924], [0.54848, 51.23944], [0.54853, 51.24024], [0.54876, 51.24043], [0.54867, 51.24088], [0.54873, 51.24093], [0.54802, 51.24173], [0.54833, 51.24195], [0.54758, 51.24246], [0.54814, 51.24274], [0.54785, 51.24357], [0.54754, 51.24352], [0.54709, 51.24327], [0.54567, 51.24314], [0.54443, 51.24335], [0.54431, 51.24317], [0.5439, 51.24295], [0.54112, 51.24209], [0.53949, 51.24289], [0.53765, 51.24328], [0.53765, 51.24328], [0.53616, 51.24508], [0.53473, 51.24581], [0.53391, 51.24542], [0.53123, 51.24319], [0.53078, 51.24189], [0.53112, 51.24118], [0.53103, 51.24057], [0.52578, 51.23907], [0.52505, 51.23748], [0.52268, 51.2365], [0.52209, 51.23637], [0.52105, 51.23538], [0.52125, 51.23481], [0.51992, 51.2318], [0.51753, 51.23173], [0.51694, 51.23088], [0.51643, 51.23085], [0.51529, 51.23057], [0.51332, 51.23081], [0.51317, 51.23075], [0.51015, 51.23145], [0.50999, 51.23153], [0.50888, 51.23239], [0.50795, 51.23232], [0.50639, 51.23262], [0.50568, 51.23321], [0.50537, 51.23353], [0.50464, 51.23476], [0.5046, 51.23538], [0.5045, 51.23544], [0.50334, 51.23657], [0.50224, 51.23903], [0.50123, 51.23903], [0.49839, 51.23961], [0.49741, 51.23904], [0.49735, 51.23881], [0.49571, 51.23689], [0.49502, 51.2367], [0.49257, 51.23792], [0.4921, 51.23869], [0.49114, 51.23874], [0.48916, 51.2377], [0.48872, 51.23639], [0.48765, 51.23575], [0.48747, 51.23573], [0.48576, 51.23675], [0.48489, 51.23699], [0.484, 51.23711], [0.48428, 51.23343], [0.48417, 51.23329], [0.4852, 51.23292], [0.48568, 51.23243], [0.48629, 51.23123], [0.48503, 51.22817], [0.48396, 51.22748], [0.4856, 51.22518], [0.48521, 51.22157], [0.48511, 51.22141], [0.48546, 51.22108], [0.48872, 51.21886], [0.48092, 51.21348], [0.48133, 51.21193], [0.48254, 51.21017], [0.48644, 51.20834], [0.48777, 51.20563], [0.4893, 51.20419], [0.49913, 51.20616], [0.50018, 51.20608], [0.50704, 51.20428], [0.51223, 51.20569], [0.51281, 51.20598], [0.51483, 51.20631], [0.51788, 51.20458], [0.52122, 51.20278], [0.52912, 51.20441], [0.53394, 51.20202], [0.53741, 51.20149], [0.54007, 51.19897], [0.54168, 51.19841], [0.54356, 51.19639], [0.54548, 51.19546], [0.55471, 51.19593], [0.55841, 51.19876], [0.56114, 51.19906], [0.56567, 51.19529], [0.56563, 51.19212], [0.57151, 51.18864], [0.58072, 51.19154], [0.58111, 51.192], [0.58346, 51.19394], [0.59702, 51.19115], [0.59814, 51.19195], [0.60551, 51.19419], [0.60765, 51.19304], [0.6078, 51.19304], [0.61951, 51.19415], [0.62143, 51.19215], [0.62555, 51.19061], [0.6291, 51.19195], [0.64052, 51.18913], [0.64604, 51.19047], [0.64843, 51.19038], [0.65075, 51.19125], [0.65094, 51.19124], [0.65644, 51.19227], [0.66232, 51.19617], [0.67419, 51.1926], [0.67562, 51.19401], [0.68565, 51.19736], [0.68621, 51.19756], [0.68861, 51.19797], [0.69107, 51.20403], [0.69147, 51.20438], [0.69417, 51.20597], [0.69471, 51.20609], [0.70981, 51.20409], [0.71487, 51.20955], [0.7223, 51.21044], [0.72963, 51.2073], [0.73001, 51.20733], [0.73006, 51.20734], [0.73534, 51.21152], [0.74008, 51.21172], [0.74063, 51.21154], [0.74409, 51.20951], [0.74922, 51.21199], [0.7504, 51.2139], [0.75734, 51.21547], [0.75866, 51.2168], [0.7546, 51.22222], [0.75688, 51.22353], [0.76815, 51.22429], [0.77018, 51.22551], [0.7723, 51.22603], [0.77312, 51.22647], [0.7737, 51.22776], [0.76887, 51.23347], [0.77277, 51.23587], [0.78133, 51.2372], [0.77431, 51.24285], [0.77221, 51.24336], [0.76773, 51.24169], [0.76561, 51.24159], [0.76306, 51.2449], [0.76588, 51.25125], [0.76076, 51.25249], [0.75715, 51.25767], [0.75209, 51.25893], [0.7488, 51.25855], [0.74676, 51.25764], [0.73622, 51.26326], [0.73622, 51.26942], [0.72803, 51.26988], [0.71724, 51.26148], [0.71431, 51.26071], [0.71419, 51.26073], [0.70811, 51.2664], [0.70789, 51.26672], [0.69988, 51.27023], [0.69895, 51.27266], [0.68923, 51.27424], [0.68443, 51.26946], [0.6772, 51.26976], [0.67471, 51.27635], [0.68198, 51.28091], [0.68187, 51.28206], [0.67327, 51.28841], [0.66552, 51.28789], [0.66158, 51.29141], [0.6502, 51.29255], [0.65008, 51.29285], [0.6454, 51.29816], [0.64376, 51.29853], [0.63925, 51.30222], [0.63868, 51.30225], [0.63306, 51.29938], [0.61907, 51.30196], [0.62187, 51.29539], [0.62352, 51.29445], [0.62167, 51.28647], [0.61451, 51.28517], [0.61504, 51.28357], [0.61657, 51.27378], [0.6139, 51.2734], [0.60719, 51.26889], [0.60571, 51.26867], [0.60409, 51.26877], [0.59909, 51.26528], [0.5987, 51.26523], [0.59697, 51.26443], [0.59969, 51.25912], [0.59806, 51.25811], [0.59459, 51.25865], [0.58977, 51.26073], [0.5868, 51.26099], [0.58657, 51.26092], [0.58222, 51.25842], [0.58209, 51.25552], [0.58513, 51.25227], [0.58514, 51.25202], [0.59035, 51.24885], [0.58914, 51.24421], [0.58937, 51.24343], [0.5877, 51.2414]]]}, "properties": {"name": "ME17", "description": "ME17 postcode district"}}, {"type": "Feature", "geometry": {"type": "Polygon", "coordinates": [[[0.39565, 51.23558], [0.39557, 51.23516], [0.39537, 51.23439], [0.39195, 51.22968], [0.39174, 51.22943], [0.39431, 51.22788], [0.40004, 51.22169], [0.4051, 51.221], [0.40835, 51.21907], [0.40875, 51.21829], [0.40643, 51.21437], [0.40653, 51.21406], [0.40375, 51.20958], [0.40314, 51.20828], [0.40826, 51.20253], [0.40861, 51.19944], [0.41103, 51.19868], [0.41374, 51.1985], [0.41481, 51.19797], [0.42506, 51.19587], [0.43051, 51.19363], [0.43201, 51.19163], [0.44218, 51.19963], [0.44235, 51.19955], [0.44977, 51.20114], [0.45008, 51.20129], [0.45024, 51.20132], [0.45279, 51.20366], [0.45845, 51.20521], [0.4586, 51.2063], [0.45232, 51.20849], [0.4493, 51.20926], [0.44702, 51.21328], [0.44345, 51.21431], [0.44478, 51.2192], [0.44703, 51.22027], [0.45084, 51.22099], [0.45547, 51.22388], [0.45526, 51.22478], [0.45578, 51.22651], [0.44808, 51.23115], [0.44655, 51.23282], [0.4467, 51.23297], [0.44532, 51.23572], [0.44053, 51.24048], [0.43336, 51.23846], [0.43232, 51.24], [0.43051, 51.24444], [0.43421, 51.24917], [0.43456, 51.24924], [0.4374, 51.24886], [0.44182, 51.25062], [0.44249, 51.25111], [0.4502, 51.25242], [0.45161, 51.25402], [0.45128, 51.25498], [0.45169, 51.25626], [0.4477, 51.26254], [0.45046, 51.26509], [0.44989, 51.26651], [0.44933, 51.26827], [0.44467, 51.27061], [0.44041, 51.27136], [0.43789, 51.27046], [0.4364, 51.26886], [0.43098, 51.26869], [0.42625, 51.27044], [0.42554, 51.27053], [0.42526, 51.27061], [0.42316, 51.26975], [0.42276, 51.26938], [0.42094, 51.26666], [0.42073, 51.26621], [0.41908, 51.26506], [0.41837, 51.2645], [0.41833, 51.26451], [0.41486, 51.26463], [0.40955, 51.26602], [0.40885, 51.26605], [0.40417, 51.26527], [0.40283, 51.26468], [0.4019, 51.26245], [0.40123, 51.26246], [0.39932, 51.2624], [0.39267, 51.26162], [0.39152, 51.26131], [0.38683, 51.26179], [0.38587, 51.26253], [0.38552, 51.26306], [0.38833, 51.26513], [0.38891, 51.26585], [0.38877, 51.2685], [0.38838, 51.26864], [0.38775, 51.2687], [0.38572, 51.26932], [0.38524, 51.26959], [0.38513, 51.26961], [0.38405, 51.27004], [0.37934, 51.27114], [0.37436, 51.27621], [0.36913, 51.27792], [0.36783, 51.27682], [0.36257, 51.27478], [0.36007, 51.27397], [0.33992, 51.27241], [0.33834, 51.27117], [0.33828, 51.27056], [0.3426, 51.26383], [0.34187, 51.26237], [0.33755, 51.25921], [0.34373, 51.25235], [0.34122, 51.25166], [0.33738, 51.24659], [0.33706, 51.24644], [0.3373, 51.24282], [0.35243, 51.24092], [0.35298, 51.24107], [0.35574, 51.24094], [0.36086, 51.24331], [0.36385, 51.2439], [0.37059, 51.24217], [0.37263, 51.24317], [0.38095, 51.24827], [0.38356, 51.24861], [0.38492, 51.24818], [0.38972, 51.24736], [0.39003, 51.2472], [0.39619, 51.23792], [0.39561, 51.23723], [0.39565, 51.23558]]]}, "properties": {"name": "ME18", "description": "ME18 postcode district"}}, {"type": "Feature", "geometry": {"type": "Polygon", "coordinates": [[[0.42316, 51.26975], [0.42526, 51.27061], [0.42554, 51.27053], [0.42625, 51.27044], [0.43098, 51.26869], [0.4364, 51.26886], [0.43789, 51.27046], [0.44041, 51.27136], [0.44467, 51.27061], [0.44933, 51.26827], [0.46002, 51.27468], [0.46153, 51.2747], [0.46821, 51.27766], [0.46916, 51.28098], [0.46895, 51.28145], [0.46836, 51.28229], [0.4597, 51.28309], [0.45598, 51.28499], [0.45559, 51.28814], [0.44988, 51.28948], [0.44878, 51.28952], [0.4475, 51.28926], [0.44355, 51.2915], [0.44472, 51.29487], [0.44561, 51.29505], [0.44687, 51.29561], [0.44739, 51.29694], [0.44662, 51.29708], [0.44598, 51.29763], [0.44594, 51.29816], [0.4443, 51.29808], [0.44414, 51.29795], [0.44258, 51.29845], [0.44249, 51.29845], [0.44219, 51.29836], [0.44159, 51.29856], [0.44007, 51.29802], [0.43992, 51.2979], [0.4389, 51.29801], [0.43853, 51.29847], [0.43696, 51.29881], [0.43691, 51.29879], [0.43637, 51.29811], [0.43626, 51.29811], [0.4352, 51.29822], [0.4345, 51.29788], [0.43363, 51.29818], [0.43331, 51.29812], [0.43294, 51.29797], [0.43043, 51.29796], [0.43042, 51.29822], [0.43057, 51.29839], [0.43075, 51.29932], [0.42984, 51.30038], [0.43109, 51.30071], [0.43132, 51.301], [0.4313, 51.30118], [0.43032, 51.3019], [0.43034, 51.30196], [0.43182, 51.30262], [0.43198, 51.30275], [0.43207, 51.3029], [0.43207, 51.30296], [0.43183, 51.30326], [0.43185, 51.30335], [0.43153, 51.30395], [0.43253, 51.3051], [0.43242, 51.30523], [0.43128, 51.30526], [0.42817, 51.30717], [0.42805, 51.30718], [0.42635, 51.30941], [0.42725, 51.30983], [0.4289, 51.31143], [0.42876, 51.31579], [0.42308, 51.31681], [0.42196, 51.31772], [0.42148, 51.31795], [0.42311, 51.32212], [0.42299, 51.32286], [0.42821, 51.32444], [0.42701, 51.32603], [0.42488, 51.32721], [0.42146, 51.32871], [0.4212, 51.32861], [0.4175, 51.32867], [0.4161, 51.32944], [0.40876, 51.33369], [0.4062, 51.33732], [0.39066, 51.33439], [0.39037, 51.33395], [0.3878, 51.33249], [0.37775, 51.32871], [0.37767, 51.32859], [0.36592, 51.32808], [0.36169, 51.32723], [0.36067, 51.32677], [0.35981, 51.32586], [0.35946, 51.32567], [0.35499, 51.32695], [0.35165, 51.32679], [0.35032, 51.3263], [0.34958, 51.32562], [0.34618, 51.32558], [0.34506, 51.32521], [0.34472, 51.32501], [0.34356, 51.32322], [0.34322, 51.32076], [0.34107, 51.3187], [0.34272, 51.31749], [0.33975, 51.30848], [0.34964, 51.30799], [0.35108, 51.30757], [0.34982, 51.30316], [0.34986, 51.30308], [0.34932, 51.30069], [0.34808, 51.29993], [0.34792, 51.29935], [0.3481, 51.29779], [0.3481, 51.29778], [0.35242, 51.29464], [0.35243, 51.29461], [0.35421, 51.29325], [0.35461, 51.29127], [0.35396, 51.29091], [0.35278, 51.28836], [0.35266, 51.28786], [0.35711, 51.2826], [0.3602, 51.28225], [0.3691, 51.27823], [0.36913, 51.27792], [0.37436, 51.27621], [0.37934, 51.27114], [0.38405, 51.27004], [0.38513, 51.26961], [0.38524, 51.26959], [0.38572, 51.26932], [0.38775, 51.2687], [0.38838, 51.26864], [0.38877, 51.2685], [0.38891, 51.26585], [0.38833, 51.26513], [0.38552, 51.26306], [0.38587, 51.26253], [0.38683, 51.26179], [0.39152, 51.26131], [0.39267, 51.26162], [0.39932, 51.2624], [0.40123, 51.26246], [0.4019, 51.26245], [0.40283, 51.26468], [0.40417, 51.26527], [0.40885, 51.26605], [0.40955, 51.26602], [0.41486, 51.26463], [0.41833, 51.26451], [0.41837, 51.2645], [0.41908, 51.26506], [0.42073, 51.26621], [0.42094, 51.26666], [0.42276, 51.26938], [0.42316, 51.26975]]]}, "properties": {"name": "ME19", "description": "ME19 postcode district"}}, {"type": "Feature", "geometry": {"type": "Polygon", "coordinates": [[[0.46836, 51.28229], [0.46895, 51.28145], [0.48268, 51.28696], [0.48271, 51.28705], [0.48296, 51.28712], [0.48333, 51.28724], [0.4849, 51.28831], [0.48894, 51.28987], [0.48983, 51.29078], [0.48826, 51.29449], [0.48862, 51.29519], [0.49185, 51.29691], [0.49193, 51.29692], [0.49193, 51.29692], [0.49254, 51.29686], [0.49474, 51.29721], [0.50093, 51.2969], [0.50237, 51.29774], [0.50156, 51.30171], [0.50242, 51.30238], [0.5061, 51.30356], [0.50625, 51.30607], [0.50831, 51.30736], [0.50869, 51.30828], [0.50866, 51.31134], [0.52556, 51.31262], [0.52861, 51.31405], [0.52876, 51.3146], [0.52711, 51.31549], [0.51854, 51.32385], [0.51269, 51.3222], [0.51073, 51.31873], [0.50788, 51.31948], [0.50721, 51.32166], [0.50888, 51.32251], [0.5074, 51.32473], [0.50888, 51.32606], [0.51049, 51.327], [0.50569, 51.32854], [0.50549, 51.32854], [0.50371, 51.33086], [0.50347, 51.33093], [0.50283, 51.33105], [0.50243, 51.33109], [0.4951, 51.32819], [0.4944, 51.32818], [0.49347, 51.32612], [0.49292, 51.32594], [0.48638, 51.32155], [0.48313, 51.32258], [0.48293, 51.32268], [0.48142, 51.32398], [0.47521, 51.32505], [0.47475, 51.3251], [0.47215, 51.32554], [0.47127, 51.32405], [0.47077, 51.32332], [0.46666, 51.31887], [0.46616, 51.31838], [0.46362, 51.31897], [0.4555, 51.32119], [0.45203, 51.31891], [0.44636, 51.31759], [0.44578, 51.31767], [0.44504, 51.31744], [0.44435, 51.31726], [0.44008, 51.31649], [0.43981, 51.3164], [0.43801, 51.31554], [0.43656, 51.31581], [0.43137, 51.31614], [0.43048, 51.31589], [0.42876, 51.31579], [0.4289, 51.31143], [0.42725, 51.30983], [0.42635, 51.30941], [0.42805, 51.30718], [0.42817, 51.30717], [0.43128, 51.30526], [0.43242, 51.30523], [0.43253, 51.3051], [0.43153, 51.30395], [0.43185, 51.30335], [0.43183, 51.30326], [0.43207, 51.30296], [0.43207, 51.3029], [0.43198, 51.30275], [0.43182, 51.30262], [0.43034, 51.30196], [0.43032, 51.3019], [0.4313, 51.30118], [0.43132, 51.301], [0.43109, 51.30071], [0.42984, 51.30038], [0.43075, 51.29932], [0.43057, 51.29839], [0.43042, 51.29822], [0.43043, 51.29796], [0.43294, 51.29797], [0.43331, 51.29812], [0.43363, 51.29818], [0.4345, 51.29788], [0.4352, 51.29822], [0.43626, 51.29811], [0.43637, 51.29811], [0.43691, 51.29879], [0.43696, 51.29881], [0.43853, 51.29847], [0.4389, 51.29801], [0.43992, 51.2979], [0.44007, 51.29802], [0.44159, 51.29856], [0.44219, 51.29836], [0.44249, 51.29845], [0.44258, 51.29845], [0.44414, 51.29795], [0.4443, 51.29808], [0.44594, 51.29816], [0.44598, 51.29763], [0.44662, 51.29708], [0.44739, 51.29694], [0.44687, 51.29561], [0.44561, 51.29505], [0.44472, 51.29487], [0.44355, 51.2915], [0.4475, 51.28926], [0.44878, 51.28952], [0.44988, 51.28948], [0.45559, 51.28814], [0.45598, 51.28499], [0.4597, 51.28309], [0.46836, 51.28229]]]}, "properties": {"name": "ME20", "description": "ME20 postcode district"}}, {"type": "Feature", "geometry": {"type": "Polygon", "coordinates": [[[0.25886, 51.13343], [0.25876, 51.13341], [0.25852, 51.1332], [0.25834, 51.13293], [0.25781, 51.13259], [0.25753, 51.13189], [0.25742, 51.13181], [0.25739, 51.13096], [0.25731, 51.13066], [0.2588, 51.12973], [0.25902, 51.12911], [0.25839, 51.12856], [0.25799, 51.12834], [0.25905, 51.12747], [0.25904, 51.12737], [0.25898, 51.12715], [0.25908, 51.127], [0.25912, 51.12663], [0.25947, 51.12646], [0.25962, 51.12645], [0.26006, 51.12596], [0.26, 51.12577], [0.26141, 51.1256], [0.26145, 51.12558], [0.26167, 51.12494], [0.26279, 51.12488], [0.26318, 51.12561], [0.26402, 51.12579], [0.26357, 51.12654], [0.2637, 51.12653], [0.26437, 51.12636], [0.2645, 51.12649], [0.26437, 51.12667], [0.26442, 51.12695], [0.26476, 51.1272], [0.26511, 51.12699], [0.26526, 51.12651], [0.26534, 51.12644], [0.26643, 51.12661], [0.26725, 51.1263], [0.2677, 51.12669], [0.26859, 51.12696], [0.26896, 51.12696], [0.26922, 51.12719], [0.26917, 51.12739], [0.2694, 51.12808], [0.26946, 51.12808], [0.26977, 51.12874], [0.27006, 51.12873], [0.27065, 51.12956], [0.26994, 51.13029], [0.27076, 51.13049], [0.27145, 51.13094], [0.27167, 51.13093], [0.27184, 51.13097], [0.27265, 51.13162], [0.2724, 51.1319], [0.27314, 51.13253], [0.27368, 51.13244], [0.27471, 51.13266], [0.27489, 51.13277], [0.27363, 51.13384], [0.27371, 51.1342], [0.27315, 51.13434], [0.27258, 51.13494], [0.2735, 51.13558], [0.27326, 51.13583], [0.27344, 51.13635], [0.27435, 51.13646], [0.27444, 51.13747], [0.27494, 51.13746], [0.2753, 51.13738], [0.27553, 51.13737], [0.27599, 51.13749], [0.27623, 51.13855], [0.27609, 51.13863], [0.276, 51.13885], [0.27683, 51.1397], [0.27652, 51.1404], [0.27664, 51.14074], [0.27644, 51.14094], [0.27644, 51.14108], [0.27629, 51.14124], [0.27569, 51.14294], [0.27573, 51.14303], [0.27589, 51.14406], [0.27577, 51.14415], [0.27564, 51.14421], [0.275, 51.14437], [0.27473, 51.14505], [0.27429, 51.14555], [0.27417, 51.14636], [0.27329, 51.14664], [0.27241, 51.14614], [0.27242, 51.14595], [0.27194, 51.14567], [0.27175, 51.14568], [0.27073, 51.14504], [0.27065, 51.14495], [0.27098, 51.14473], [0.27069, 51.14406], [0.27068, 51.14405], [0.27097, 51.1432], [0.27056, 51.14304], [0.27018, 51.14305], [0.26995, 51.14311], [0.26891, 51.1428], [0.26896, 51.14244], [0.26976, 51.14202], [0.27009, 51.14158], [0.26939, 51.14137], [0.26884, 51.14097], [0.26796, 51.14111], [0.26737, 51.14144], [0.26703, 51.14147], [0.26687, 51.14134], [0.2666, 51.14048], [0.26703, 51.1402], [0.2671, 51.1401], [0.26538, 51.13972], [0.26572, 51.13911], [0.26431, 51.13875], [0.26432, 51.13817], [0.26402, 51.13806], [0.26386, 51.13806], [0.26251, 51.13765], [0.26257, 51.13756], [0.26234, 51.13744], [0.26195, 51.13691], [0.2619, 51.13689], [0.26201, 51.13676], [0.26187, 51.13648], [0.2624, 51.13628], [0.26249, 51.13612], [0.26182, 51.136], [0.26174, 51.13603], [0.261, 51.13571], [0.26128, 51.13544], [0.26129, 51.13543], [0.26122, 51.13519], [0.26028, 51.13515], [0.26011, 51.13507], [0.25998, 51.13495], [0.26, 51.13489], [0.25981, 51.13454], [0.25987, 51.13443], [0.25983, 51.13396], [0.25886, 51.13343]]]}, "properties": {"name": "TN1", "description": "TN1 postcode district"}}, {"type": "Feature", "geometry": {"type": "Polygon", "coordinates": [[[0.27644, 51.14108], [0.27644, 51.14094], [0.27664, 51.14074], [0.27652, 51.1404], [0.27683, 51.1397], [0.276, 51.13885], [0.27609, 51.13863], [0.27623, 51.13855], [0.27599, 51.13749], [0.27553, 51.13737], [0.2753, 51.13738], [0.27494, 51.13746], [0.27444, 51.13747], [0.27435, 51.13646], [0.27344, 51.13635], [0.27326, 51.13583], [0.2735, 51.13558], [0.27258, 51.13494], [0.27315, 51.13434], [0.27371, 51.1342], [0.27363, 51.13384], [0.27489, 51.13277], [0.27471, 51.13266], [0.27368, 51.13244], [0.27314, 51.13253], [0.2724, 51.1319], [0.27265, 51.13162], [0.27184, 51.13097], [0.27167, 51.13093], [0.27145, 51.13094], [0.27076, 51.13049], [0.26994, 51.13029], [0.27065, 51.12956], [0.27006, 51.12873], [0.26977, 51.12874], [0.26946, 51.12808], [0.2694, 51.12808], [0.26917, 51.12739], [0.26922, 51.12719], [0.26896, 51.12696], [0.26859, 51.12696], [0.2677, 51.12669], [0.26725, 51.1263], [0.26643, 51.12661], [0.26534, 51.12644], [0.26526, 51.12651], [0.26511, 51.12699], [0.26476, 51.1272], [0.26442, 51.12695], [0.26437, 51.12667], [0.2645, 51.12649], [0.26437, 51.12636], [0.2637, 51.12653], [0.26357, 51.12654], [0.26402, 51.12579], [0.26318, 51.12561], [0.26279, 51.12488], [0.26167, 51.12494], [0.26145, 51.12558], [0.26141, 51.1256], [0.26, 51.12577], [0.26006, 51.12596], [0.25962, 51.12645], [0.25947, 51.12646], [0.25912, 51.12663], [0.25908, 51.127], [0.25898, 51.12715], [0.25835, 51.12682], [0.25658, 51.1272], [0.25546, 51.12795], [0.25477, 51.12625], [0.25735, 51.12532], [0.257, 51.12457], [0.25626, 51.12438], [0.25599, 51.12353], [0.25504, 51.12345], [0.25481, 51.12518], [0.25309, 51.1244], [0.25331, 51.12329], [0.25259, 51.12327], [0.25109, 51.12423], [0.25043, 51.12534], [0.24964, 51.12468], [0.25006, 51.12345], [0.24979, 51.12327], [0.24841, 51.12333], [0.24744, 51.12387], [0.24736, 51.12387], [0.24749, 51.12268], [0.24771, 51.12249], [0.24722, 51.12181], [0.24725, 51.12177], [0.24728, 51.12135], [0.24727, 51.12134], [0.24701, 51.12048], [0.2473, 51.12014], [0.24618, 51.11966], [0.2463, 51.11892], [0.24572, 51.11871], [0.24543, 51.11826], [0.24562, 51.11739], [0.24494, 51.1173], [0.24258, 51.11614], [0.24326, 51.11548], [0.24323, 51.11378], [0.2464, 51.10954], [0.24786, 51.10967], [0.25179, 51.10905], [0.2534, 51.11056], [0.25824, 51.1127], [0.25977, 51.11315], [0.26233, 51.11306], [0.26412, 51.11258], [0.26445, 51.11245], [0.26481, 51.11209], [0.2678, 51.11178], [0.26809, 51.11167], [0.27553, 51.11099], [0.27729, 51.11001], [0.28195, 51.11234], [0.28815, 51.11424], [0.28816, 51.11652], [0.28834, 51.1168], [0.28821, 51.11815], [0.28845, 51.12085], [0.28897, 51.12184], [0.29101, 51.1238], [0.29386, 51.12585], [0.29935, 51.12588], [0.30294, 51.12843], [0.30355, 51.13137], [0.30746, 51.13333], [0.31589, 51.13462], [0.32622, 51.13055], [0.32746, 51.13077], [0.33171, 51.12988], [0.33328, 51.13021], [0.34183, 51.13511], [0.34314, 51.13873], [0.3482, 51.13979], [0.3518, 51.14299], [0.35069, 51.14532], [0.35055, 51.14555], [0.35628, 51.15034], [0.35288, 51.1554], [0.35313, 51.15567], [0.35476, 51.16082], [0.35486, 51.16087], [0.35647, 51.16621], [0.35189, 51.16859], [0.34947, 51.16827], [0.34892, 51.1687], [0.34396, 51.17056], [0.34367, 51.1712], [0.34172, 51.17302], [0.33874, 51.17356], [0.33307, 51.16735], [0.33051, 51.16708], [0.32791, 51.16801], [0.32465, 51.16682], [0.32197, 51.16615], [0.32046, 51.16536], [0.31408, 51.16417], [0.31351, 51.16202], [0.31941, 51.15898], [0.32014, 51.15667], [0.32021, 51.15593], [0.31854, 51.15353], [0.31662, 51.15148], [0.31646, 51.15146], [0.31181, 51.15296], [0.30902, 51.15564], [0.30075, 51.15488], [0.29989, 51.15556], [0.29963, 51.15841], [0.3009, 51.15981], [0.29948, 51.16245], [0.29939, 51.16472], [0.29318, 51.16804], [0.29184, 51.1685], [0.286, 51.16601], [0.28596, 51.16537], [0.28457, 51.1611], [0.285, 51.16056], [0.28459, 51.15812], [0.28304, 51.15466], [0.28311, 51.1543], [0.28024, 51.15423], [0.27995, 51.15474], [0.27881, 51.15516], [0.27813, 51.15521], [0.2773, 51.15486], [0.2771, 51.15467], [0.27703, 51.1541], [0.2757, 51.15362], [0.2754, 51.15251], [0.27622, 51.15187], [0.27652, 51.15182], [0.2769, 51.15081], [0.27674, 51.1506], [0.2768, 51.15034], [0.27639, 51.15006], [0.27669, 51.1496], [0.27604, 51.14953], [0.27579, 51.14942], [0.2757, 51.14928], [0.27575, 51.14922], [0.27566, 51.14865], [0.2767, 51.14841], [0.27672, 51.14835], [0.27619, 51.14779], [0.27616, 51.14755], [0.27581, 51.14735], [0.27563, 51.14733], [0.27498, 51.14682], [0.27458, 51.14675], [0.27417, 51.14636], [0.27429, 51.14555], [0.27473, 51.14505], [0.275, 51.14437], [0.27564, 51.14421], [0.27577, 51.14415], [0.27589, 51.14406], [0.27573, 51.14303], [0.27569, 51.14294], [0.27629, 51.14124], [0.27644, 51.14108]]]}, "properties": {"name": "TN2", "description": "TN2 postcode district"}}, {"type": "Feature", "geometry": {"type": "Polygon", "coordinates": [[[0.16016, 51.14159], [0.15337, 51.1449], [0.15301, 51.14724], [0.13717, 51.15026], [0.13552, 51.14675], [0.13246, 51.14484], [0.12815, 51.14411], [0.12293, 51.13743], [0.11785, 51.1379], [0.11239, 51.13426], [0.11301, 51.1326], [0.11706, 51.12849], [0.12466, 51.12758], [0.12712, 51.1287], [0.13306, 51.12783], [0.14018, 51.12204], [0.14783, 51.12209], [0.15625, 51.11858], [0.15627, 51.11847], [0.16828, 51.11503], [0.16711, 51.1089], [0.1623, 51.10734], [0.16226, 51.10727], [0.16307, 51.10469], [0.16277, 51.10292], [0.15895, 51.09975], [0.16236, 51.09786], [0.1646, 51.09478], [0.16443, 51.09384], [0.16515, 51.0917], [0.16264, 51.08779], [0.16467, 51.08504], [0.17804, 51.0857], [0.18308, 51.08336], [0.18327, 51.0832], [0.18514, 51.08307], [0.1945, 51.07761], [0.19505, 51.07633], [0.19865, 51.07379], [0.20014, 51.07062], [0.19577, 51.06784], [0.19377, 51.06436], [0.19384, 51.06352], [0.19483, 51.06194], [0.20072, 51.05708], [0.20373, 51.05609], [0.21694, 51.06217], [0.22226, 51.06252], [0.22243, 51.0626], [0.2243, 51.06381], [0.22991, 51.06551], [0.23265, 51.06752], [0.24214, 51.07014], [0.24352, 51.0716], [0.24469, 51.07535], [0.26073, 51.0742], [0.26606, 51.0746], [0.26843, 51.07195], [0.28293, 51.07666], [0.28294, 51.08001], [0.28365, 51.08022], [0.29005, 51.08036], [0.29298, 51.08261], [0.29343, 51.08287], [0.30195, 51.08599], [0.30169, 51.09126], [0.30782, 51.09237], [0.32495, 51.08746], [0.32542, 51.08749], [0.33122, 51.08465], [0.33767, 51.08542], [0.34167, 51.08752], [0.34325, 51.09406], [0.34548, 51.09484], [0.35243, 51.09424], [0.35602, 51.09215], [0.35478, 51.08935], [0.36001, 51.08416], [0.36712, 51.08575], [0.37075, 51.08389], [0.37326, 51.08381], [0.37572, 51.08527], [0.38732, 51.08374], [0.38708, 51.08259], [0.38762, 51.08111], [0.39223, 51.07668], [0.39425, 51.07524], [0.40301, 51.07375], [0.40501, 51.07735], [0.41185, 51.08006], [0.41647, 51.08611], [0.41531, 51.08924], [0.41508, 51.08967], [0.41533, 51.09], [0.41677, 51.09308], [0.41732, 51.09414], [0.41867, 51.0943], [0.4213, 51.09495], [0.42578, 51.09771], [0.42626, 51.09962], [0.41929, 51.1047], [0.41439, 51.10572], [0.41501, 51.10835], [0.41765, 51.11339], [0.41632, 51.1173], [0.40738, 51.11912], [0.40514, 51.12375], [0.40302, 51.12513], [0.3921, 51.12315], [0.38972, 51.12044], [0.38261, 51.12091], [0.37876, 51.12391], [0.37666, 51.12675], [0.37613, 51.12811], [0.37616, 51.12833], [0.36969, 51.13103], [0.36738, 51.13131], [0.36592, 51.13108], [0.36239, 51.12962], [0.35497, 51.12912], [0.35167, 51.12821], [0.35088, 51.12729], [0.33328, 51.13021], [0.33171, 51.12988], [0.32746, 51.13077], [0.32622, 51.13055], [0.31589, 51.13462], [0.30746, 51.13333], [0.30355, 51.13137], [0.30294, 51.12843], [0.29935, 51.12588], [0.29386, 51.12585], [0.29101, 51.1238], [0.28897, 51.12184], [0.28845, 51.12085], [0.28821, 51.11815], [0.28834, 51.1168], [0.28816, 51.11652], [0.28815, 51.11424], [0.28195, 51.11234], [0.27729, 51.11001], [0.27553, 51.11099], [0.26809, 51.11167], [0.2678, 51.11178], [0.26481, 51.11209], [0.26445, 51.11245], [0.26412, 51.11258], [0.26233, 51.11306], [0.25977, 51.11315], [0.25824, 51.1127], [0.2534, 51.11056], [0.25179, 51.10905], [0.24786, 51.10967], [0.2464, 51.10954], [0.24323, 51.11378], [0.24326, 51.11548], [0.24258, 51.11614], [0.24077, 51.11696], [0.24155, 51.11799], [0.24035, 51.11956], [0.23423, 51.11916], [0.23229, 51.11891], [0.23158, 51.12017], [0.23268, 51.12305], [0.23273, 51.12394], [0.23155, 51.12498], [0.23448, 51.12952], [0.23275, 51.13176], [0.23282, 51.13204], [0.2302, 51.13284], [0.22998, 51.13285], [0.22757, 51.13217], [0.22712, 51.13337], [0.22688, 51.1335], [0.22686, 51.13354], [0.22621, 51.13372], [0.22561, 51.13437], [0.22586, 51.13465], [0.22658, 51.13501], [0.22653, 51.1354], [0.22567, 51.13565], [0.22547, 51.13541], [0.22429, 51.13492], [0.22389, 51.13501], [0.22382, 51.13566], [0.22356, 51.13598], [0.22245, 51.1362], [0.22078, 51.13774], [0.2218, 51.13825], [0.22245, 51.13877], [0.22317, 51.13956], [0.22347, 51.14128], [0.22293, 51.14279], [0.22474, 51.14422], [0.22879, 51.14389], [0.23017, 51.14228], [0.23077, 51.14188], [0.23307, 51.14111], [0.23465, 51.14085], [0.2362, 51.1412], [0.23885, 51.14111], [0.24192, 51.1432], [0.24215, 51.14464], [0.24257, 51.14569], [0.24635, 51.14773], [0.24599, 51.14848], [0.24601, 51.14911], [0.24546, 51.15144], [0.24538, 51.15156], [0.24445, 51.15493], [0.24455, 51.155], [0.24509, 51.15576], [0.24398, 51.15741], [0.24247, 51.15847], [0.24098, 51.15911], [0.23961, 51.16083], [0.24084, 51.1624], [0.24265, 51.163], [0.24285, 51.16398], [0.24267, 51.16602], [0.23886, 51.16729], [0.23975, 51.16825], [0.2387, 51.16892], [0.23866, 51.16922], [0.2397, 51.17063], [0.23948, 51.17147], [0.24008, 51.17225], [0.24166, 51.17587], [0.23778, 51.17618], [0.23253, 51.17526], [0.2313, 51.17394], [0.22288, 51.17192], [0.21889, 51.17427], [0.21904, 51.1774], [0.21418, 51.17924], [0.20776, 51.17928], [0.19974, 51.17632], [0.19955, 51.17454], [0.19986, 51.17389], [0.19998, 51.1737], [0.20382, 51.17139], [0.20614, 51.16686], [0.2057, 51.16398], [0.20665, 51.16303], [0.2071, 51.15902], [0.20854, 51.15802], [0.20989, 51.15608], [0.21007, 51.15459], [0.20985, 51.15424], [0.20464, 51.15343], [0.20223, 51.1513], [0.20044, 51.1504], [0.19947, 51.14944], [0.19859, 51.14955], [0.19253, 51.1485], [0.18611, 51.15235], [0.18085, 51.15003], [0.17781, 51.1507], [0.17147, 51.1489], [0.17025, 51.1473], [0.16958, 51.14696], [0.16714, 51.1466], [0.16475, 51.14477], [0.16226, 51.14237], [0.16016, 51.14159]]]}, "properties": {"name": "TN3", "description": "TN3 postcode district"}}, {"type": "Feature", "geometry": {"type": "Polygon", "coordinates": [[[0.24267, 51.16602], [0.24285, 51.16398], [0.24265, 51.163], [0.24084, 51.1624], [0.23961, 51.16083], [0.24098, 51.15911], [0.24247, 51.15847], [0.24398, 51.15741], [0.24509, 51.15576], [0.24455, 51.155], [0.24445, 51.15493], [0.24538, 51.15156], [0.24546, 51.15144], [0.24601, 51.14911], [0.24599, 51.14848], [0.24635, 51.14773], [0.24257, 51.14569], [0.24215, 51.14464], [0.24192, 51.1432], [0.23885, 51.14111], [0.2362, 51.1412], [0.23465, 51.14085], [0.23307, 51.14111], [0.23077, 51.14188], [0.23017, 51.14228], [0.22879, 51.14389], [0.22474, 51.14422], [0.22293, 51.14279], [0.22347, 51.14128], [0.22317, 51.13956], [0.22245, 51.13877], [0.2218, 51.13825], [0.22078, 51.13774], [0.22245, 51.1362], [0.22356, 51.13598], [0.22382, 51.13566], [0.22389, 51.13501], [0.22429, 51.13492], [0.22547, 51.13541], [0.22567, 51.13565], [0.22653, 51.1354], [0.22658, 51.13501], [0.22586, 51.13465], [0.22561, 51.13437], [0.22621, 51.13372], [0.22686, 51.13354], [0.22688, 51.1335], [0.22712, 51.13337], [0.22757, 51.13217], [0.22998, 51.13285], [0.2302, 51.13284], [0.23282, 51.13204], [0.23275, 51.13176], [0.23448, 51.12952], [0.23155, 51.12498], [0.23273, 51.12394], [0.23268, 51.12305], [0.23158, 51.12017], [0.23229, 51.11891], [0.23423, 51.11916], [0.24035, 51.11956], [0.24155, 51.11799], [0.24077, 51.11696], [0.24258, 51.11614], [0.24494, 51.1173], [0.24562, 51.11739], [0.24543, 51.11826], [0.24572, 51.11871], [0.2463, 51.11892], [0.24618, 51.11966], [0.2473, 51.12014], [0.24701, 51.12048], [0.24727, 51.12134], [0.24728, 51.12135], [0.24725, 51.12177], [0.24722, 51.12181], [0.24771, 51.12249], [0.24749, 51.12268], [0.24736, 51.12387], [0.24744, 51.12387], [0.24841, 51.12333], [0.24979, 51.12327], [0.25006, 51.12345], [0.24964, 51.12468], [0.25043, 51.12534], [0.25109, 51.12423], [0.25259, 51.12327], [0.25331, 51.12329], [0.25309, 51.1244], [0.25481, 51.12518], [0.25504, 51.12345], [0.25599, 51.12353], [0.25626, 51.12438], [0.257, 51.12457], [0.25735, 51.12532], [0.25477, 51.12625], [0.25546, 51.12795], [0.25658, 51.1272], [0.25835, 51.12682], [0.25898, 51.12715], [0.25904, 51.12737], [0.25905, 51.12747], [0.25799, 51.12834], [0.25839, 51.12856], [0.25902, 51.12911], [0.2588, 51.12973], [0.25731, 51.13066], [0.25739, 51.13096], [0.25742, 51.13181], [0.25753, 51.13189], [0.25781, 51.13259], [0.25834, 51.13293], [0.25852, 51.1332], [0.25876, 51.13341], [0.25886, 51.13343], [0.25983, 51.13396], [0.25987, 51.13443], [0.25981, 51.13454], [0.26, 51.13489], [0.25998, 51.13495], [0.26011, 51.13507], [0.26028, 51.13515], [0.26122, 51.13519], [0.26129, 51.13543], [0.26128, 51.13544], [0.261, 51.13571], [0.26174, 51.13603], [0.26182, 51.136], [0.26249, 51.13612], [0.2624, 51.13628], [0.26187, 51.13648], [0.26201, 51.13676], [0.2619, 51.13689], [0.26195, 51.13691], [0.26234, 51.13744], [0.26257, 51.13756], [0.26251, 51.13765], [0.26386, 51.13806], [0.26402, 51.13806], [0.26432, 51.13817], [0.26431, 51.13875], [0.26572, 51.13911], [0.26538, 51.13972], [0.2671, 51.1401], [0.26703, 51.1402], [0.2666, 51.14048], [0.26687, 51.14134], [0.26703, 51.14147], [0.26737, 51.14144], [0.26796, 51.14111], [0.26884, 51.14097], [0.26939, 51.14137], [0.27009, 51.14158], [0.26976, 51.14202], [0.26896, 51.14244], [0.26891, 51.1428], [0.26995, 51.14311], [0.27018, 51.14305], [0.27056, 51.14304], [0.27097, 51.1432], [0.27068, 51.14405], [0.27069, 51.14406], [0.27098, 51.14473], [0.27065, 51.14495], [0.27073, 51.14504], [0.27175, 51.14568], [0.27194, 51.14567], [0.27242, 51.14595], [0.27241, 51.14614], [0.27329, 51.14664], [0.27417, 51.14636], [0.27458, 51.14675], [0.27498, 51.14682], [0.27563, 51.14733], [0.27581, 51.14735], [0.27616, 51.14755], [0.27619, 51.14779], [0.27672, 51.14835], [0.2767, 51.14841], [0.27566, 51.14865], [0.27575, 51.14922], [0.2757, 51.14928], [0.27579, 51.14942], [0.27604, 51.14953], [0.27669, 51.1496], [0.27639, 51.15006], [0.2768, 51.15034], [0.27674, 51.1506], [0.2769, 51.15081], [0.27652, 51.15182], [0.27622, 51.15187], [0.2754, 51.15251], [0.2757, 51.15362], [0.27703, 51.1541], [0.2771, 51.15467], [0.2773, 51.15486], [0.27813, 51.15521], [0.27881, 51.15516], [0.27995, 51.15474], [0.28024, 51.15423], [0.28311, 51.1543], [0.28304, 51.15466], [0.28459, 51.15812], [0.285, 51.16056], [0.28457, 51.1611], [0.28596, 51.16537], [0.286, 51.16601], [0.27866, 51.16731], [0.27343, 51.16658], [0.26629, 51.16863], [0.26628, 51.16865], [0.26641, 51.1721], [0.26694, 51.17466], [0.26661, 51.17505], [0.26812, 51.17807], [0.26633, 51.18027], [0.2652, 51.18125], [0.26208, 51.18182], [0.26154, 51.18164], [0.25771, 51.18201], [0.25566, 51.18123], [0.25407, 51.18042], [0.25151, 51.17867], [0.25009, 51.17834], [0.24883, 51.17785], [0.24694, 51.17765], [0.24583, 51.17692], [0.24542, 51.17672], [0.24166, 51.17587], [0.24008, 51.17225], [0.23948, 51.17147], [0.2397, 51.17063], [0.23866, 51.16922], [0.2387, 51.16892], [0.23975, 51.16825], [0.23886, 51.16729], [0.24267, 51.16602]]]}, "properties": {"name": "TN4", "description": "TN4 postcode district"}}, {"type": "Feature", "geometry": {"type": "Polygon", "coordinates": [[[0.30195, 51.08599], [0.29343, 51.08287], [0.29298, 51.08261], [0.29005, 51.08036], [0.28365, 51.08022], [0.28294, 51.08001], [0.28293, 51.07666], [0.26843, 51.07195], [0.26918, 51.06834], [0.27362, 51.06635], [0.28581, 51.0667], [0.28819, 51.06185], [0.28699, 51.05697], [0.28698, 51.05693], [0.29501, 51.05242], [0.28945, 51.04771], [0.28533, 51.04623], [0.2867, 51.04183], [0.28733, 51.04125], [0.29248, 51.04018], [0.29833, 51.0357], [0.30142, 51.03463], [0.30327, 51.03021], [0.31271, 51.02416], [0.31766, 51.02507], [0.32481, 51.02474], [0.33289, 51.0225], [0.33345, 51.02217], [0.34039, 51.02123], [0.34443, 51.02145], [0.35677, 51.01452], [0.36217, 51.01403], [0.3643, 51.01284], [0.36629, 51.01279], [0.38006, 51.01372], [0.38299, 51.01228], [0.38979, 51.01402], [0.40294, 51.01894], [0.40229, 51.02286], [0.41058, 51.02969], [0.41902, 51.03252], [0.42285, 51.03164], [0.4313, 51.0328], [0.44055, 51.04156], [0.44445, 51.04123], [0.45825, 51.04461], [0.45972, 51.04453], [0.46026, 51.04577], [0.46186, 51.06044], [0.46398, 51.06221], [0.46091, 51.06633], [0.45506, 51.06768], [0.44736, 51.07292], [0.44553, 51.07349], [0.43987, 51.08022], [0.4361, 51.08189], [0.43122, 51.08109], [0.42635, 51.08376], [0.41647, 51.08611], [0.41185, 51.08006], [0.40501, 51.07735], [0.40301, 51.07375], [0.39425, 51.07524], [0.39223, 51.07668], [0.38762, 51.08111], [0.38708, 51.08259], [0.38732, 51.08374], [0.37572, 51.08527], [0.37326, 51.08381], [0.37075, 51.08389], [0.36712, 51.08575], [0.36001, 51.08416], [0.35478, 51.08935], [0.35602, 51.09215], [0.35243, 51.09424], [0.34548, 51.09484], [0.34325, 51.09406], [0.34167, 51.08752], [0.33767, 51.08542], [0.33122, 51.08465], [0.32542, 51.08749], [0.32495, 51.08746], [0.30782, 51.09237], [0.30169, 51.09126], [0.30195, 51.08599]]]}, "properties": {"name": "TN5", "description": "TN5 postcode district"}}, {"type": "Feature", "geometry": {"type": "Polygon", "coordinates": [[[0.12043, 51.04491], [0.12444, 51.03462], [0.12505, 51.03407], [0.12502, 51.03357], [0.12663, 51.02922], [0.14006, 51.02759], [0.14199, 51.02697], [0.1446, 51.02657], [0.14741, 51.02145], [0.15182, 51.01956], [0.15957, 51.01254], [0.16989, 51.01618], [0.18129, 51.01695], [0.18226, 51.01565], [0.18902, 51.0139], [0.20352, 51.01735], [0.20892, 51.01502], [0.20942, 51.01519], [0.21769, 51.01546], [0.22145, 51.0199], [0.22153, 51.02251], [0.22661, 51.02371], [0.22834, 51.02909], [0.23834, 51.02693], [0.23775, 51.02992], [0.23888, 51.03209], [0.23909, 51.03291], [0.24092, 51.03384], [0.24378, 51.03434], [0.24607, 51.03558], [0.24627, 51.0359], [0.24796, 51.03703], [0.25192, 51.0373], [0.25702, 51.04425], [0.25884, 51.04444], [0.26117, 51.04365], [0.26937, 51.04453], [0.27661, 51.04899], [0.27884, 51.04786], [0.28533, 51.04623], [0.28945, 51.04771], [0.29501, 51.05242], [0.28698, 51.05693], [0.28699, 51.05697], [0.28819, 51.06185], [0.28581, 51.0667], [0.27362, 51.06635], [0.26918, 51.06834], [0.26843, 51.07195], [0.26606, 51.0746], [0.26073, 51.0742], [0.24469, 51.07535], [0.24352, 51.0716], [0.24214, 51.07014], [0.23265, 51.06752], [0.22991, 51.06551], [0.2243, 51.06381], [0.22243, 51.0626], [0.22226, 51.06252], [0.21694, 51.06217], [0.20373, 51.05609], [0.20072, 51.05708], [0.19483, 51.06194], [0.19384, 51.06352], [0.19377, 51.06436], [0.19577, 51.06784], [0.20014, 51.07062], [0.19865, 51.07379], [0.19505, 51.07633], [0.1945, 51.07761], [0.18514, 51.08307], [0.18327, 51.0832], [0.18308, 51.08336], [0.17804, 51.0857], [0.16467, 51.08504], [0.16264, 51.08779], [0.16515, 51.0917], [0.16443, 51.09384], [0.1646, 51.09478], [0.16236, 51.09786], [0.15895, 51.09975], [0.15123, 51.09842], [0.15081, 51.09458], [0.1503, 51.0931], [0.13677, 51.08917], [0.13759, 51.08533], [0.12821, 51.08021], [0.11925, 51.07745], [0.11751, 51.07252], [0.11852, 51.06956], [0.10116, 51.06317], [0.10564, 51.04942], [0.11039, 51.04782], [0.11371, 51.04826], [0.12043, 51.04491]]]}, "properties": {"name": "TN6", "description": "TN6 postcode district"}}, {"type": "Feature", "geometry": {"type": "Polygon", "coordinates": [[[0.06935, 51.11198], [0.07556, 51.10334], [0.06824, 51.09858], [0.06666, 51.09804], [0.06171, 51.09821], [0.05971, 51.09804], [0.05938, 51.09306], [0.06008, 51.09201], [0.06076, 51.0918], [0.06208, 51.08969], [0.05843, 51.08752], [0.05566, 51.08879], [0.05177, 51.08799], [0.04861, 51.07927], [0.05126, 51.07891], [0.055, 51.0768], [0.0607, 51.06618], [0.06901, 51.06439], [0.07216, 51.06045], [0.07985, 51.05938], [0.08155, 51.05923], [0.0967, 51.06384], [0.10116, 51.06317], [0.11852, 51.06956], [0.11751, 51.07252], [0.11925, 51.07745], [0.12821, 51.08021], [0.13759, 51.08533], [0.13677, 51.08917], [0.1503, 51.0931], [0.15081, 51.09458], [0.15123, 51.09842], [0.15895, 51.09975], [0.16277, 51.10292], [0.16307, 51.10469], [0.16226, 51.10727], [0.1623, 51.10734], [0.16711, 51.1089], [0.16828, 51.11503], [0.15627, 51.11847], [0.15625, 51.11858], [0.14783, 51.12209], [0.14018, 51.12204], [0.13306, 51.12783], [0.12712, 51.1287], [0.12466, 51.12758], [0.11706, 51.12849], [0.11301, 51.1326], [0.10116, 51.12731], [0.10069, 51.12603], [0.10038, 51.12592], [0.08958, 51.1265], [0.08472, 51.12468], [0.08009, 51.12615], [0.06142, 51.12581], [0.06079, 51.1254], [0.06146, 51.119], [0.0678, 51.11236], [0.06935, 51.11198]]]}, "properties": {"name": "TN7", "description": "TN7 postcode district"}}, {"type": "Feature", "geometry": {"type": "Polygon", "coordinates": [[[0.04663, 51.15809], [0.04254, 51.15409], [0.04896, 51.14585], [0.04706, 51.14328], [0.04873, 51.14172], [0.04976, 51.14099], [0.05397, 51.14052], [0.05638, 51.13916], [0.06408, 51.13943], [0.0652, 51.13865], [0.06349, 51.12972], [0.06285, 51.12904], [0.06142, 51.12581], [0.08009, 51.12615], [0.08472, 51.12468], [0.08958, 51.1265], [0.10038, 51.12592], [0.10069, 51.12603], [0.10116, 51.12731], [0.11301, 51.1326], [0.11239, 51.13426], [0.11785, 51.1379], [0.12293, 51.13743], [0.12815, 51.14411], [0.13246, 51.14484], [0.13552, 51.14675], [0.13717, 51.15026], [0.15301, 51.14724], [0.1543, 51.1488], [0.15765, 51.14969], [0.16116, 51.15088], [0.16319, 51.15332], [0.15986, 51.15649], [0.16049, 51.15804], [0.16055, 51.16167], [0.15372, 51.16362], [0.1527, 51.16845], [0.15239, 51.16881], [0.16522, 51.17638], [0.16601, 51.17654], [0.16671, 51.1785], [0.16703, 51.18009], [0.16768, 51.18109], [0.16907, 51.18226], [0.16997, 51.18815], [0.16853, 51.19009], [0.16663, 51.1919], [0.16503, 51.19234], [0.16407, 51.19399], [0.16264, 51.19554], [0.16543, 51.20493], [0.16639, 51.20487], [0.16913, 51.20535], [0.16971, 51.20562], [0.17618, 51.20995], [0.17687, 51.21575], [0.17536, 51.21646], [0.17102, 51.22315], [0.16362, 51.22429], [0.15738, 51.22759], [0.14955, 51.22473], [0.14381, 51.21702], [0.13519, 51.22068], [0.12508, 51.21997], [0.1241, 51.22791], [0.11715, 51.22884], [0.1184, 51.23848], [0.11776, 51.23909], [0.10531, 51.23412], [0.10502, 51.23411], [0.10001, 51.23623], [0.09259, 51.23429], [0.09144, 51.23441], [0.08293, 51.23318], [0.08186, 51.23596], [0.07943, 51.23786], [0.07818, 51.24145], [0.07693, 51.24231], [0.07803, 51.24657], [0.07643, 51.24709], [0.06807, 51.24654], [0.06567, 51.24736], [0.06523, 51.24778], [0.06598, 51.25455], [0.05997, 51.2552], [0.05313, 51.255], [0.05233, 51.25469], [0.05023, 51.24974], [0.05028, 51.2493], [0.0506, 51.24866], [0.05115, 51.2482], [0.05341, 51.23972], [0.05329, 51.23952], [0.05287, 51.23923], [0.04376, 51.23964], [0.03655, 51.23222], [0.03443, 51.23174], [0.03262, 51.22663], [0.02587, 51.22482], [0.02319, 51.22461], [0.01914, 51.22179], [0.01944, 51.2191], [0.01049, 51.21327], [0.0136, 51.21035], [0.01509, 51.20712], [0.0136, 51.20383], [0.0156, 51.1996], [0.01417, 51.19711], [0.01288, 51.19604], [0.01603, 51.18386], [0.01419, 51.18225], [0.01796, 51.17709], [0.02436, 51.1733], [0.02785, 51.17356], [0.03081, 51.17161], [0.03455, 51.16718], [0.03278, 51.16245], [0.04663, 51.15809]]]}, "properties": {"name": "TN8", "description": "TN8 postcode district"}}, {"type": "Feature", "geometry": {"type": "Polygon", "coordinates": [[[0.27804, 51.20473], [0.2777, 51.20391], [0.27798, 51.20368], [0.27948, 51.20326], [0.27914, 51.20288], [0.27902, 51.20251], [0.27826, 51.20205], [0.27809, 51.2015], [0.27828, 51.20128], [0.27756, 51.20081], [0.27746, 51.20079], [0.27628, 51.20103], [0.27593, 51.20092], [0.27366, 51.20132], [0.27337, 51.20155], [0.27381, 51.20182], [0.27429, 51.20192], [0.27625, 51.202], [0.27656, 51.20243], [0.2761, 51.20271], [0.27604, 51.203], [0.27475, 51.20312], [0.27459, 51.2031], [0.27433, 51.20341], [0.27433, 51.20401], [0.2731, 51.20406], [0.27225, 51.20385], [0.27224, 51.20382], [0.27223, 51.20364], [0.27239, 51.20347], [0.27308, 51.2016], [0.27078, 51.2015], [0.26857, 51.2017], [0.26796, 51.20121], [0.26424, 51.19879], [0.2609, 51.20011], [0.25943, 51.20046], [0.25903, 51.20044], [0.25413, 51.20072], [0.25152, 51.19534], [0.24992, 51.19337], [0.24992, 51.19337], [0.25267, 51.1914], [0.25227, 51.19029], [0.25089, 51.18851], [0.24935, 51.18706], [0.25055, 51.18578], [0.25077, 51.18537], [0.25096, 51.18455], [0.25009, 51.17834], [0.25151, 51.17867], [0.25407, 51.18042], [0.25566, 51.18123], [0.25771, 51.18201], [0.26154, 51.18164], [0.26208, 51.18182], [0.2652, 51.18125], [0.26633, 51.18027], [0.26812, 51.17807], [0.27077, 51.1797], [0.27191, 51.17997], [0.27571, 51.18023], [0.27718, 51.18025], [0.27719, 51.1804], [0.27648, 51.18222], [0.27693, 51.18345], [0.27897, 51.18416], [0.27922, 51.18413], [0.28065, 51.18302], [0.28304, 51.18335], [0.28338, 51.18354], [0.28464, 51.1834], [0.28592, 51.18479], [0.28961, 51.18482], [0.28935, 51.18567], [0.2895, 51.18592], [0.28954, 51.18656], [0.29195, 51.18842], [0.29494, 51.18969], [0.29374, 51.19036], [0.29268, 51.19154], [0.29345, 51.19356], [0.29154, 51.19449], [0.29108, 51.19594], [0.28473, 51.19463], [0.28337, 51.19586], [0.29502, 51.20004], [0.29487, 51.20023], [0.29322, 51.20297], [0.29299, 51.20461], [0.29272, 51.20519], [0.29231, 51.20548], [0.28979, 51.20636], [0.28819, 51.20507], [0.28831, 51.20491], [0.28758, 51.20397], [0.28548, 51.20394], [0.28534, 51.20384], [0.28346, 51.20431], [0.28334, 51.20488], [0.28178, 51.2055], [0.28178, 51.20551], [0.2809, 51.20648], [0.28002, 51.20679], [0.27961, 51.20639], [0.28025, 51.20521], [0.27968, 51.20503], [0.27899, 51.20549], [0.27823, 51.20557], [0.27768, 51.20526], [0.27767, 51.20501], [0.27804, 51.20473]]]}, "properties": {"name": "TN9", "description": "TN9 postcode district"}}, {"type": "Feature", "geometry": {"type": "Polygon", "coordinates": [[[0.28002, 51.20679], [0.2809, 51.20648], [0.28178, 51.20551], [0.28178, 51.2055], [0.28334, 51.20488], [0.28346, 51.20431], [0.28534, 51.20384], [0.28548, 51.20394], [0.28758, 51.20397], [0.28831, 51.20491], [0.28819, 51.20507], [0.28979, 51.20636], [0.29231, 51.20548], [0.29272, 51.20519], [0.29299, 51.20461], [0.29322, 51.20297], [0.29487, 51.20023], [0.29502, 51.20004], [0.29769, 51.19969], [0.2993, 51.1992], [0.302, 51.1988], [0.30952, 51.20098], [0.30744, 51.20361], [0.30668, 51.20572], [0.30721, 51.20878], [0.31053, 51.21042], [0.31239, 51.21046], [0.3123, 51.21083], [0.31043, 51.21437], [0.30923, 51.21507], [0.30707, 51.2152], [0.30674, 51.21529], [0.30623, 51.21506], [0.3047, 51.2148], [0.30231, 51.2149], [0.30193, 51.215], [0.30043, 51.21599], [0.29987, 51.21704], [0.29985, 51.21802], [0.29668, 51.21814], [0.29552, 51.21862], [0.29501, 51.21899], [0.29414, 51.22082], [0.29432, 51.22213], [0.29115, 51.22305], [0.29102, 51.22305], [0.28878, 51.22035], [0.28876, 51.22034], [0.28864, 51.22034], [0.28855, 51.22035], [0.28754, 51.22129], [0.28676, 51.22093], [0.28602, 51.22074], [0.28479, 51.22075], [0.28465, 51.22093], [0.28211, 51.2213], [0.28095, 51.2226], [0.28085, 51.22279], [0.28084, 51.22411], [0.27617, 51.22393], [0.27446, 51.22265], [0.26525, 51.22274], [0.26519, 51.22274], [0.26503, 51.22264], [0.26353, 51.22035], [0.26291, 51.2195], [0.26781, 51.21831], [0.27153, 51.21627], [0.27182, 51.21495], [0.27171, 51.21477], [0.26589, 51.21348], [0.26439, 51.21349], [0.2646, 51.21152], [0.26261, 51.21008], [0.26254, 51.21001], [0.26198, 51.20862], [0.26104, 51.20816], [0.261, 51.20816], [0.2598, 51.20727], [0.26078, 51.20648], [0.26071, 51.20635], [0.26065, 51.2063], [0.25898, 51.20544], [0.26019, 51.20412], [0.26037, 51.20297], [0.25943, 51.20046], [0.2609, 51.20011], [0.26424, 51.19879], [0.26796, 51.20121], [0.26857, 51.2017], [0.27078, 51.2015], [0.27308, 51.2016], [0.27239, 51.20347], [0.27223, 51.20364], [0.27224, 51.20382], [0.27225, 51.20385], [0.2731, 51.20406], [0.27433, 51.20401], [0.27433, 51.20341], [0.27459, 51.2031], [0.27475, 51.20312], [0.27604, 51.203], [0.2761, 51.20271], [0.27656, 51.20243], [0.27625, 51.202], [0.27429, 51.20192], [0.27381, 51.20182], [0.27337, 51.20155], [0.27366, 51.20132], [0.27593, 51.20092], [0.27628, 51.20103], [0.27746, 51.20079], [0.27756, 51.20081], [0.27828, 51.20128], [0.27809, 51.2015], [0.27826, 51.20205], [0.27902, 51.20251], [0.27914, 51.20288], [0.27948, 51.20326], [0.27798, 51.20368], [0.2777, 51.20391], [0.27804, 51.20473], [0.27767, 51.20501], [0.27768, 51.20526], [0.27823, 51.20557], [0.27899, 51.20549], [0.27968, 51.20503], [0.28025, 51.20521], [0.27961, 51.20639], [0.28002, 51.20679]]]}, "properties": {"name": "TN10", "description": "TN10 postcode district"}}, {"type": "Feature", "geometry": {"type": "Polygon", "coordinates": [[[0.3712, 51.22398], [0.37172, 51.22422], [0.37386, 51.22604], [0.36858, 51.23276], [0.37222, 51.23407], [0.37336, 51.23797], [0.37063, 51.2421], [0.37059, 51.24217], [0.36385, 51.2439], [0.36086, 51.24331], [0.35574, 51.24094], [0.35298, 51.24107], [0.35243, 51.24092], [0.3373, 51.24282], [0.33706, 51.24644], [0.33738, 51.24659], [0.34122, 51.25166], [0.34373, 51.25235], [0.33755, 51.25921], [0.33395, 51.25699], [0.33127, 51.25613], [0.3253, 51.25781], [0.31803, 51.25538], [0.3175, 51.25477], [0.3174, 51.25474], [0.31082, 51.2544], [0.30812, 51.25595], [0.30597, 51.25603], [0.30556, 51.25597], [0.301, 51.25429], [0.3008, 51.25418], [0.30035, 51.25422], [0.29757, 51.25425], [0.29003, 51.25316], [0.28956, 51.25336], [0.28966, 51.2553], [0.28759, 51.26177], [0.28749, 51.26187], [0.27692, 51.25993], [0.276, 51.25841], [0.27588, 51.25347], [0.26842, 51.25054], [0.25666, 51.25462], [0.25154, 51.25211], [0.25028, 51.24378], [0.24345, 51.24239], [0.24376, 51.23953], [0.2435, 51.23636], [0.24361, 51.23621], [0.2431, 51.23404], [0.24181, 51.23346], [0.24025, 51.23203], [0.23859, 51.23159], [0.23152, 51.23617], [0.2308, 51.23641], [0.22847, 51.23591], [0.22009, 51.24249], [0.21358, 51.23542], [0.21126, 51.23455], [0.20841, 51.23443], [0.20431, 51.23256], [0.20402, 51.23234], [0.20742, 51.22483], [0.20296, 51.22277], [0.19949, 51.2233], [0.19359, 51.22308], [0.18815, 51.21925], [0.18683, 51.21682], [0.18641, 51.21637], [0.17687, 51.21575], [0.17618, 51.20995], [0.16971, 51.20562], [0.16913, 51.20535], [0.16639, 51.20487], [0.16543, 51.20493], [0.16264, 51.19554], [0.16407, 51.19399], [0.16503, 51.19234], [0.16663, 51.1919], [0.16853, 51.19009], [0.16997, 51.18815], [0.16907, 51.18226], [0.16768, 51.18109], [0.16703, 51.18009], [0.16671, 51.1785], [0.16601, 51.17654], [0.16522, 51.17638], [0.15239, 51.16881], [0.1527, 51.16845], [0.15372, 51.16362], [0.16055, 51.16167], [0.16049, 51.15804], [0.15986, 51.15649], [0.16319, 51.15332], [0.16116, 51.15088], [0.15765, 51.14969], [0.1543, 51.1488], [0.15301, 51.14724], [0.15337, 51.1449], [0.16016, 51.14159], [0.16226, 51.14237], [0.16475, 51.14477], [0.16714, 51.1466], [0.16958, 51.14696], [0.17025, 51.1473], [0.17147, 51.1489], [0.17781, 51.1507], [0.18085, 51.15003], [0.18611, 51.15235], [0.19253, 51.1485], [0.19859, 51.14955], [0.19947, 51.14944], [0.20044, 51.1504], [0.20223, 51.1513], [0.20464, 51.15343], [0.20985, 51.15424], [0.21007, 51.15459], [0.20989, 51.15608], [0.20854, 51.15802], [0.2071, 51.15902], [0.20665, 51.16303], [0.2057, 51.16398], [0.20614, 51.16686], [0.20382, 51.17139], [0.19998, 51.1737], [0.19986, 51.17389], [0.19955, 51.17454], [0.19974, 51.17632], [0.20776, 51.17928], [0.21418, 51.17924], [0.21904, 51.1774], [0.21889, 51.17427], [0.22288, 51.17192], [0.2313, 51.17394], [0.23253, 51.17526], [0.23778, 51.17618], [0.24166, 51.17587], [0.24542, 51.17672], [0.24583, 51.17692], [0.24694, 51.17765], [0.24883, 51.17785], [0.25009, 51.17834], [0.25096, 51.18455], [0.25077, 51.18537], [0.25055, 51.18578], [0.24935, 51.18706], [0.25089, 51.18851], [0.25227, 51.19029], [0.25267, 51.1914], [0.24992, 51.19337], [0.24992, 51.19337], [0.25152, 51.19534], [0.25413, 51.20072], [0.25903, 51.20044], [0.25943, 51.20046], [0.26037, 51.20297], [0.26019, 51.20412], [0.25898, 51.20544], [0.26065, 51.2063], [0.26071, 51.20635], [0.26078, 51.20648], [0.2598, 51.20727], [0.261, 51.20816], [0.26104, 51.20816], [0.26198, 51.20862], [0.26254, 51.21001], [0.26261, 51.21008], [0.2646, 51.21152], [0.26439, 51.21349], [0.26589, 51.21348], [0.27171, 51.21477], [0.27182, 51.21495], [0.27153, 51.21627], [0.26781, 51.21831], [0.26291, 51.2195], [0.26353, 51.22035], [0.26503, 51.22264], [0.26519, 51.22274], [0.26525, 51.22274], [0.27446, 51.22265], [0.27617, 51.22393], [0.28084, 51.22411], [0.28085, 51.22279], [0.28095, 51.2226], [0.28211, 51.2213], [0.28465, 51.22093], [0.28479, 51.22075], [0.28602, 51.22074], [0.28676, 51.22093], [0.28754, 51.22129], [0.28855, 51.22035], [0.28864, 51.22034], [0.28876, 51.22034], [0.28878, 51.22035], [0.29102, 51.22305], [0.29115, 51.22305], [0.29432, 51.22213], [0.29414, 51.22082], [0.29501, 51.21899], [0.29552, 51.21862], [0.29668, 51.21814], [0.29985, 51.21802], [0.29987, 51.21704], [0.30043, 51.21599], [0.30193, 51.215], [0.30231, 51.2149], [0.3047, 51.2148], [0.30623, 51.21506], [0.30674, 51.21529], [0.30707, 51.2152], [0.30923, 51.21507], [0.31043, 51.21437], [0.3123, 51.21083], [0.31239, 51.21046], [0.31053, 51.21042], [0.30721, 51.20878], [0.30668, 51.20572], [0.30744, 51.20361], [0.30952, 51.20098], [0.302, 51.1988], [0.2993, 51.1992], [0.29769, 51.19969], [0.29502, 51.20004], [0.28337, 51.19586], [0.28473, 51.19463], [0.29108, 51.19594], [0.29154, 51.19449], [0.29345, 51.19356], [0.29268, 51.19154], [0.29374, 51.19036], [0.29494, 51.18969], [0.29195, 51.18842], [0.28954, 51.18656], [0.2895, 51.18592], [0.28935, 51.18567], [0.28961, 51.18482], [0.28592, 51.18479], [0.28464, 51.1834], [0.28338, 51.18354], [0.28304, 51.18335], [0.28065, 51.18302], [0.27922, 51.18413], [0.27897, 51.18416], [0.27693, 51.18345], [0.27648, 51.18222], [0.27719, 51.1804], [0.27718, 51.18025], [0.27571, 51.18023], [0.27191, 51.17997], [0.27077, 51.1797], [0.26812, 51.17807], [0.26661, 51.17505], [0.26694, 51.17466], [0.26641, 51.1721], [0.26628, 51.16865], [0.26629, 51.16863], [0.27343, 51.16658], [0.27866, 51.16731], [0.286, 51.16601], [0.29184, 51.1685], [0.29318, 51.16804], [0.29939, 51.16472], [0.29948, 51.16245], [0.3009, 51.15981], [0.29963, 51.15841], [0.29989, 51.15556], [0.30075, 51.15488], [0.30902, 51.15564], [0.31181, 51.15296], [0.31646, 51.15146], [0.31662, 51.15148], [0.31854, 51.15353], [0.32021, 51.15593], [0.32014, 51.15667], [0.31941, 51.15898], [0.31351, 51.16202], [0.31408, 51.16417], [0.32046, 51.16536], [0.32197, 51.16615], [0.32465, 51.16682], [0.32791, 51.16801], [0.33051, 51.16708], [0.33307, 51.16735], [0.33874, 51.17356], [0.33613, 51.17544], [0.33622, 51.17604], [0.34089, 51.17891], [0.33795, 51.18528], [0.3395, 51.18688], [0.33957, 51.18728], [0.34257, 51.19472], [0.34921, 51.19646], [0.34937, 51.19645], [0.35485, 51.19692], [0.35514, 51.19749], [0.35997, 51.20388], [0.3602, 51.20444], [0.36223, 51.20874], [0.36593, 51.21045], [0.36643, 51.21105], [0.36735, 51.21305], [0.36934, 51.2137], [0.37099, 51.21621], [0.37174, 51.21715], [0.37176, 51.21722], [0.37046, 51.22106], [0.37055, 51.22114], [0.3712, 51.22398]]]}, "properties": {"name": "TN11", "description": "TN11 postcode district"}}, {"type": "Feature", "geometry": {"type": "Polygon", "coordinates": [[[0.56916, 51.14693], [0.57058, 51.14756], [0.57751, 51.1579], [0.58375, 51.15748], [0.59125, 51.15958], [0.59049, 51.16465], [0.58465, 51.16966], [0.59261, 51.17389], [0.58778, 51.17879], [0.59182, 51.1819], [0.59394, 51.18409], [0.59615, 51.18447], [0.59706, 51.1851], [0.59702, 51.19115], [0.58346, 51.19394], [0.58111, 51.192], [0.58072, 51.19154], [0.57151, 51.18864], [0.56563, 51.19212], [0.56567, 51.19529], [0.56114, 51.19906], [0.55841, 51.19876], [0.55471, 51.19593], [0.54548, 51.19546], [0.54356, 51.19639], [0.54168, 51.19841], [0.54007, 51.19897], [0.53741, 51.20149], [0.53394, 51.20202], [0.52912, 51.20441], [0.52122, 51.20278], [0.51788, 51.20458], [0.51483, 51.20631], [0.51281, 51.20598], [0.51223, 51.20569], [0.50704, 51.20428], [0.50018, 51.20608], [0.49913, 51.20616], [0.4893, 51.20419], [0.48777, 51.20563], [0.48644, 51.20834], [0.48254, 51.21017], [0.46987, 51.20956], [0.46794, 51.21036], [0.4602, 51.20786], [0.4586, 51.2063], [0.45845, 51.20521], [0.45279, 51.20366], [0.45024, 51.20132], [0.45008, 51.20129], [0.44977, 51.20114], [0.44235, 51.19955], [0.44218, 51.19963], [0.43201, 51.19163], [0.43051, 51.19363], [0.42506, 51.19587], [0.41481, 51.19797], [0.41374, 51.1985], [0.41103, 51.19868], [0.40861, 51.19944], [0.40826, 51.20253], [0.40314, 51.20828], [0.40375, 51.20958], [0.40653, 51.21406], [0.40643, 51.21437], [0.40875, 51.21829], [0.40835, 51.21907], [0.4051, 51.221], [0.40004, 51.22169], [0.39431, 51.22788], [0.39174, 51.22943], [0.39195, 51.22968], [0.39537, 51.23439], [0.39557, 51.23516], [0.39565, 51.23558], [0.39561, 51.23723], [0.39619, 51.23792], [0.39003, 51.2472], [0.38972, 51.24736], [0.38492, 51.24818], [0.38356, 51.24861], [0.38095, 51.24827], [0.37263, 51.24317], [0.37059, 51.24217], [0.37063, 51.2421], [0.37336, 51.23797], [0.37222, 51.23407], [0.36858, 51.23276], [0.37386, 51.22604], [0.37172, 51.22422], [0.3712, 51.22398], [0.37055, 51.22114], [0.37046, 51.22106], [0.37176, 51.21722], [0.37174, 51.21715], [0.37099, 51.21621], [0.36934, 51.2137], [0.36735, 51.21305], [0.36643, 51.21105], [0.36593, 51.21045], [0.36223, 51.20874], [0.3602, 51.20444], [0.35997, 51.20388], [0.35514, 51.19749], [0.35485, 51.19692], [0.34937, 51.19645], [0.34921, 51.19646], [0.34257, 51.19472], [0.33957, 51.18728], [0.3395, 51.18688], [0.33795, 51.18528], [0.34089, 51.17891], [0.33622, 51.17604], [0.33613, 51.17544], [0.33874, 51.17356], [0.34172, 51.17302], [0.34367, 51.1712], [0.34396, 51.17056], [0.34892, 51.1687], [0.34947, 51.16827], [0.35189, 51.16859], [0.35647, 51.16621], [0.35486, 51.16087], [0.35476, 51.16082], [0.35313, 51.15567], [0.35288, 51.1554], [0.35628, 51.15034], [0.35055, 51.14555], [0.35069, 51.14532], [0.3518, 51.14299], [0.3482, 51.13979], [0.34314, 51.13873], [0.34183, 51.13511], [0.33328, 51.13021], [0.35088, 51.12729], [0.35167, 51.12821], [0.35497, 51.12912], [0.36239, 51.12962], [0.36592, 51.13108], [0.36738, 51.13131], [0.36969, 51.13103], [0.37616, 51.12833], [0.37613, 51.12811], [0.37666, 51.12675], [0.37876, 51.12391], [0.38261, 51.12091], [0.38972, 51.12044], [0.3921, 51.12315], [0.40302, 51.12513], [0.40514, 51.12375], [0.40738, 51.11912], [0.41632, 51.1173], [0.41765, 51.11339], [0.42559, 51.11194], [0.43344, 51.11435], [0.43789, 51.11394], [0.4403, 51.11574], [0.44182, 51.11594], [0.44545, 51.11872], [0.44811, 51.12402], [0.4508, 51.12492], [0.45101, 51.12493], [0.45302, 51.12509], [0.45309, 51.12514], [0.45407, 51.12636], [0.45432, 51.1268], [0.45312, 51.13392], [0.4548, 51.13561], [0.45804, 51.13636], [0.46173, 51.13984], [0.4643, 51.14036], [0.46635, 51.14148], [0.46928, 51.14236], [0.47191, 51.14197], [0.47295, 51.14141], [0.47913, 51.14125], [0.48626, 51.14269], [0.48748, 51.14273], [0.4881, 51.14274], [0.49019, 51.1444], [0.49543, 51.14344], [0.50044, 51.13834], [0.5026, 51.13852], [0.50539, 51.14033], [0.51912, 51.14276], [0.52088, 51.14091], [0.52103, 51.13709], [0.52346, 51.13609], [0.5423, 51.13564], [0.54306, 51.137], [0.5439, 51.13744], [0.54626, 51.13751], [0.5532, 51.13921], [0.55436, 51.13959], [0.56147, 51.14332], [0.5628, 51.14324], [0.56828, 51.14511], [0.56916, 51.14693]]]}, "properties": {"name": "TN12", "description": "TN12 postcode district"}}, {"type": "Feature", "geometry": {"type": "Polygon", "coordinates": [[[0.20265, 51.2718], [0.20001, 51.27503], [0.20042, 51.2762], [0.20505, 51.27757], [0.20624, 51.2776], [0.20624, 51.27761], [0.20624, 51.27764], [0.20704, 51.27938], [0.20459, 51.2805], [0.20477, 51.28149], [0.20498, 51.28156], [0.20502, 51.2822], [0.20647, 51.28276], [0.20656, 51.28274], [0.20913, 51.28343], [0.20846, 51.28497], [0.21144, 51.28697], [0.21178, 51.2871], [0.21157, 51.28749], [0.20983, 51.28865], [0.20962, 51.28867], [0.20799, 51.28925], [0.20627, 51.28915], [0.20628, 51.28912], [0.20677, 51.28821], [0.20658, 51.28781], [0.20626, 51.28776], [0.20483, 51.28821], [0.20361, 51.28822], [0.20339, 51.2881], [0.20331, 51.28783], [0.20187, 51.28709], [0.20074, 51.28749], [0.19977, 51.28752], [0.19964, 51.28778], [0.19828, 51.28835], [0.19789, 51.2882], [0.19774, 51.28801], [0.1973, 51.28778], [0.1969, 51.28845], [0.19658, 51.28841], [0.19568, 51.28879], [0.19551, 51.28855], [0.1938, 51.28848], [0.19375, 51.28836], [0.19232, 51.28818], [0.19117, 51.28945], [0.18997, 51.28954], [0.18904, 51.28953], [0.18639, 51.29015], [0.18611, 51.29019], [0.18592, 51.29031], [0.18168, 51.29194], [0.17958, 51.29065], [0.17867, 51.29034], [0.17853, 51.2903], [0.1722, 51.29208], [0.17219, 51.2921], [0.17195, 51.29256], [0.17196, 51.29299], [0.17158, 51.2937], [0.17156, 51.2941], [0.17248, 51.29533], [0.17258, 51.29539], [0.17399, 51.29733], [0.17384, 51.29785], [0.17309, 51.29866], [0.17053, 51.30068], [0.17018, 51.30207], [0.16881, 51.30265], [0.16847, 51.30294], [0.16804, 51.30346], [0.16767, 51.30396], [0.16656, 51.30617], [0.16632, 51.30644], [0.16263, 51.30789], [0.15802, 51.30739], [0.15551, 51.31315], [0.14688, 51.3108], [0.14998, 51.30699], [0.15317, 51.30585], [0.15389, 51.304], [0.15443, 51.30349], [0.15462, 51.30321], [0.15461, 51.29504], [0.15351, 51.2937], [0.15345, 51.2937], [0.15177, 51.29393], [0.14406, 51.2908], [0.14127, 51.28902], [0.13868, 51.28855], [0.13427, 51.28485], [0.13449, 51.28475], [0.14077, 51.28322], [0.14522, 51.28342], [0.14534, 51.28333], [0.14689, 51.28152], [0.14832, 51.27903], [0.1482, 51.2787], [0.14741, 51.27726], [0.15195, 51.27294], [0.15243, 51.27301], [0.16589, 51.26919], [0.16643, 51.26825], [0.16771, 51.26807], [0.17019, 51.26691], [0.1702, 51.2669], [0.17334, 51.26382], [0.17338, 51.26339], [0.17208, 51.26014], [0.17148, 51.25937], [0.17799, 51.25855], [0.17863, 51.25808], [0.17434, 51.25377], [0.1698, 51.25277], [0.1722, 51.25162], [0.17941, 51.25052], [0.18113, 51.24825], [0.18025, 51.2452], [0.18926, 51.24721], [0.19214, 51.2466], [0.19615, 51.24464], [0.19846, 51.24436], [0.19902, 51.24453], [0.19935, 51.24509], [0.20128, 51.24644], [0.20552, 51.25437], [0.20691, 51.25524], [0.207, 51.25708], [0.20757, 51.25845], [0.20351, 51.26162], [0.20261, 51.26344], [0.20333, 51.26679], [0.20572, 51.26914], [0.20381, 51.27108], [0.20378, 51.2711], [0.20265, 51.2718]]]}, "properties": {"name": "TN13", "description": "TN13 postcode district"}}, {"type": "Feature", "geometry": {"type": "Polygon", "coordinates": [[[0.1969, 51.28845], [0.1973, 51.28778], [0.19774, 51.28801], [0.19789, 51.2882], [0.19828, 51.28835], [0.19964, 51.28778], [0.19977, 51.28752], [0.20074, 51.28749], [0.20187, 51.28709], [0.20331, 51.28783], [0.20339, 51.2881], [0.20361, 51.28822], [0.20483, 51.28821], [0.20626, 51.28776], [0.20658, 51.28781], [0.20677, 51.28821], [0.20628, 51.28912], [0.20627, 51.28915], [0.20799, 51.28925], [0.20962, 51.28867], [0.20983, 51.28865], [0.20971, 51.29], [0.21095, 51.29062], [0.21085, 51.29242], [0.20926, 51.29558], [0.20892, 51.29586], [0.2075, 51.29608], [0.20654, 51.2968], [0.20463, 51.30055], [0.20429, 51.30077], [0.20378, 51.30104], [0.20238, 51.30231], [0.20239, 51.30267], [0.20135, 51.30599], [0.20334, 51.30799], [0.20423, 51.3094], [0.20518, 51.30925], [0.20847, 51.30902], [0.20902, 51.30863], [0.20913, 51.30861], [0.21058, 51.30871], [0.21141, 51.30973], [0.21119, 51.3101], [0.21213, 51.31043], [0.21499, 51.3141], [0.21514, 51.3146], [0.21597, 51.31522], [0.2158, 51.31592], [0.21398, 51.31824], [0.20693, 51.31879], [0.20259, 51.32381], [0.21269, 51.32942], [0.21294, 51.33008], [0.21213, 51.3337], [0.21047, 51.336], [0.20759, 51.33674], [0.20282, 51.34039], [0.20119, 51.34696], [0.19936, 51.34812], [0.18229, 51.34776], [0.17792, 51.35978], [0.16466, 51.35497], [0.16125, 51.35035], [0.15669, 51.34987], [0.1553, 51.34942], [0.14884, 51.34581], [0.1475, 51.34589], [0.14537, 51.34613], [0.1439, 51.34707], [0.1424, 51.3473], [0.13499, 51.34726], [0.12939, 51.34964], [0.12787, 51.34888], [0.12303, 51.34857], [0.12284, 51.3485], [0.11967, 51.34711], [0.11849, 51.34708], [0.11732, 51.344], [0.11749, 51.34377], [0.11803, 51.34269], [0.11754, 51.34247], [0.11621, 51.34244], [0.11589, 51.34221], [0.11507, 51.34082], [0.11577, 51.34009], [0.11847, 51.33926], [0.12036, 51.33825], [0.12143, 51.33723], [0.12121, 51.33693], [0.12093, 51.3356], [0.121, 51.33538], [0.12157, 51.33432], [0.12186, 51.33273], [0.11737, 51.33068], [0.11325, 51.33002], [0.11174, 51.32576], [0.11233, 51.32443], [0.10599, 51.3201], [0.10491, 51.31943], [0.0937, 51.32684], [0.09319, 51.32693], [0.08957, 51.33241], [0.09035, 51.33525], [0.09155, 51.33662], [0.09322, 51.33841], [0.09104, 51.34102], [0.09033, 51.3421], [0.07391, 51.34396], [0.07316, 51.34122], [0.07283, 51.34067], [0.07001, 51.33862], [0.0647, 51.3362], [0.06469, 51.33236], [0.06624, 51.33167], [0.06679, 51.33132], [0.06804, 51.32615], [0.06764, 51.32492], [0.06596, 51.32411], [0.06375, 51.32253], [0.06418, 51.32178], [0.06716, 51.32016], [0.06752, 51.3197], [0.06876, 51.31708], [0.06863, 51.31641], [0.06854, 51.31636], [0.06836, 51.31585], [0.06808, 51.31451], [0.06822, 51.31147], [0.07398, 51.31177], [0.07632, 51.31007], [0.07617, 51.30953], [0.07265, 51.30464], [0.0737, 51.30326], [0.07376, 51.30309], [0.0798, 51.30193], [0.08073, 51.30171], [0.08212, 51.29955], [0.09127, 51.29794], [0.09115, 51.29728], [0.09181, 51.2928], [0.10425, 51.29209], [0.10643, 51.29099], [0.10677, 51.28987], [0.11287, 51.2877], [0.11719, 51.28447], [0.11668, 51.28165], [0.11676, 51.28152], [0.11438, 51.27888], [0.11438, 51.27872], [0.1146, 51.27778], [0.11621, 51.27642], [0.11715, 51.27616], [0.11746, 51.27592], [0.11829, 51.27164], [0.11339, 51.27108], [0.11089, 51.26556], [0.11212, 51.26276], [0.11253, 51.26234], [0.11244, 51.26208], [0.11069, 51.26066], [0.11049, 51.26042], [0.11005, 51.25962], [0.10911, 51.25891], [0.10597, 51.25673], [0.10595, 51.25654], [0.10629, 51.25546], [0.10632, 51.25343], [0.10873, 51.24928], [0.10933, 51.24925], [0.11708, 51.24624], [0.11784, 51.24427], [0.11831, 51.24177], [0.11772, 51.24083], [0.11776, 51.23909], [0.1184, 51.23848], [0.11715, 51.22884], [0.1241, 51.22791], [0.12508, 51.21997], [0.13519, 51.22068], [0.14381, 51.21702], [0.14955, 51.22473], [0.15738, 51.22759], [0.16362, 51.22429], [0.17102, 51.22315], [0.17536, 51.21646], [0.17687, 51.21575], [0.18641, 51.21637], [0.18683, 51.21682], [0.18815, 51.21925], [0.19359, 51.22308], [0.19949, 51.2233], [0.20296, 51.22277], [0.20742, 51.22483], [0.20402, 51.23234], [0.20431, 51.23256], [0.20841, 51.23443], [0.20595, 51.24242], [0.19902, 51.24453], [0.19846, 51.24436], [0.19615, 51.24464], [0.19214, 51.2466], [0.18926, 51.24721], [0.18025, 51.2452], [0.18113, 51.24825], [0.17941, 51.25052], [0.1722, 51.25162], [0.1698, 51.25277], [0.17434, 51.25377], [0.17863, 51.25808], [0.17799, 51.25855], [0.17148, 51.25937], [0.17208, 51.26014], [0.17338, 51.26339], [0.17334, 51.26382], [0.1702, 51.2669], [0.17019, 51.26691], [0.16771, 51.26807], [0.16643, 51.26825], [0.16589, 51.26919], [0.15243, 51.27301], [0.15195, 51.27294], [0.14741, 51.27726], [0.1482, 51.2787], [0.14832, 51.27903], [0.14689, 51.28152], [0.14534, 51.28333], [0.14522, 51.28342], [0.14077, 51.28322], [0.13449, 51.28475], [0.13427, 51.28485], [0.13868, 51.28855], [0.14127, 51.28902], [0.14406, 51.2908], [0.15177, 51.29393], [0.15345, 51.2937], [0.15351, 51.2937], [0.15461, 51.29504], [0.15462, 51.30321], [0.15443, 51.30349], [0.15389, 51.304], [0.15317, 51.30585], [0.14998, 51.30699], [0.14688, 51.3108], [0.15551, 51.31315], [0.15802, 51.30739], [0.16263, 51.30789], [0.16632, 51.30644], [0.16656, 51.30617], [0.16767, 51.30396], [0.16804, 51.30346], [0.16847, 51.30294], [0.16881, 51.30265], [0.17018, 51.30207], [0.17053, 51.30068], [0.17309, 51.29866], [0.17384, 51.29785], [0.17399, 51.29733], [0.17258, 51.29539], [0.17248, 51.29533], [0.17156, 51.2941], [0.17158, 51.2937], [0.17196, 51.29299], [0.17195, 51.29256], [0.17219, 51.2921], [0.1722, 51.29208], [0.17853, 51.2903], [0.17867, 51.29034], [0.17958, 51.29065], [0.18168, 51.29194], [0.18592, 51.29031], [0.18611, 51.29019], [0.18639, 51.29015], [0.18904, 51.28953], [0.18997, 51.28954], [0.19117, 51.28945], [0.19232, 51.28818], [0.19375, 51.28836], [0.1938, 51.28848], [0.19551, 51.28855], [0.19568, 51.28879], [0.19658, 51.28841], [0.1969, 51.28845]]]}, "properties": {"name": "TN14", "description": "TN14 postcode district"}}, {"type": "Feature", "geometry": {"type": "Polygon", "coordinates": [[[0.3253, 51.25781], [0.33127, 51.25613], [0.33395, 51.25699], [0.33755, 51.25921], [0.34187, 51.26237], [0.3426, 51.26383], [0.33828, 51.27056], [0.33834, 51.27117], [0.33992, 51.27241], [0.36007, 51.27397], [0.36257, 51.27478], [0.36783, 51.27682], [0.36913, 51.27792], [0.3691, 51.27823], [0.3602, 51.28225], [0.35711, 51.2826], [0.35266, 51.28786], [0.35278, 51.28836], [0.35396, 51.29091], [0.35461, 51.29127], [0.35421, 51.29325], [0.35243, 51.29461], [0.35242, 51.29464], [0.3481, 51.29778], [0.3481, 51.29779], [0.34792, 51.29935], [0.34808, 51.29993], [0.34932, 51.30069], [0.34986, 51.30308], [0.34982, 51.30316], [0.35108, 51.30757], [0.34964, 51.30799], [0.33975, 51.30848], [0.34272, 51.31749], [0.34107, 51.3187], [0.34322, 51.32076], [0.34356, 51.32322], [0.33975, 51.32557], [0.33963, 51.32596], [0.34325, 51.32557], [0.34196, 51.3273], [0.343, 51.32765], [0.34381, 51.32829], [0.34417, 51.32888], [0.34282, 51.33066], [0.34786, 51.33259], [0.34526, 51.33495], [0.34544, 51.33643], [0.34535, 51.33663], [0.34069, 51.33819], [0.34052, 51.34038], [0.33973, 51.3418], [0.3406, 51.34232], [0.34265, 51.34387], [0.34325, 51.34519], [0.34324, 51.34524], [0.34036, 51.34892], [0.34408, 51.3518], [0.34387, 51.35397], [0.34157, 51.3569], [0.33827, 51.35908], [0.33024, 51.35664], [0.32306, 51.35859], [0.3144, 51.35581], [0.3141, 51.35587], [0.31011, 51.35568], [0.30944, 51.35576], [0.3065, 51.35594], [0.30384, 51.35853], [0.30184, 51.35953], [0.30057, 51.35999], [0.30025, 51.36111], [0.30076, 51.36184], [0.30081, 51.36221], [0.30066, 51.36365], [0.30192, 51.36444], [0.30139, 51.36526], [0.30081, 51.36534], [0.29956, 51.36475], [0.30049, 51.36301], [0.29877, 51.36372], [0.29864, 51.36405], [0.29694, 51.36426], [0.29571, 51.36572], [0.29566, 51.36573], [0.29504, 51.36833], [0.29285, 51.37075], [0.29281, 51.37073], [0.28319, 51.3687], [0.28382, 51.36591], [0.2883, 51.36305], [0.28559, 51.36098], [0.28031, 51.36067], [0.28246, 51.35424], [0.27988, 51.35164], [0.27722, 51.35244], [0.27347, 51.35458], [0.27292, 51.35466], [0.26694, 51.35548], [0.26571, 51.35628], [0.26393, 51.35858], [0.26129, 51.35931], [0.25714, 51.35705], [0.25342, 51.35645], [0.25312, 51.3568], [0.24553, 51.36055], [0.24453, 51.3569], [0.24424, 51.35355], [0.23782, 51.34897], [0.23659, 51.34833], [0.23142, 51.34896], [0.22594, 51.34733], [0.22301, 51.34226], [0.21047, 51.336], [0.21213, 51.3337], [0.21294, 51.33008], [0.21269, 51.32942], [0.20259, 51.32381], [0.20693, 51.31879], [0.21398, 51.31824], [0.2158, 51.31592], [0.21597, 51.31522], [0.21514, 51.3146], [0.21499, 51.3141], [0.21213, 51.31043], [0.21119, 51.3101], [0.21141, 51.30973], [0.21058, 51.30871], [0.20913, 51.30861], [0.20902, 51.30863], [0.20847, 51.30902], [0.20518, 51.30925], [0.20423, 51.3094], [0.20334, 51.30799], [0.20135, 51.30599], [0.20239, 51.30267], [0.20238, 51.30231], [0.20378, 51.30104], [0.20429, 51.30077], [0.20463, 51.30055], [0.20654, 51.2968], [0.2075, 51.29608], [0.20892, 51.29586], [0.20926, 51.29558], [0.21085, 51.29242], [0.21095, 51.29062], [0.20971, 51.29], [0.20983, 51.28865], [0.21157, 51.28749], [0.21178, 51.2871], [0.21144, 51.28697], [0.20846, 51.28497], [0.20913, 51.28343], [0.20656, 51.28274], [0.20647, 51.28276], [0.20502, 51.2822], [0.20498, 51.28156], [0.20477, 51.28149], [0.20459, 51.2805], [0.20704, 51.27938], [0.20624, 51.27764], [0.20624, 51.27761], [0.20624, 51.2776], [0.20505, 51.27757], [0.20042, 51.2762], [0.20001, 51.27503], [0.20265, 51.2718], [0.20378, 51.2711], [0.20381, 51.27108], [0.20572, 51.26914], [0.20333, 51.26679], [0.20261, 51.26344], [0.20351, 51.26162], [0.20757, 51.25845], [0.207, 51.25708], [0.20691, 51.25524], [0.20552, 51.25437], [0.20128, 51.24644], [0.19935, 51.24509], [0.19902, 51.24453], [0.20595, 51.24242], [0.20841, 51.23443], [0.21126, 51.23455], [0.21358, 51.23542], [0.22009, 51.24249], [0.22847, 51.23591], [0.2308, 51.23641], [0.23152, 51.23617], [0.23859, 51.23159], [0.24025, 51.23203], [0.24181, 51.23346], [0.2431, 51.23404], [0.24361, 51.23621], [0.2435, 51.23636], [0.24376, 51.23953], [0.24345, 51.24239], [0.25028, 51.24378], [0.25154, 51.25211], [0.25666, 51.25462], [0.26842, 51.25054], [0.27588, 51.25347], [0.276, 51.25841], [0.27692, 51.25993], [0.28749, 51.26187], [0.28759, 51.26177], [0.28966, 51.2553], [0.28956, 51.25336], [0.29003, 51.25316], [0.29757, 51.25425], [0.30035, 51.25422], [0.3008, 51.25418], [0.301, 51.25429], [0.30556, 51.25597], [0.30597, 51.25603], [0.30812, 51.25595], [0.31082, 51.2544], [0.3174, 51.25474], [0.3175, 51.25477], [0.31803, 51.25538], [0.3253, 51.25781]]]}, "properties": {"name": "TN15", "description": "TN15 postcode district"}}, {"type": "Feature", "geometry": {"type": "Polygon", "coordinates": [[[0.11089, 51.26556], [0.11339, 51.27108], [0.11829, 51.27164], [0.11746, 51.27592], [0.11715, 51.27616], [0.11621, 51.27642], [0.1146, 51.27778], [0.11438, 51.27872], [0.11438, 51.27888], [0.11676, 51.28152], [0.11668, 51.28165], [0.11719, 51.28447], [0.11287, 51.2877], [0.10677, 51.28987], [0.10643, 51.29099], [0.10425, 51.29209], [0.09181, 51.2928], [0.09115, 51.29728], [0.09127, 51.29794], [0.08212, 51.29955], [0.08073, 51.30171], [0.0798, 51.30193], [0.07376, 51.30309], [0.0737, 51.30326], [0.07265, 51.30464], [0.07617, 51.30953], [0.07632, 51.31007], [0.07398, 51.31177], [0.06822, 51.31147], [0.06808, 51.31451], [0.06836, 51.31585], [0.06854, 51.31636], [0.06863, 51.31641], [0.06876, 51.31708], [0.06752, 51.3197], [0.06716, 51.32016], [0.06418, 51.32178], [0.06375, 51.32253], [0.06337, 51.32261], [0.05463, 51.32015], [0.05403, 51.3195], [0.05296, 51.3189], [0.049, 51.31889], [0.04613, 51.31984], [0.04466, 51.32066], [0.04407, 51.32107], [0.04289, 51.32215], [0.04442, 51.3258], [0.04035, 51.32916], [0.03581, 51.33032], [0.03492, 51.33249], [0.02994, 51.33356], [0.02783, 51.33345], [0.02693, 51.33364], [0.02516, 51.33423], [0.02509, 51.33422], [0.02233, 51.33428], [0.01707, 51.33504], [0.01619, 51.33289], [0.00952, 51.3292], [0.01364, 51.32221], [0.01156, 51.31927], [0.00715, 51.31697], [0.00726, 51.31041], [0.00653, 51.30912], [0.00853, 51.30768], [0.00911, 51.30711], [0.01013, 51.30561], [0.01291, 51.3003], [0.01418, 51.29682], [0.01248, 51.29459], [0.00816, 51.29295], [0.00703, 51.28729], [0.01069, 51.28433], [0.01974, 51.28333], [0.02271, 51.2838], [0.0288, 51.28177], [0.03296, 51.27633], [0.03148, 51.27481], [0.02695, 51.26909], [0.02882, 51.26779], [0.03592, 51.26723], [0.042, 51.26244], [0.04016, 51.25783], [0.04363, 51.25739], [0.05233, 51.25469], [0.05313, 51.255], [0.05997, 51.2552], [0.06598, 51.25455], [0.06523, 51.24778], [0.06567, 51.24736], [0.06807, 51.24654], [0.07643, 51.24709], [0.07803, 51.24657], [0.07693, 51.24231], [0.07818, 51.24145], [0.07943, 51.23786], [0.08186, 51.23596], [0.08293, 51.23318], [0.09144, 51.23441], [0.09259, 51.23429], [0.10001, 51.23623], [0.10502, 51.23411], [0.10531, 51.23412], [0.11776, 51.23909], [0.11772, 51.24083], [0.11831, 51.24177], [0.11784, 51.24427], [0.11708, 51.24624], [0.10933, 51.24925], [0.10873, 51.24928], [0.10632, 51.25343], [0.10629, 51.25546], [0.10595, 51.25654], [0.10597, 51.25673], [0.10911, 51.25891], [0.11005, 51.25962], [0.11049, 51.26042], [0.11069, 51.26066], [0.11244, 51.26208], [0.11253, 51.26234], [0.11212, 51.26276], [0.11089, 51.26556]]]}, "properties": {"name": "TN16", "description": "TN16 postcode district"}}, {"type": "Feature", "geometry": {"type": "Polygon", "coordinates": [[[0.42626, 51.09962], [0.42578, 51.09771], [0.4213, 51.09495], [0.41867, 51.0943], [0.41732, 51.09414], [0.41677, 51.09308], [0.41533, 51.09], [0.41508, 51.08967], [0.41531, 51.08924], [0.41647, 51.08611], [0.42635, 51.08376], [0.43122, 51.08109], [0.4361, 51.08189], [0.43987, 51.08022], [0.44553, 51.07349], [0.44736, 51.07292], [0.45506, 51.06768], [0.46091, 51.06633], [0.47331, 51.07743], [0.47758, 51.0784], [0.4865, 51.07194], [0.48936, 51.07125], [0.49602, 51.07276], [0.50359, 51.07046], [0.50851, 51.07606], [0.51922, 51.07526], [0.52002, 51.07557], [0.52248, 51.07553], [0.52493, 51.07603], [0.53252, 51.07577], [0.53482, 51.07603], [0.54213, 51.07303], [0.54397, 51.07004], [0.53651, 51.06412], [0.53682, 51.06379], [0.54478, 51.0592], [0.5434, 51.05387], [0.54406, 51.05332], [0.55401, 51.05039], [0.55343, 51.04407], [0.55792, 51.04062], [0.56996, 51.03811], [0.57134, 51.03675], [0.57526, 51.03627], [0.58807, 51.04151], [0.59391, 51.04072], [0.59914, 51.03552], [0.59775, 51.03154], [0.60235, 51.02761], [0.60756, 51.02673], [0.61762, 51.02755], [0.61899, 51.02807], [0.64067, 51.02427], [0.64219, 51.01678], [0.66131, 51.0148], [0.6707, 51.03314], [0.67137, 51.03349], [0.67076, 51.03546], [0.67189, 51.04645], [0.66988, 51.04792], [0.66821, 51.05128], [0.66864, 51.05474], [0.66741, 51.05651], [0.66694, 51.06118], [0.66372, 51.06343], [0.66, 51.06458], [0.65693, 51.06667], [0.66123, 51.07022], [0.65761, 51.07393], [0.65439, 51.0749], [0.64962, 51.07486], [0.64397, 51.07418], [0.64087, 51.07897], [0.64014, 51.07954], [0.6324, 51.08097], [0.63158, 51.0834], [0.62618, 51.08731], [0.62499, 51.08718], [0.62113, 51.09044], [0.62022, 51.09334], [0.6098, 51.09066], [0.60847, 51.09066], [0.59806, 51.09351], [0.59695, 51.09346], [0.59632, 51.1055], [0.59431, 51.1061], [0.58302, 51.10745], [0.58098, 51.11399], [0.58389, 51.11734], [0.58583, 51.11765], [0.5939, 51.1285], [0.60109, 51.1277], [0.60376, 51.12807], [0.60906, 51.13191], [0.61196, 51.13185], [0.614, 51.13129], [0.62015, 51.1315], [0.62645, 51.13732], [0.62637, 51.13925], [0.62419, 51.14042], [0.62218, 51.14273], [0.62227, 51.14405], [0.62095, 51.14615], [0.6144, 51.15022], [0.61394, 51.15245], [0.60454, 51.15515], [0.59998, 51.15841], [0.59994, 51.15843], [0.59439, 51.15859], [0.59125, 51.15958], [0.58375, 51.15748], [0.57751, 51.1579], [0.57058, 51.14756], [0.56916, 51.14693], [0.56828, 51.14511], [0.5628, 51.14324], [0.56147, 51.14332], [0.55436, 51.13959], [0.5532, 51.13921], [0.54626, 51.13751], [0.5439, 51.13744], [0.54306, 51.137], [0.5423, 51.13564], [0.52346, 51.13609], [0.52103, 51.13709], [0.52088, 51.14091], [0.51912, 51.14276], [0.50539, 51.14033], [0.5026, 51.13852], [0.50044, 51.13834], [0.49543, 51.14344], [0.49019, 51.1444], [0.4881, 51.14274], [0.48748, 51.14273], [0.48626, 51.14269], [0.47913, 51.14125], [0.47295, 51.14141], [0.47191, 51.14197], [0.46928, 51.14236], [0.46635, 51.14148], [0.4643, 51.14036], [0.46173, 51.13984], [0.45804, 51.13636], [0.4548, 51.13561], [0.45312, 51.13392], [0.45432, 51.1268], [0.45407, 51.12636], [0.45309, 51.12514], [0.45302, 51.12509], [0.45101, 51.12493], [0.4508, 51.12492], [0.44811, 51.12402], [0.44545, 51.11872], [0.44182, 51.11594], [0.4403, 51.11574], [0.43789, 51.11394], [0.43344, 51.11435], [0.42559, 51.11194], [0.41765, 51.11339], [0.41501, 51.10835], [0.41439, 51.10572], [0.41929, 51.1047], [0.42626, 51.09962]]]}, "properties": {"name": "TN17", "description": "TN17 postcode district"}}, {"type": "Feature", "geometry": {"type": "Polygon", "coordinates": [[[0.53, 51.02085], [0.53053, 51.01815], [0.53119, 51.01767], [0.54278, 51.01632], [0.54964, 51.00821], [0.55003, 51.00803], [0.55847, 51.00607], [0.55975, 51.005], [0.56528, 51.00472], [0.58027, 51.00488], [0.5826, 51.00626], [0.58429, 51.00799], [0.59159, 51.01083], [0.595, 51.01126], [0.59769, 51.01106], [0.60136, 51.01018], [0.60325, 51.01044], [0.60593, 51.01117], [0.60673, 51.01121], [0.62473, 51.01099], [0.62998, 51.00951], [0.63992, 51.01437], [0.64007, 51.01458], [0.64219, 51.01678], [0.64067, 51.02427], [0.61899, 51.02807], [0.61762, 51.02755], [0.60756, 51.02673], [0.60235, 51.02761], [0.59775, 51.03154], [0.59914, 51.03552], [0.59391, 51.04072], [0.58807, 51.04151], [0.57526, 51.03627], [0.57134, 51.03675], [0.56996, 51.03811], [0.55792, 51.04062], [0.55343, 51.04407], [0.55401, 51.05039], [0.54406, 51.05332], [0.5434, 51.05387], [0.54478, 51.0592], [0.53682, 51.06379], [0.53651, 51.06412], [0.54397, 51.07004], [0.54213, 51.07303], [0.53482, 51.07603], [0.53252, 51.07577], [0.52493, 51.07603], [0.52248, 51.07553], [0.52002, 51.07557], [0.51922, 51.07526], [0.50851, 51.07606], [0.50359, 51.07046], [0.49602, 51.07276], [0.48936, 51.07125], [0.4865, 51.07194], [0.47758, 51.0784], [0.47331, 51.07743], [0.46091, 51.06633], [0.46398, 51.06221], [0.46186, 51.06044], [0.46026, 51.04577], [0.45972, 51.04453], [0.46261, 51.04347], [0.4663, 51.04032], [0.4666, 51.03788], [0.4731, 51.03297], [0.4763, 51.03152], [0.47719, 51.03164], [0.48332, 51.02982], [0.4956, 51.03164], [0.49775, 51.02928], [0.49721, 51.02612], [0.497, 51.0213], [0.51079, 51.02282], [0.51258, 51.02388], [0.53, 51.02085]]]}, "properties": {"name": "TN18", "description": "TN18 postcode district"}}, {"type": "Feature", "geometry": {"type": "Polygon", "coordinates": [[[0.4313, 51.0328], [0.42285, 51.03164], [0.41902, 51.03252], [0.41058, 51.02969], [0.40229, 51.02286], [0.40294, 51.01894], [0.38979, 51.01402], [0.38299, 51.01228], [0.38006, 51.01372], [0.36629, 51.01279], [0.3643, 51.01284], [0.36217, 51.01403], [0.35677, 51.01452], [0.34443, 51.02145], [0.34039, 51.02123], [0.33345, 51.02217], [0.3308, 51.00762], [0.32673, 51.00488], [0.33176, 50.99722], [0.32728, 50.99335], [0.3234, 50.99239], [0.32224, 50.98799], [0.32558, 50.98453], [0.32535, 50.98438], [0.32379, 50.97902], [0.3228, 50.97827], [0.32184, 50.97372], [0.3336, 50.96935], [0.34067, 50.97398], [0.34508, 50.97504], [0.34876, 50.97532], [0.35793, 50.97393], [0.36702, 50.98035], [0.37104, 50.98083], [0.37948, 50.97914], [0.38056, 50.96863], [0.38529, 50.96681], [0.39841, 50.97088], [0.39867, 50.97139], [0.40933, 50.97445], [0.41653, 50.97997], [0.42005, 50.97997], [0.42839, 50.98515], [0.43119, 50.98554], [0.43452, 50.98916], [0.44985, 50.9936], [0.45273, 50.99806], [0.46603, 50.99518], [0.47227, 51.00262], [0.47336, 51.00263], [0.47604, 51.00258], [0.48356, 50.99964], [0.48799, 51.00058], [0.48823, 51.00096], [0.48582, 51.00787], [0.48877, 51.0097], [0.49447, 51.01635], [0.49335, 51.01822], [0.49371, 51.01854], [0.497, 51.0213], [0.49721, 51.02612], [0.49775, 51.02928], [0.4956, 51.03164], [0.48332, 51.02982], [0.47719, 51.03164], [0.4763, 51.03152], [0.4731, 51.03297], [0.4666, 51.03788], [0.4663, 51.04032], [0.46261, 51.04347], [0.45972, 51.04453], [0.45825, 51.04461], [0.44445, 51.04123], [0.44055, 51.04156], [0.4313, 51.0328]]]}, "properties": {"name": "TN19", "description": "TN19 postcode district"}}, {"type": "Feature", "geometry": {"type": "Polygon", "coordinates": [[[0.22145, 51.0199], [0.21769, 51.01546], [0.20942, 51.01519], [0.20892, 51.01502], [0.20352, 51.01735], [0.18902, 51.0139], [0.18226, 51.01565], [0.18062, 51.00922], [0.19181, 51.00567], [0.19907, 51.00828], [0.19958, 51.00822], [0.20168, 51.00233], [0.21105, 51.00159], [0.21182, 50.99928], [0.20756, 50.99702], [0.20552, 50.99194], [0.20326, 50.98956], [0.20422, 50.98852], [0.20586, 50.9833], [0.20614, 50.98326], [0.21647, 50.98519], [0.22204, 50.99185], [0.22294, 50.99188], [0.22733, 50.99822], [0.23024, 50.99803], [0.23091, 50.99762], [0.24572, 50.99465], [0.24738, 50.98976], [0.26192, 50.99086], [0.26431, 50.99198], [0.26484, 50.99206], [0.27666, 50.99016], [0.28224, 50.99546], [0.2797, 51.00378], [0.2911, 51.0056], [0.29434, 51.00706], [0.30817, 51.00356], [0.31076, 51.00389], [0.31581, 51.0058], [0.32673, 51.00488], [0.3308, 51.00762], [0.33345, 51.02217], [0.33289, 51.0225], [0.32481, 51.02474], [0.31766, 51.02507], [0.31271, 51.02416], [0.30327, 51.03021], [0.30142, 51.03463], [0.29833, 51.0357], [0.29248, 51.04018], [0.28733, 51.04125], [0.2867, 51.04183], [0.28533, 51.04623], [0.27884, 51.04786], [0.27661, 51.04899], [0.26937, 51.04453], [0.26117, 51.04365], [0.25884, 51.04444], [0.25702, 51.04425], [0.25192, 51.0373], [0.24796, 51.03703], [0.24627, 51.0359], [0.24607, 51.03558], [0.24378, 51.03434], [0.24092, 51.03384], [0.23909, 51.03291], [0.23888, 51.03209], [0.23775, 51.02992], [0.23834, 51.02693], [0.22834, 51.02909], [0.22661, 51.02371], [0.22153, 51.02251], [0.22145, 51.0199]]]}, "properties": {"name": "TN20", "description": "TN20 postcode district"}}, {"type": "Feature", "geometry": {"type": "Polygon", "coordinates": [[[0.19351, 50.96753], [0.18949, 50.96576], [0.18955, 50.96247], [0.18841, 50.96147], [0.18697, 50.95899], [0.18638, 50.95664], [0.18521, 50.95622], [0.17971, 50.95387], [0.17801, 50.95151], [0.17839, 50.94902], [0.17812, 50.94859], [0.18445, 50.9411], [0.19001, 50.94108], [0.19799, 50.93268], [0.19824, 50.93192], [0.20205, 50.9296], [0.20256, 50.92879], [0.21655, 50.92661], [0.21538, 50.91638], [0.21616, 50.91598], [0.21632, 50.90785], [0.2138, 50.90546], [0.21539, 50.903], [0.21464, 50.90138], [0.21509, 50.89798], [0.21709, 50.89459], [0.22868, 50.89267], [0.23384, 50.8972], [0.23414, 50.89889], [0.23891, 50.90289], [0.23977, 50.90394], [0.23867, 50.90609], [0.24077, 50.90958], [0.24151, 50.91136], [0.24041, 50.91343], [0.24527, 50.91629], [0.2515, 50.9158], [0.25513, 50.91625], [0.25734, 50.91467], [0.26667, 50.91984], [0.27414, 50.91831], [0.27629, 50.91772], [0.27727, 50.91788], [0.27989, 50.91699], [0.29406, 50.91956], [0.29596, 50.92205], [0.31371, 50.92111], [0.31567, 50.91972], [0.32252, 50.91903], [0.33098, 50.92782], [0.33116, 50.92829], [0.33289, 50.92848], [0.33838, 50.93125], [0.35121, 50.92945], [0.35113, 50.92657], [0.37071, 50.92401], [0.37119, 50.92415], [0.36958, 50.93113], [0.38338, 50.93879], [0.38662, 50.93844], [0.38989, 50.93744], [0.39518, 50.93794], [0.39893, 50.93757], [0.40641, 50.9405], [0.40718, 50.94709], [0.40544, 50.94865], [0.39779, 50.95248], [0.39699, 50.95258], [0.39675, 50.95269], [0.39375, 50.95537], [0.38826, 50.9578], [0.38612, 50.9571], [0.38594, 50.95707], [0.36911, 50.95981], [0.36763, 50.96169], [0.35878, 50.96389], [0.3581, 50.97363], [0.35793, 50.97393], [0.34876, 50.97532], [0.34508, 50.97504], [0.34067, 50.97398], [0.3336, 50.96935], [0.32184, 50.97372], [0.3228, 50.97827], [0.32379, 50.97902], [0.32535, 50.98438], [0.32558, 50.98453], [0.32224, 50.98799], [0.3234, 50.99239], [0.32728, 50.99335], [0.33176, 50.99722], [0.32673, 51.00488], [0.31581, 51.0058], [0.31076, 51.00389], [0.30817, 51.00356], [0.29434, 51.00706], [0.2911, 51.0056], [0.2797, 51.00378], [0.28224, 50.99546], [0.27666, 50.99016], [0.26484, 50.99206], [0.26431, 50.99198], [0.26192, 50.99086], [0.24738, 50.98976], [0.24572, 50.99465], [0.23091, 50.99762], [0.23024, 50.99803], [0.22733, 50.99822], [0.22294, 50.99188], [0.22204, 50.99185], [0.21647, 50.98519], [0.20614, 50.98326], [0.20586, 50.9833], [0.2046, 50.98247], [0.20376, 50.97955], [0.2022, 50.97804], [0.198, 50.97498], [0.19628, 50.9745], [0.19356, 50.97429], [0.19131, 50.9719], [0.19351, 50.96753]]]}, "properties": {"name": "TN21", "description": "TN21 postcode district"}}, {"type": "Feature", "geometry": {"type": "Polygon", "coordinates": [[[0.05005, 50.96302], [0.05006, 50.96269], [0.05414, 50.95645], [0.05098, 50.95021], [0.05026, 50.94965], [0.04984, 50.94653], [0.04773, 50.94287], [0.04656, 50.94204], [0.04432, 50.93736], [0.05178, 50.93083], [0.05147, 50.92971], [0.05406, 50.92512], [0.05825, 50.92464], [0.06476, 50.92249], [0.06949, 50.91852], [0.07835, 50.91894], [0.07861, 50.91965], [0.09371, 50.92606], [0.09991, 50.92555], [0.10519, 50.93067], [0.11153, 50.9317], [0.1136, 50.93166], [0.11708, 50.93403], [0.11765, 50.93854], [0.12363, 50.94408], [0.12548, 50.94384], [0.12621, 50.94371], [0.12906, 50.94044], [0.13488, 50.93801], [0.13338, 50.93541], [0.13351, 50.93445], [0.1362, 50.93264], [0.14034, 50.93231], [0.14708, 50.93213], [0.14831, 50.93355], [0.14861, 50.93367], [0.15492, 50.93752], [0.15669, 50.93787], [0.16121, 50.93734], [0.16749, 50.94029], [0.1702, 50.94554], [0.17812, 50.94859], [0.17839, 50.94902], [0.17801, 50.95151], [0.17971, 50.95387], [0.18521, 50.95622], [0.18638, 50.95664], [0.18697, 50.95899], [0.18841, 50.96147], [0.18955, 50.96247], [0.18949, 50.96576], [0.19351, 50.96753], [0.19131, 50.9719], [0.19356, 50.97429], [0.19628, 50.9745], [0.198, 50.97498], [0.2022, 50.97804], [0.20376, 50.97955], [0.2046, 50.98247], [0.20586, 50.9833], [0.20422, 50.98852], [0.20326, 50.98956], [0.20552, 50.99194], [0.20756, 50.99702], [0.21182, 50.99928], [0.21105, 51.00159], [0.20168, 51.00233], [0.19958, 51.00822], [0.19907, 51.00828], [0.19181, 51.00567], [0.18062, 51.00922], [0.18226, 51.01565], [0.18129, 51.01695], [0.16989, 51.01618], [0.15957, 51.01254], [0.15182, 51.01956], [0.14741, 51.02145], [0.1446, 51.02657], [0.14199, 51.02697], [0.14006, 51.02759], [0.12663, 51.02922], [0.12502, 51.03357], [0.12505, 51.03407], [0.12444, 51.03462], [0.12043, 51.04491], [0.11371, 51.04826], [0.11039, 51.04782], [0.10564, 51.04942], [0.10116, 51.06317], [0.0967, 51.06384], [0.08155, 51.05923], [0.07985, 51.05938], [0.07216, 51.06045], [0.06901, 51.06439], [0.0607, 51.06618], [0.0462, 51.0635], [0.04617, 51.0635], [0.0458, 51.06336], [0.04298, 51.0592], [0.03361, 51.05622], [0.03331, 51.05552], [0.04241, 51.04686], [0.04009, 51.04625], [0.03619, 51.04205], [0.03134, 51.04307], [0.03071, 51.04313], [0.02893, 51.04169], [0.02758, 51.04122], [0.02442, 51.04044], [0.02382, 51.04007], [0.02342, 51.03963], [0.0234, 51.03958], [0.02488, 51.03464], [0.01775, 51.03504], [0.01392, 51.03352], [0.01335, 51.03014], [0.00884, 51.03017], [0.0067, 51.02912], [0.00643, 51.02361], [0.00574, 51.02356], [0.00408, 51.02317], [-0.00094, 51.0179], [-0.00449, 51.01687], [-0.01103, 51.02065], [-0.01174, 51.02067], [-0.0187, 51.01599], [-0.014, 51.00695], [-0.0148, 51.00607], [-0.01507, 51.0013], [-0.01525, 51.0011], [-0.01093, 50.99346], [-0.01141, 50.9901], [-0.0101, 50.98809], [-0.00737, 50.98691], [-0.00598, 50.98674], [-0.00274, 50.98673], [0.00246, 50.98761], [0.00396, 50.98772], [0.00801, 50.98911], [0.01302, 50.98301], [0.01683, 50.9809], [0.0181, 50.98095], [0.01939, 50.98106], [0.02471, 50.98083], [0.02724, 50.98084], [0.02802, 50.98064], [0.03195, 50.98075], [0.03939, 50.97369], [0.03813, 50.9684], [0.05005, 50.96302]]]}, "properties": {"name": "TN22", "description": "TN22 postcode district"}}, {"type": "Feature", "geometry": {"type": "Polygon", "coordinates": [[[0.86797, 51.15053], [0.86779, 51.1506], [0.86723, 51.15122], [0.86672, 51.15113], [0.8664, 51.15121], [0.86624, 51.15132], [0.86624, 51.15135], [0.86662, 51.15209], [0.86625, 51.15211], [0.86515, 51.15252], [0.86409, 51.15197], [0.86304, 51.15246], [0.86317, 51.15308], [0.8632, 51.15311], [0.86204, 51.15432], [0.86205, 51.15435], [0.86211, 51.15439], [0.86215, 51.1546], [0.86195, 51.15522], [0.86134, 51.15548], [0.86131, 51.15687], [0.85955, 51.1568], [0.85889, 51.1587], [0.85903, 51.15943], [0.85697, 51.15897], [0.85655, 51.15868], [0.8562, 51.15817], [0.8541, 51.15798], [0.85244, 51.15661], [0.8512, 51.15685], [0.84962, 51.15696], [0.8492, 51.15725], [0.8489, 51.15753], [0.84852, 51.1583], [0.84667, 51.15956], [0.84605, 51.16015], [0.84453, 51.16198], [0.8388, 51.16187], [0.83338, 51.16582], [0.83146, 51.16598], [0.82666, 51.16405], [0.82167, 51.16394], [0.81601, 51.16118], [0.81561, 51.16112], [0.80898, 51.15787], [0.80891, 51.15784], [0.80878, 51.15753], [0.80832, 51.15661], [0.80718, 51.15561], [0.79296, 51.15402], [0.78827, 51.15138], [0.78879, 51.15092], [0.79533, 51.14625], [0.79855, 51.1466], [0.80736, 51.14654], [0.8101, 51.14438], [0.81639, 51.14392], [0.81831, 51.14406], [0.82053, 51.13902], [0.81263, 51.13598], [0.81042, 51.1357], [0.81029, 51.13567], [0.80965, 51.13381], [0.81577, 51.12903], [0.81635, 51.12795], [0.81416, 51.12316], [0.81357, 51.12144], [0.82355, 51.11892], [0.82357, 51.11893], [0.8259, 51.11983], [0.82931, 51.12043], [0.83565, 51.12212], [0.83668, 51.12199], [0.84443, 51.11847], [0.84584, 51.11836], [0.84692, 51.11798], [0.84736, 51.11777], [0.84844, 51.11588], [0.84857, 51.11505], [0.85234, 51.1124], [0.85382, 51.11061], [0.85638, 51.11162], [0.85894, 51.11298], [0.86243, 51.10881], [0.86186, 51.10718], [0.86712, 51.1075], [0.8698, 51.10951], [0.87176, 51.10989], [0.87308, 51.10914], [0.8744, 51.10908], [0.88121, 51.10579], [0.88105, 51.10696], [0.88028, 51.11035], [0.88017, 51.11046], [0.87962, 51.11126], [0.8796, 51.11128], [0.87953, 51.11202], [0.8801, 51.11311], [0.88062, 51.11349], [0.8805, 51.11401], [0.88205, 51.11598], [0.88222, 51.11628], [0.88497, 51.11805], [0.88574, 51.11859], [0.88918, 51.12001], [0.8888, 51.12056], [0.88501, 51.12286], [0.88388, 51.12324], [0.88273, 51.12378], [0.88204, 51.12403], [0.88115, 51.12451], [0.87825, 51.12556], [0.87823, 51.12557], [0.87471, 51.12735], [0.87411, 51.12779], [0.87307, 51.12875], [0.87304, 51.12932], [0.87348, 51.13011], [0.87418, 51.13096], [0.87428, 51.1311], [0.87393, 51.13234], [0.87466, 51.13525], [0.87451, 51.13541], [0.87573, 51.13819], [0.87739, 51.13898], [0.87693, 51.13981], [0.87702, 51.14145], [0.87626, 51.14148], [0.87481, 51.14185], [0.87243, 51.14315], [0.87247, 51.14339], [0.87275, 51.14382], [0.8749, 51.14398], [0.87524, 51.14387], [0.87714, 51.14153], [0.87992, 51.14239], [0.87885, 51.14402], [0.87994, 51.14541], [0.87932, 51.1459], [0.87931, 51.14606], [0.87979, 51.14716], [0.8796, 51.14762], [0.87785, 51.1478], [0.87729, 51.14854], [0.87726, 51.1487], [0.87716, 51.1488], [0.87651, 51.1489], [0.87589, 51.14906], [0.87492, 51.14894], [0.87495, 51.14857], [0.87419, 51.14838], [0.87411, 51.14841], [0.87373, 51.14842], [0.87333, 51.14836], [0.8731, 51.14854], [0.87248, 51.14869], [0.87245, 51.14871], [0.87227, 51.14874], [0.87194, 51.14867], [0.87168, 51.14884], [0.87187, 51.14897], [0.87143, 51.14909], [0.8714, 51.14913], [0.87121, 51.14914], [0.87087, 51.14931], [0.87077, 51.14946], [0.87051, 51.1495], [0.87048, 51.14955], [0.87071, 51.14998], [0.87038, 51.15012], [0.87009, 51.14996], [0.86985, 51.15002], [0.86977, 51.15019], [0.86947, 51.15015], [0.86861, 51.15041], [0.86852, 51.15055], [0.86797, 51.15053]]]}, "properties": {"name": "TN23", "description": "TN23 postcode district"}}, {"type": "Feature", "geometry": {"type": "Polygon", "coordinates": [[[0.91356, 51.1307], [0.9139, 51.13202], [0.91648, 51.13294], [0.92654, 51.13571], [0.92608, 51.13769], [0.9239, 51.13879], [0.92337, 51.13928], [0.92255, 51.1413], [0.92259, 51.14485], [0.92166, 51.14643], [0.9175, 51.14987], [0.91744, 51.15039], [0.91047, 51.15185], [0.90939, 51.15224], [0.90617, 51.1588], [0.90598, 51.16021], [0.90651, 51.16149], [0.90708, 51.16207], [0.90267, 51.16368], [0.90001, 51.1656], [0.89975, 51.16568], [0.89745, 51.16702], [0.89722, 51.16777], [0.89812, 51.1682], [0.89903, 51.16829], [0.89993, 51.17052], [0.899, 51.17106], [0.89865, 51.17123], [0.89767, 51.17069], [0.89666, 51.17059], [0.89447, 51.17006], [0.89395, 51.17033], [0.89356, 51.17029], [0.89288, 51.17013], [0.89215, 51.16968], [0.89103, 51.16965], [0.8907, 51.16947], [0.88884, 51.16945], [0.88852, 51.17009], [0.88847, 51.17063], [0.89046, 51.17295], [0.88867, 51.17404], [0.88808, 51.17717], [0.8851, 51.17739], [0.88274, 51.17472], [0.88471, 51.17291], [0.88467, 51.1729], [0.88271, 51.17318], [0.88242, 51.17302], [0.88168, 51.17291], [0.88084, 51.1731], [0.88081, 51.17317], [0.88215, 51.17379], [0.88229, 51.1745], [0.88063, 51.1745], [0.8799, 51.17396], [0.8788, 51.17414], [0.87769, 51.17352], [0.87764, 51.17289], [0.8771, 51.17273], [0.87669, 51.17245], [0.87608, 51.17236], [0.87494, 51.17263], [0.87381, 51.17193], [0.8735, 51.17188], [0.87284, 51.17203], [0.8726, 51.17194], [0.87255, 51.17192], [0.87134, 51.17108], [0.87228, 51.17063], [0.87249, 51.17019], [0.87229, 51.16987], [0.87086, 51.16941], [0.87062, 51.169], [0.87194, 51.16823], [0.87237, 51.16817], [0.87325, 51.16863], [0.8749, 51.16877], [0.87593, 51.16774], [0.87507, 51.16645], [0.87486, 51.16633], [0.87475, 51.16614], [0.87491, 51.16554], [0.874, 51.16381], [0.87287, 51.16321], [0.87378, 51.16178], [0.87341, 51.15917], [0.86903, 51.16062], [0.86998, 51.16278], [0.87043, 51.16334], [0.86795, 51.16543], [0.86502, 51.16616], [0.86096, 51.16577], [0.86092, 51.16398], [0.86078, 51.16252], [0.86146, 51.16146], [0.86274, 51.16071], [0.86177, 51.15704], [0.86131, 51.15687], [0.86134, 51.15548], [0.86195, 51.15522], [0.86215, 51.1546], [0.86211, 51.15439], [0.86205, 51.15435], [0.86204, 51.15432], [0.8632, 51.15311], [0.86317, 51.15308], [0.86304, 51.15246], [0.86409, 51.15197], [0.86515, 51.15252], [0.86625, 51.15211], [0.86662, 51.15209], [0.86624, 51.15135], [0.86624, 51.15132], [0.8664, 51.15121], [0.86672, 51.15113], [0.86723, 51.15122], [0.86779, 51.1506], [0.86797, 51.15053], [0.86852, 51.15055], [0.86861, 51.15041], [0.86947, 51.15015], [0.86977, 51.15019], [0.86985, 51.15002], [0.87009, 51.14996], [0.87038, 51.15012], [0.87071, 51.14998], [0.87048, 51.14955], [0.87051, 51.1495], [0.87077, 51.14946], [0.87087, 51.14931], [0.87121, 51.14914], [0.8714, 51.14913], [0.87143, 51.14909], [0.87187, 51.14897], [0.87168, 51.14884], [0.87194, 51.14867], [0.87227, 51.14874], [0.87245, 51.14871], [0.87248, 51.14869], [0.8731, 51.14854], [0.87333, 51.14836], [0.87373, 51.14842], [0.87411, 51.14841], [0.87419, 51.14838], [0.87495, 51.14857], [0.87492, 51.14894], [0.87589, 51.14906], [0.87651, 51.1489], [0.87716, 51.1488], [0.87726, 51.1487], [0.87729, 51.14854], [0.87785, 51.1478], [0.8796, 51.14762], [0.87979, 51.14716], [0.87931, 51.14606], [0.87932, 51.1459], [0.87994, 51.14541], [0.87885, 51.14402], [0.87992, 51.14239], [0.87714, 51.14153], [0.87524, 51.14387], [0.8749, 51.14398], [0.87275, 51.14382], [0.87247, 51.14339], [0.87243, 51.14315], [0.87481, 51.14185], [0.87626, 51.14148], [0.87702, 51.14145], [0.87693, 51.13981], [0.87739, 51.13898], [0.87573, 51.13819], [0.87451, 51.13541], [0.87466, 51.13525], [0.87393, 51.13234], [0.87428, 51.1311], [0.87418, 51.13096], [0.87348, 51.13011], [0.87304, 51.12932], [0.87307, 51.12875], [0.87411, 51.12779], [0.87471, 51.12735], [0.87823, 51.12557], [0.87825, 51.12556], [0.88115, 51.12451], [0.88204, 51.12403], [0.88273, 51.12378], [0.88388, 51.12324], [0.88501, 51.12286], [0.8888, 51.12056], [0.88918, 51.12001], [0.8909, 51.11913], [0.89685, 51.11888], [0.90101, 51.11714], [0.90338, 51.11472], [0.90526, 51.1143], [0.91519, 51.11609], [0.91503, 51.11727], [0.91254, 51.12026], [0.91434, 51.12381], [0.91867, 51.12608], [0.918, 51.12718], [0.91433, 51.1297], [0.91356, 51.1307]]]}, "properties": {"name": "TN24", "description": "TN24 postcode district"}}, {"type": "Feature", "geometry": {"type": "Polygon", "coordinates": [[[0.90708, 51.16207], [0.90651, 51.16149], [0.90598, 51.16021], [0.90617, 51.1588], [0.90939, 51.15224], [0.91047, 51.15185], [0.91744, 51.15039], [0.9175, 51.14987], [0.92166, 51.14643], [0.92259, 51.14485], [0.92255, 51.1413], [0.92337, 51.13928], [0.9239, 51.13879], [0.92608, 51.13769], [0.92654, 51.13571], [0.91648, 51.13294], [0.9139, 51.13202], [0.91356, 51.1307], [0.91433, 51.1297], [0.918, 51.12718], [0.91867, 51.12608], [0.91434, 51.12381], [0.91254, 51.12026], [0.91503, 51.11727], [0.91519, 51.11609], [0.90526, 51.1143], [0.90338, 51.11472], [0.90101, 51.11714], [0.89685, 51.11888], [0.8909, 51.11913], [0.88918, 51.12001], [0.88574, 51.11859], [0.88497, 51.11805], [0.88222, 51.11628], [0.88205, 51.11598], [0.8805, 51.11401], [0.88062, 51.11349], [0.8801, 51.11311], [0.87953, 51.11202], [0.8796, 51.11128], [0.87962, 51.11126], [0.88017, 51.11046], [0.88028, 51.11035], [0.88105, 51.10696], [0.88121, 51.10579], [0.88338, 51.10338], [0.88181, 51.10237], [0.88501, 51.09378], [0.88082, 51.09135], [0.88065, 51.09132], [0.87885, 51.08946], [0.87999, 51.08422], [0.88826, 51.08179], [0.88985, 51.07919], [0.89256, 51.07729], [0.89415, 51.0773], [0.8971, 51.07698], [0.90231, 51.07265], [0.90459, 51.06993], [0.90419, 51.06599], [0.90645, 51.06201], [0.90751, 51.06149], [0.90868, 51.05137], [0.90985, 51.05127], [0.9179, 51.04932], [0.92881, 51.05096], [0.92903, 51.05104], [0.93752, 51.05154], [0.93936, 51.05041], [0.94352, 51.04857], [0.94692, 51.04883], [0.95432, 51.05504], [0.96762, 51.05766], [0.96982, 51.05875], [0.96852, 51.06176], [0.98131, 51.07188], [0.98013, 51.07342], [0.97286, 51.07768], [0.97465, 51.08438], [0.9802, 51.08772], [0.9819, 51.0883], [0.98371, 51.08797], [0.98802, 51.08734], [0.99564, 51.08643], [0.99666, 51.0867], [1.00545, 51.08367], [1.00766, 51.0838], [1.01898, 51.08203], [1.02127, 51.0833], [1.02298, 51.08457], [1.01968, 51.09063], [1.02044, 51.09231], [1.01903, 51.0948], [1.01915, 51.09764], [1.01932, 51.09806], [1.02845, 51.10072], [1.03192, 51.09836], [1.03217, 51.09806], [1.03476, 51.09714], [1.03833, 51.0932], [1.03895, 51.09309], [1.04114, 51.09425], [1.0421, 51.09716], [1.04449, 51.09849], [1.0495, 51.09858], [1.05368, 51.10019], [1.05558, 51.10211], [1.05527, 51.10278], [1.05209, 51.10631], [1.05181, 51.11059], [1.04994, 51.11391], [1.05142, 51.11555], [1.04911, 51.11944], [1.04858, 51.12606], [1.04548, 51.12746], [1.04527, 51.13115], [1.04426, 51.13202], [1.04307, 51.1379], [1.04326, 51.13812], [1.0424, 51.14497], [1.04418, 51.1462], [1.04945, 51.14746], [1.04682, 51.15347], [1.04919, 51.15643], [1.04765, 51.15848], [1.04274, 51.1591], [1.04099, 51.15833], [1.03852, 51.15838], [1.03132, 51.15526], [1.02766, 51.15756], [1.03118, 51.16469], [1.03274, 51.16522], [1.03611, 51.16805], [1.0404, 51.168], [1.04395, 51.1769], [1.04268, 51.17753], [1.03683, 51.17807], [1.03601, 51.18102], [1.0205, 51.18414], [1.01943, 51.18372], [1.0177, 51.18434], [1.0048, 51.18304], [1.00214, 51.18041], [0.9948, 51.18115], [0.99001, 51.18539], [0.99106, 51.19061], [0.98751, 51.1917], [0.98108, 51.1917], [0.97809, 51.19342], [0.97024, 51.19713], [0.96579, 51.19741], [0.96148, 51.20303], [0.95507, 51.20373], [0.95252, 51.2035], [0.95097, 51.20378], [0.94871, 51.20546], [0.94732, 51.2084], [0.95131, 51.21247], [0.93658, 51.21876], [0.93104, 51.22006], [0.92785, 51.21875], [0.92659, 51.2184], [0.9202, 51.22034], [0.90115, 51.21758], [0.897, 51.2196], [0.89636, 51.22001], [0.88807, 51.2214], [0.8839, 51.22586], [0.88534, 51.22934], [0.88206, 51.23156], [0.88068, 51.23558], [0.87239, 51.23634], [0.87087, 51.23675], [0.86221, 51.23592], [0.86197, 51.23567], [0.86075, 51.23193], [0.85195, 51.22577], [0.85191, 51.22576], [0.85051, 51.22496], [0.84422, 51.2229], [0.84363, 51.22293], [0.83207, 51.22009], [0.83305, 51.21703], [0.82715, 51.2085], [0.83149, 51.20442], [0.83126, 51.20349], [0.82962, 51.20312], [0.81213, 51.20213], [0.81326, 51.19578], [0.81598, 51.19398], [0.81598, 51.19396], [0.82084, 51.19019], [0.82785, 51.18959], [0.83046, 51.18542], [0.82731, 51.18256], [0.82723, 51.18247], [0.82697, 51.18209], [0.82704, 51.18002], [0.82593, 51.17853], [0.83063, 51.17333], [0.83674, 51.17594], [0.84065, 51.1763], [0.8418, 51.17612], [0.84267, 51.1757], [0.84438, 51.17553], [0.84625, 51.174], [0.85092, 51.17214], [0.85156, 51.17141], [0.84855, 51.16875], [0.84939, 51.16812], [0.84902, 51.16763], [0.84551, 51.16672], [0.84703, 51.16451], [0.84551, 51.16261], [0.84482, 51.16212], [0.84453, 51.16198], [0.84605, 51.16015], [0.84667, 51.15956], [0.84852, 51.1583], [0.8489, 51.15753], [0.8492, 51.15725], [0.84962, 51.15696], [0.8512, 51.15685], [0.85244, 51.15661], [0.8541, 51.15798], [0.8562, 51.15817], [0.85655, 51.15868], [0.85697, 51.15897], [0.85903, 51.15943], [0.85889, 51.1587], [0.85955, 51.1568], [0.86131, 51.15687], [0.86177, 51.15704], [0.86274, 51.16071], [0.86146, 51.16146], [0.86078, 51.16252], [0.86092, 51.16398], [0.86096, 51.16577], [0.86502, 51.16616], [0.86795, 51.16543], [0.87043, 51.16334], [0.86998, 51.16278], [0.86903, 51.16062], [0.87341, 51.15917], [0.87378, 51.16178], [0.87287, 51.16321], [0.874, 51.16381], [0.87491, 51.16554], [0.87475, 51.16614], [0.87486, 51.16633], [0.87507, 51.16645], [0.87593, 51.16774], [0.8749, 51.16877], [0.87325, 51.16863], [0.87237, 51.16817], [0.87194, 51.16823], [0.87062, 51.169], [0.87086, 51.16941], [0.87229, 51.16987], [0.87249, 51.17019], [0.87228, 51.17063], [0.87134, 51.17108], [0.87255, 51.17192], [0.8726, 51.17194], [0.87284, 51.17203], [0.8735, 51.17188], [0.87381, 51.17193], [0.87494, 51.17263], [0.87608, 51.17236], [0.87669, 51.17245], [0.8771, 51.17273], [0.87764, 51.17289], [0.87769, 51.17352], [0.8788, 51.17414], [0.8799, 51.17396], [0.88063, 51.1745], [0.88229, 51.1745], [0.88215, 51.17379], [0.88081, 51.17317], [0.88084, 51.1731], [0.88168, 51.17291], [0.88242, 51.17302], [0.88271, 51.17318], [0.88467, 51.1729], [0.88471, 51.17291], [0.88274, 51.17472], [0.8851, 51.17739], [0.88808, 51.17717], [0.88867, 51.17404], [0.89046, 51.17295], [0.88847, 51.17063], [0.88852, 51.17009], [0.88884, 51.16945], [0.8907, 51.16947], [0.89103, 51.16965], [0.89215, 51.16968], [0.89288, 51.17013], [0.89356, 51.17029], [0.89395, 51.17033], [0.89447, 51.17006], [0.89666, 51.17059], [0.89767, 51.17069], [0.89865, 51.17123], [0.899, 51.17106], [0.89993, 51.17052], [0.89903, 51.16829], [0.89812, 51.1682], [0.89722, 51.16777], [0.89745, 51.16702], [0.89975, 51.16568], [0.90001, 51.1656], [0.90267, 51.16368], [0.90708, 51.16207]]]}, "properties": {"name": "TN25", "description": "TN25 postcode district"}}, {"type": "Feature", "geometry": {"type": "Polygon", "coordinates": [[[0.79533, 51.14625], [0.78879, 51.15092], [0.78827, 51.15138], [0.79296, 51.15402], [0.80718, 51.15561], [0.80832, 51.15661], [0.80878, 51.15753], [0.80891, 51.15784], [0.80898, 51.15787], [0.81561, 51.16112], [0.81601, 51.16118], [0.82167, 51.16394], [0.82666, 51.16405], [0.83146, 51.16598], [0.83338, 51.16582], [0.8388, 51.16187], [0.84453, 51.16198], [0.84482, 51.16212], [0.84551, 51.16261], [0.84703, 51.16451], [0.84551, 51.16672], [0.84902, 51.16763], [0.84939, 51.16812], [0.84855, 51.16875], [0.85156, 51.17141], [0.85092, 51.17214], [0.84625, 51.174], [0.84438, 51.17553], [0.84267, 51.1757], [0.8418, 51.17612], [0.84065, 51.1763], [0.83674, 51.17594], [0.83063, 51.17333], [0.82593, 51.17853], [0.82704, 51.18002], [0.82697, 51.18209], [0.82723, 51.18247], [0.82731, 51.18256], [0.83046, 51.18542], [0.82785, 51.18959], [0.82084, 51.19019], [0.8183, 51.18861], [0.80559, 51.18933], [0.80515, 51.18922], [0.80327, 51.18834], [0.80563, 51.17434], [0.79385, 51.16661], [0.79172, 51.16728], [0.78355, 51.16513], [0.77903, 51.15818], [0.76755, 51.15962], [0.75875, 51.15278], [0.75909, 51.15132], [0.749, 51.1488], [0.74108, 51.1506], [0.73561, 51.14973], [0.73096, 51.15251], [0.73016, 51.15248], [0.72836, 51.15194], [0.72144, 51.14769], [0.71559, 51.14796], [0.70776, 51.13924], [0.70729, 51.13934], [0.69796, 51.13732], [0.69076, 51.12753], [0.69018, 51.12749], [0.68644, 51.12167], [0.68239, 51.11973], [0.68412, 51.11374], [0.68039, 51.11368], [0.67592, 51.11557], [0.66853, 51.11006], [0.66839, 51.10926], [0.67125, 51.10792], [0.67249, 51.10641], [0.68892, 51.1056], [0.68895, 51.10553], [0.68826, 51.10457], [0.68859, 51.10254], [0.68856, 51.10078], [0.68935, 51.09949], [0.68872, 51.09813], [0.69259, 51.09525], [0.69522, 51.09426], [0.69728, 51.09415], [0.69811, 51.09462], [0.69982, 51.09518], [0.70738, 51.09086], [0.71733, 51.09], [0.71814, 51.0892], [0.72928, 51.08832], [0.73004, 51.08695], [0.72321, 51.07781], [0.72981, 51.07602], [0.73079, 51.06638], [0.7357, 51.0647], [0.73578, 51.06468], [0.74075, 51.06216], [0.7417, 51.0547], [0.74832, 51.05147], [0.76278, 51.05028], [0.76542, 51.0439], [0.76239, 51.03718], [0.75533, 51.03222], [0.75579, 51.03195], [0.77671, 51.0258], [0.77717, 51.0252], [0.77816, 51.02011], [0.77894, 51.019], [0.78085, 51.01722], [0.78034, 51.01529], [0.78054, 51.01215], [0.78244, 51.00958], [0.80512, 51.00978], [0.81218, 51.02063], [0.81262, 51.02062], [0.81337, 51.02047], [0.82403, 51.02378], [0.83282, 51.02784], [0.83327, 51.02823], [0.83337, 51.02882], [0.83047, 51.03694], [0.84258, 51.0364], [0.85382, 51.0393], [0.85738, 51.03716], [0.85868, 51.03222], [0.86006, 51.03205], [0.88577, 51.03248], [0.8857, 51.03192], [0.88805, 51.02866], [0.89066, 51.02602], [0.89492, 51.02282], [0.90309, 51.0217], [0.91491, 51.01596], [0.91985, 51.01708], [0.92299, 51.02367], [0.91458, 51.03253], [0.91486, 51.03413], [0.91425, 51.03592], [0.91547, 51.03797], [0.90715, 51.04486], [0.90678, 51.04965], [0.90858, 51.05132], [0.90868, 51.05137], [0.90751, 51.06149], [0.90645, 51.06201], [0.90419, 51.06599], [0.90459, 51.06993], [0.90231, 51.07265], [0.8971, 51.07698], [0.89415, 51.0773], [0.89256, 51.07729], [0.88985, 51.07919], [0.88826, 51.08179], [0.87999, 51.08422], [0.87885, 51.08946], [0.88065, 51.09132], [0.88082, 51.09135], [0.88501, 51.09378], [0.88181, 51.10237], [0.88338, 51.10338], [0.88121, 51.10579], [0.8744, 51.10908], [0.87308, 51.10914], [0.87176, 51.10989], [0.8698, 51.10951], [0.86712, 51.1075], [0.86186, 51.10718], [0.86243, 51.10881], [0.85894, 51.11298], [0.85638, 51.11162], [0.85382, 51.11061], [0.85234, 51.1124], [0.84857, 51.11505], [0.84844, 51.11588], [0.84736, 51.11777], [0.84692, 51.11798], [0.84584, 51.11836], [0.84443, 51.11847], [0.83668, 51.12199], [0.83565, 51.12212], [0.82931, 51.12043], [0.8259, 51.11983], [0.82357, 51.11893], [0.82355, 51.11892], [0.81357, 51.12144], [0.81416, 51.12316], [0.81635, 51.12795], [0.81577, 51.12903], [0.80965, 51.13381], [0.81029, 51.13567], [0.81042, 51.1357], [0.81263, 51.13598], [0.82053, 51.13902], [0.81831, 51.14406], [0.81639, 51.14392], [0.8101, 51.14438], [0.80736, 51.14654], [0.79855, 51.1466], [0.79533, 51.14625]]]}, "properties": {"name": "TN26", "description": "TN26 postcode district"}}, {"type": "Feature", "geometry": {"type": "Polygon", "coordinates": [[[0.74409, 51.20951], [0.74063, 51.21154], [0.74008, 51.21172], [0.73534, 51.21152], [0.73006, 51.20734], [0.73001, 51.20733], [0.72963, 51.2073], [0.7223, 51.21044], [0.71487, 51.20955], [0.70981, 51.20409], [0.69471, 51.20609], [0.69417, 51.20597], [0.69147, 51.20438], [0.69107, 51.20403], [0.68861, 51.19797], [0.68621, 51.19756], [0.68565, 51.19736], [0.67562, 51.19401], [0.67419, 51.1926], [0.66232, 51.19617], [0.65644, 51.19227], [0.65094, 51.19124], [0.65075, 51.19125], [0.64843, 51.19038], [0.64604, 51.19047], [0.64052, 51.18913], [0.6291, 51.19195], [0.62555, 51.19061], [0.62143, 51.19215], [0.61951, 51.19415], [0.6078, 51.19304], [0.60765, 51.19304], [0.60551, 51.19419], [0.59814, 51.19195], [0.59702, 51.19115], [0.59706, 51.1851], [0.59615, 51.18447], [0.59394, 51.18409], [0.59182, 51.1819], [0.58778, 51.17879], [0.59261, 51.17389], [0.58465, 51.16966], [0.59049, 51.16465], [0.59125, 51.15958], [0.59439, 51.15859], [0.59994, 51.15843], [0.59998, 51.15841], [0.60454, 51.15515], [0.61394, 51.15245], [0.6144, 51.15022], [0.62095, 51.14615], [0.62227, 51.14405], [0.62218, 51.14273], [0.62419, 51.14042], [0.62637, 51.13925], [0.62645, 51.13732], [0.62015, 51.1315], [0.614, 51.13129], [0.61196, 51.13185], [0.60906, 51.13191], [0.60376, 51.12807], [0.60109, 51.1277], [0.5939, 51.1285], [0.58583, 51.11765], [0.58389, 51.11734], [0.58098, 51.11399], [0.58302, 51.10745], [0.59431, 51.1061], [0.59632, 51.1055], [0.59695, 51.09346], [0.59806, 51.09351], [0.60847, 51.09066], [0.6098, 51.09066], [0.62022, 51.09334], [0.62113, 51.09044], [0.62499, 51.08718], [0.62618, 51.08731], [0.63158, 51.0834], [0.6324, 51.08097], [0.64014, 51.07954], [0.6412, 51.08321], [0.65221, 51.08939], [0.65241, 51.0894], [0.65318, 51.08957], [0.65662, 51.09119], [0.65851, 51.09111], [0.6628, 51.09219], [0.66383, 51.09669], [0.66424, 51.09817], [0.66492, 51.09843], [0.66788, 51.10181], [0.67165, 51.10295], [0.6729, 51.10405], [0.67249, 51.10641], [0.67125, 51.10792], [0.66839, 51.10926], [0.66853, 51.11006], [0.67592, 51.11557], [0.68039, 51.11368], [0.68412, 51.11374], [0.68239, 51.11973], [0.68644, 51.12167], [0.69018, 51.12749], [0.69076, 51.12753], [0.69796, 51.13732], [0.70729, 51.13934], [0.70776, 51.13924], [0.71559, 51.14796], [0.72144, 51.14769], [0.72836, 51.15194], [0.73016, 51.15248], [0.73096, 51.15251], [0.73561, 51.14973], [0.74108, 51.1506], [0.749, 51.1488], [0.75909, 51.15132], [0.75875, 51.15278], [0.76755, 51.15962], [0.77903, 51.15818], [0.78355, 51.16513], [0.79172, 51.16728], [0.79385, 51.16661], [0.80563, 51.17434], [0.80327, 51.18834], [0.80515, 51.18922], [0.80559, 51.18933], [0.8183, 51.18861], [0.82084, 51.19019], [0.81598, 51.19396], [0.81598, 51.19398], [0.81326, 51.19578], [0.81213, 51.20213], [0.82962, 51.20312], [0.83126, 51.20349], [0.83149, 51.20442], [0.82715, 51.2085], [0.83305, 51.21703], [0.83207, 51.22009], [0.84363, 51.22293], [0.83128, 51.2302], [0.82504, 51.23007], [0.82329, 51.23093], [0.81467, 51.23075], [0.81188, 51.22945], [0.79848, 51.23401], [0.7983, 51.23398], [0.78934, 51.23686], [0.78473, 51.23639], [0.78416, 51.2367], [0.78133, 51.2372], [0.77277, 51.23587], [0.76887, 51.23347], [0.7737, 51.22776], [0.77312, 51.22647], [0.7723, 51.22603], [0.77018, 51.22551], [0.76815, 51.22429], [0.75688, 51.22353], [0.7546, 51.22222], [0.75866, 51.2168], [0.75734, 51.21547], [0.7504, 51.2139], [0.74922, 51.21199], [0.74409, 51.20951]]]}, "properties": {"name": "TN27", "description": "TN27 postcode district"}}, {"type": "Feature", "geometry": {"type": "Polygon", "coordinates": [[[0.93901, 51.00124], [0.93856, 51.00085], [0.93191, 50.9988], [0.9258, 50.99882], [0.91558, 50.99507], [0.91483, 50.9939], [0.92068, 50.98956], [0.92285, 50.98901], [0.92992, 50.99031], [0.93111, 50.98905], [0.9308, 50.9866], [0.93077, 50.98656], [0.92678, 50.98503], [0.92773, 50.98287], [0.92798, 50.98079], [0.9292, 50.98069], [0.93733, 50.97922], [0.93813, 50.979], [0.94214, 50.97686], [0.94267, 50.97629], [0.94035, 50.96679], [0.94094, 50.96553], [0.94073, 50.96488], [0.945, 50.96046], [0.94747, 50.95687], [0.94753, 50.95651], [0.94772, 50.95509], [0.94785, 50.95242], [0.94779, 50.95024], [0.95407, 50.9503], [0.95665, 50.95007], [0.95767, 50.94993], [0.96254, 50.95034], [0.9646, 50.94989], [0.96576, 50.95058], [1.00566, 50.95594], [1.00156, 50.97817], [1.00106, 50.98455], [1.00382, 50.99201], [1.0043, 50.99289], [0.97603, 50.9967], [0.96957, 50.9965], [0.96779, 50.99769], [0.96039, 51.00356], [0.96042, 51.00371], [0.96034, 51.00473], [0.9598, 51.00647], [0.94491, 51.00767], [0.94301, 51.00665], [0.93916, 51.00427], [0.93901, 51.00124]]]}, "properties": {"name": "TN28", "description": "TN28 postcode district"}}, {"type": "Feature", "geometry": {"type": "Polygon", "coordinates": [[[1.00271, 51.05703], [0.99867, 51.05712], [0.99694, 51.05754], [0.99146, 51.0576], [0.98982, 51.05699], [0.98808, 51.05648], [0.97425, 51.05699], [0.96982, 51.05875], [0.96762, 51.05766], [0.95432, 51.05504], [0.94692, 51.04883], [0.94352, 51.04857], [0.93936, 51.05041], [0.93752, 51.05154], [0.92903, 51.05104], [0.92881, 51.05096], [0.9179, 51.04932], [0.90985, 51.05127], [0.90868, 51.05137], [0.90858, 51.05132], [0.90678, 51.04965], [0.90715, 51.04486], [0.91547, 51.03797], [0.91425, 51.03592], [0.91486, 51.03413], [0.91458, 51.03253], [0.92299, 51.02367], [0.91985, 51.01708], [0.91491, 51.01596], [0.90309, 51.0217], [0.89492, 51.02282], [0.89066, 51.02602], [0.88805, 51.02866], [0.8857, 51.03192], [0.88577, 51.03248], [0.86006, 51.03205], [0.85868, 51.03222], [0.85738, 51.03716], [0.85382, 51.0393], [0.84258, 51.0364], [0.83047, 51.03694], [0.83337, 51.02882], [0.83327, 51.02823], [0.83282, 51.02784], [0.82403, 51.02378], [0.81337, 51.02047], [0.81262, 51.02062], [0.81218, 51.02063], [0.80512, 51.00978], [0.78244, 51.00958], [0.78203, 50.99982], [0.78481, 50.99525], [0.7846, 50.98924], [0.78832, 50.98751], [0.78943, 50.98737], [0.80165, 50.98105], [0.8067, 50.97987], [0.82193, 50.97427], [0.82596, 50.97485], [0.84546, 50.96253], [0.84591, 50.95351], [0.84219, 50.94987], [0.84821, 50.94483], [0.87306, 50.90138], [0.87759, 50.90077], [0.87803, 50.90072], [0.87886, 50.90062], [0.87931, 50.90058], [0.88205, 50.90032], [0.88584, 50.89973], [0.88632, 50.89966], [0.88724, 50.89954], [0.88772, 50.89948], [0.9359, 50.8942], [0.93674, 50.89413], [0.93835, 50.89401], [0.9392, 50.89397], [0.96804, 50.89302], [0.97082, 50.8931], [0.97603, 50.89358], [0.97873, 50.894], [0.98778, 50.89602], [0.99011, 50.8967], [0.99431, 50.89822], [0.99641, 50.89915], [0.99878, 50.90041], [1.00011, 50.90122], [1.00247, 50.90285], [1.00458, 50.90476], [1.00619, 50.90671], [1.00694, 50.90778], [1.0078, 50.90927], [1.00854, 50.91112], [1.00932, 50.91468], [1.00942, 50.91658], [1.00924, 50.91816], [1.01073, 50.9226], [1.0109, 50.92321], [1.01115, 50.92436], [1.01126, 50.92496], [1.01204, 50.93176], [1.01207, 50.93257], [1.01203, 50.9341], [1.01195, 50.93491], [1.01005, 50.94604], [1.00964, 50.94741], [1.00856, 50.94995], [1.00783, 50.95125], [1.0063, 50.95344], [1.0058, 50.95516], [1.00566, 50.95594], [0.96576, 50.95058], [0.9646, 50.94989], [0.96254, 50.95034], [0.95767, 50.94993], [0.95665, 50.95007], [0.95407, 50.9503], [0.94779, 50.95024], [0.94785, 50.95242], [0.94772, 50.95509], [0.94753, 50.95651], [0.94747, 50.95687], [0.945, 50.96046], [0.94073, 50.96488], [0.94094, 50.96553], [0.94035, 50.96679], [0.94267, 50.97629], [0.94214, 50.97686], [0.93813, 50.979], [0.93733, 50.97922], [0.9292, 50.98069], [0.92798, 50.98079], [0.92773, 50.98287], [0.92678, 50.98503], [0.93077, 50.98656], [0.9308, 50.9866], [0.93111, 50.98905], [0.92992, 50.99031], [0.92285, 50.98901], [0.92068, 50.98956], [0.91483, 50.9939], [0.91558, 50.99507], [0.9258, 50.99882], [0.93191, 50.9988], [0.93856, 51.00085], [0.93901, 51.00124], [0.93916, 51.00427], [0.94301, 51.00665], [0.94491, 51.00767], [0.9598, 51.00647], [0.96034, 51.00473], [0.96042, 51.00371], [0.96039, 51.00356], [0.96779, 50.99769], [0.96957, 50.9965], [0.97603, 50.9967], [1.0043, 50.99289], [1.00531, 50.99474], [1.01198, 51.00304], [1.02355, 51.01339], [1.03545, 51.02244], [1.05271, 51.03318], [1.06328, 51.03899], [1.06441, 51.03944], [1.03508, 51.0486], [1.03475, 51.04875], [1.03246, 51.05072], [1.03165, 51.05203], [1.02775, 51.0547], [1.02175, 51.05354], [1.02059, 51.05337], [1.01886, 51.05469], [1.01362, 51.05833], [1.00271, 51.05703]]]}, "properties": {"name": "TN29", "description": "TN29 postcode district"}}, {"type": "Feature", "geometry": {"type": "Polygon", "coordinates": [[[0.66864, 51.05474], [0.66821, 51.05128], [0.66988, 51.04792], [0.67189, 51.04645], [0.67076, 51.03546], [0.67137, 51.03349], [0.6707, 51.03314], [0.66131, 51.0148], [0.6672, 51.01234], [0.66897, 51.01116], [0.67161, 51.00831], [0.67482, 51.00681], [0.67618, 51.00591], [0.67807, 51.00378], [0.6797, 51.00338], [0.70141, 50.98976], [0.70965, 50.99534], [0.72366, 50.9945], [0.73229, 50.996], [0.73927, 51.00138], [0.75152, 50.99976], [0.75459, 50.99464], [0.77677, 50.98766], [0.7846, 50.98924], [0.78481, 50.99525], [0.78203, 50.99982], [0.78244, 51.00958], [0.78054, 51.01215], [0.78034, 51.01529], [0.78085, 51.01722], [0.77894, 51.019], [0.77816, 51.02011], [0.77717, 51.0252], [0.77671, 51.0258], [0.75579, 51.03195], [0.75533, 51.03222], [0.76239, 51.03718], [0.76542, 51.0439], [0.76278, 51.05028], [0.74832, 51.05147], [0.7417, 51.0547], [0.74075, 51.06216], [0.73578, 51.06468], [0.7357, 51.0647], [0.73079, 51.06638], [0.72981, 51.07602], [0.72321, 51.07781], [0.73004, 51.08695], [0.72928, 51.08832], [0.71814, 51.0892], [0.71733, 51.09], [0.70738, 51.09086], [0.69982, 51.09518], [0.69811, 51.09462], [0.69728, 51.09415], [0.69522, 51.09426], [0.69259, 51.09525], [0.68872, 51.09813], [0.68935, 51.09949], [0.68856, 51.10078], [0.68859, 51.10254], [0.68826, 51.10457], [0.68895, 51.10553], [0.68892, 51.1056], [0.67249, 51.10641], [0.6729, 51.10405], [0.67165, 51.10295], [0.66788, 51.10181], [0.66492, 51.09843], [0.66424, 51.09817], [0.66383, 51.09669], [0.6628, 51.09219], [0.65851, 51.09111], [0.65662, 51.09119], [0.65318, 51.08957], [0.65241, 51.0894], [0.65221, 51.08939], [0.6412, 51.08321], [0.64014, 51.07954], [0.64087, 51.07897], [0.64397, 51.07418], [0.64962, 51.07486], [0.65439, 51.0749], [0.65761, 51.07393], [0.66123, 51.07022], [0.65693, 51.06667], [0.66, 51.06458], [0.66372, 51.06343], [0.66694, 51.06118], [0.66741, 51.05651], [0.66864, 51.05474]]]}, "properties": {"name": "TN30", "description": "TN30 postcode district"}}, {"type": "Feature", "geometry": {"type": "Polygon", "coordinates": [[[0.69752, 50.93713], [0.70663, 50.93802], [0.70954, 50.93774], [0.71307, 50.93957], [0.71759, 50.93976], [0.7321, 50.93201], [0.74, 50.93187], [0.74248, 50.93078], [0.74257, 50.9307], [0.74344, 50.93008], [0.74627, 50.92776], [0.7509, 50.92486], [0.77562, 50.90679], [0.78293, 50.90878], [0.79899, 50.90977], [0.80112, 50.91], [0.80296, 50.9103], [0.80505, 50.91033], [0.81914, 50.90797], [0.81976, 50.90787], [0.82094, 50.90771], [0.82156, 50.90763], [0.84748, 50.90482], [0.87306, 50.90138], [0.84821, 50.94483], [0.84219, 50.94987], [0.84591, 50.95351], [0.84546, 50.96253], [0.82596, 50.97485], [0.82193, 50.97427], [0.8067, 50.97987], [0.80165, 50.98105], [0.78943, 50.98737], [0.78832, 50.98751], [0.7846, 50.98924], [0.77677, 50.98766], [0.75459, 50.99464], [0.75152, 50.99976], [0.73927, 51.00138], [0.73229, 50.996], [0.72366, 50.9945], [0.70965, 50.99534], [0.70141, 50.98976], [0.6797, 51.00338], [0.67807, 51.00378], [0.67618, 51.00591], [0.67482, 51.00681], [0.67161, 51.00831], [0.66897, 51.01116], [0.6672, 51.01234], [0.66131, 51.0148], [0.64219, 51.01678], [0.64007, 51.01458], [0.63992, 51.01437], [0.62998, 51.00951], [0.62473, 51.01099], [0.60673, 51.01121], [0.60593, 51.01117], [0.60325, 51.01044], [0.60136, 51.01018], [0.59769, 51.01106], [0.595, 51.01126], [0.59159, 51.01083], [0.58429, 51.00799], [0.5826, 51.00626], [0.58027, 51.00488], [0.58131, 50.99686], [0.58493, 50.99358], [0.58505, 50.99347], [0.58514, 50.98842], [0.57763, 50.98503], [0.5755, 50.98498], [0.57109, 50.9807], [0.57109, 50.98028], [0.56826, 50.97837], [0.56922, 50.97406], [0.56025, 50.97228], [0.56654, 50.96916], [0.56876, 50.9602], [0.56619, 50.95909], [0.56371, 50.95733], [0.56168, 50.9547], [0.56415, 50.95264], [0.56917, 50.9469], [0.56255, 50.94108], [0.56495, 50.93335], [0.56763, 50.93261], [0.57035, 50.93278], [0.57518, 50.92958], [0.58328, 50.92605], [0.58516, 50.9264], [0.58973, 50.92916], [0.59147, 50.92894], [0.6074, 50.92954], [0.609, 50.92913], [0.61313, 50.92913], [0.61619, 50.92794], [0.62001, 50.92755], [0.62002, 50.92755], [0.6402, 50.93272], [0.64529, 50.9304], [0.64864, 50.9302], [0.65496, 50.93064], [0.65746, 50.93031], [0.66299, 50.9284], [0.66481, 50.92682], [0.66837, 50.9258], [0.67519, 50.92472], [0.68213, 50.9243], [0.68936, 50.92927], [0.68912, 50.93092], [0.68968, 50.93204], [0.69227, 50.93498], [0.69752, 50.93713]]]}, "properties": {"name": "TN31", "description": "TN31 postcode district"}}, {"type": "Feature", "geometry": {"type": "Polygon", "coordinates": [[[0.48799, 51.00058], [0.48356, 50.99964], [0.47604, 51.00258], [0.47336, 51.00263], [0.47227, 51.00262], [0.46603, 50.99518], [0.45273, 50.99806], [0.44985, 50.9936], [0.43452, 50.98916], [0.43119, 50.98554], [0.42839, 50.98515], [0.42005, 50.97997], [0.41653, 50.97997], [0.40933, 50.97445], [0.39867, 50.97139], [0.39841, 50.97088], [0.38529, 50.96681], [0.38056, 50.96863], [0.37948, 50.97914], [0.37104, 50.98083], [0.36702, 50.98035], [0.35793, 50.97393], [0.3581, 50.97363], [0.35878, 50.96389], [0.36763, 50.96169], [0.36911, 50.95981], [0.38594, 50.95707], [0.38612, 50.9571], [0.38826, 50.9578], [0.39375, 50.95537], [0.39675, 50.95269], [0.39699, 50.95258], [0.39779, 50.95248], [0.40544, 50.94865], [0.40718, 50.94709], [0.4112, 50.94819], [0.42025, 50.94974], [0.42834, 50.95574], [0.4301, 50.95792], [0.43062, 50.95786], [0.43069, 50.95785], [0.43258, 50.95672], [0.43973, 50.95275], [0.44271, 50.94931], [0.45022, 50.94695], [0.45151, 50.94664], [0.46503, 50.94643], [0.46909, 50.94098], [0.47092, 50.94061], [0.48851, 50.94308], [0.49112, 50.94579], [0.49121, 50.94588], [0.49124, 50.94626], [0.49235, 50.94813], [0.49277, 50.95195], [0.4943, 50.9531], [0.50297, 50.95425], [0.50432, 50.95597], [0.50329, 50.96081], [0.50508, 50.96147], [0.51796, 50.95281], [0.51797, 50.95207], [0.51816, 50.95186], [0.53547, 50.95235], [0.53938, 50.95363], [0.54836, 50.95276], [0.54856, 50.95269], [0.54994, 50.95276], [0.56168, 50.9547], [0.56371, 50.95733], [0.56619, 50.95909], [0.56876, 50.9602], [0.56654, 50.96916], [0.56025, 50.97228], [0.56922, 50.97406], [0.56826, 50.97837], [0.57109, 50.98028], [0.57109, 50.9807], [0.5755, 50.98498], [0.57763, 50.98503], [0.58514, 50.98842], [0.58505, 50.99347], [0.58493, 50.99358], [0.58131, 50.99686], [0.58027, 51.00488], [0.56528, 51.00472], [0.55975, 51.005], [0.55847, 51.00607], [0.55003, 51.00803], [0.54964, 51.00821], [0.54278, 51.01632], [0.53119, 51.01767], [0.53053, 51.01815], [0.53, 51.02085], [0.51258, 51.02388], [0.51079, 51.02282], [0.497, 51.0213], [0.49371, 51.01854], [0.49335, 51.01822], [0.49447, 51.01635], [0.48877, 51.0097], [0.48582, 51.00787], [0.48823, 51.00096], [0.48799, 51.00058]]]}, "properties": {"name": "TN32", "description": "TN32 postcode district"}}, {"type": "Feature", "geometry": {"type": "Polygon", "coordinates": [[[0.51797, 50.95207], [0.51796, 50.95281], [0.50508, 50.96147], [0.50329, 50.96081], [0.50432, 50.95597], [0.50297, 50.95425], [0.4943, 50.9531], [0.49277, 50.95195], [0.49235, 50.94813], [0.49124, 50.94626], [0.49121, 50.94588], [0.49112, 50.94579], [0.48851, 50.94308], [0.47092, 50.94061], [0.46909, 50.94098], [0.46503, 50.94643], [0.45151, 50.94664], [0.45022, 50.94695], [0.44271, 50.94931], [0.43973, 50.95275], [0.43258, 50.95672], [0.43069, 50.95785], [0.43062, 50.95786], [0.4301, 50.95792], [0.42834, 50.95574], [0.42025, 50.94974], [0.4112, 50.94819], [0.40718, 50.94709], [0.40641, 50.9405], [0.39893, 50.93757], [0.39518, 50.93794], [0.38989, 50.93744], [0.38662, 50.93844], [0.38338, 50.93879], [0.36958, 50.93113], [0.37119, 50.92415], [0.37071, 50.92401], [0.36424, 50.91918], [0.36255, 50.90906], [0.36709, 50.90703], [0.36507, 50.90059], [0.37631, 50.89172], [0.37423, 50.88985], [0.37207, 50.88599], [0.38993, 50.87641], [0.38328, 50.87051], [0.38327, 50.87051], [0.38175, 50.87025], [0.37844, 50.86934], [0.36935, 50.85966], [0.36962, 50.85923], [0.36853, 50.84969], [0.36019, 50.83869], [0.36067, 50.83703], [0.3811, 50.83675], [0.39058, 50.84014], [0.39253, 50.84639], [0.39786, 50.84928], [0.40119, 50.85219], [0.40786, 50.85465], [0.40912, 50.85539], [0.409, 50.85565], [0.40818, 50.86147], [0.40832, 50.8617], [0.41602, 50.86575], [0.42275, 50.86677], [0.4252, 50.86765], [0.42175, 50.87245], [0.42299, 50.87425], [0.43116, 50.8779], [0.43218, 50.87802], [0.44027, 50.88126], [0.44044, 50.88128], [0.44168, 50.88036], [0.44226, 50.87962], [0.45429, 50.87377], [0.45454, 50.87378], [0.45954, 50.87896], [0.46826, 50.88077], [0.47653, 50.87654], [0.47693, 50.87564], [0.48426, 50.87383], [0.49161, 50.86519], [0.50106, 50.86495], [0.50146, 50.87263], [0.50786, 50.87582], [0.50651, 50.87737], [0.50661, 50.88294], [0.50835, 50.88381], [0.51306, 50.8852], [0.51398, 50.88852], [0.52584, 50.89065], [0.52809, 50.89609], [0.52867, 50.89643], [0.52907, 50.89669], [0.53297, 50.90023], [0.53858, 50.89826], [0.54831, 50.8976], [0.54896, 50.89831], [0.55821, 50.90167], [0.56099, 50.90201], [0.56313, 50.90569], [0.56281, 50.90623], [0.56335, 50.90823], [0.55616, 50.91215], [0.56017, 50.9143], [0.56019, 50.91438], [0.56454, 50.91911], [0.56443, 50.91937], [0.565, 50.9214], [0.56394, 50.9225], [0.55468, 50.92485], [0.55236, 50.92696], [0.55364, 50.93233], [0.56495, 50.93335], [0.56255, 50.94108], [0.56917, 50.9469], [0.56415, 50.95264], [0.56168, 50.9547], [0.54994, 50.95276], [0.54856, 50.95269], [0.54836, 50.95276], [0.53938, 50.95363], [0.53547, 50.95235], [0.51816, 50.95186], [0.51797, 50.95207]]]}, "properties": {"name": "TN33", "description": "TN33 postcode district"}}, {"type": "Feature", "geometry": {"type": "Polygon", "coordinates": [[[0.58136, 50.83567], [0.58187, 50.83577], [0.58672, 50.83607], [0.59074, 50.83595], [0.59337, 50.83602], [0.5983, 50.83646], [0.60327, 50.83752], [0.60418, 50.83784], [0.60712, 50.83839], [0.6109, 50.83953], [0.61288, 50.83984], [0.61712, 50.84101], [0.62081, 50.84252], [0.62096, 50.84261], [0.62226, 50.84299], [0.62314, 50.84308], [0.61169, 50.85153], [0.60913, 50.85312], [0.60498, 50.85652], [0.60386, 50.85717], [0.60093, 50.85838], [0.60012, 50.85878], [0.59827, 50.85926], [0.59594, 50.85935], [0.59523, 50.85967], [0.5957, 50.86024], [0.59615, 50.86025], [0.59746, 50.86124], [0.59745, 50.86125], [0.59637, 50.86192], [0.59575, 50.86213], [0.59549, 50.86295], [0.59558, 50.86316], [0.59536, 50.86345], [0.59678, 50.86502], [0.59695, 50.865], [0.59794, 50.86549], [0.59883, 50.86545], [0.59962, 50.86579], [0.59846, 50.86652], [0.59842, 50.86673], [0.59852, 50.86684], [0.59964, 50.86704], [0.59991, 50.86749], [0.60125, 50.86741], [0.60155, 50.86778], [0.60137, 50.86815], [0.60046, 50.86853], [0.60034, 50.86868], [0.59982, 50.86907], [0.5992, 50.86813], [0.5991, 50.86805], [0.59725, 50.86834], [0.59725, 50.86831], [0.59713, 50.86793], [0.59722, 50.86716], [0.59686, 50.86683], [0.59534, 50.8669], [0.59478, 50.8668], [0.59451, 50.86715], [0.59725, 50.86835], [0.59668, 50.8695], [0.5967, 50.86952], [0.59692, 50.86965], [0.59722, 50.87021], [0.59783, 50.8707], [0.59823, 50.87121], [0.59825, 50.87135], [0.59843, 50.87157], [0.59941, 50.87224], [0.59984, 50.87231], [0.60029, 50.87313], [0.60027, 50.87326], [0.60028, 50.8733], [0.59984, 50.87441], [0.59991, 50.87447], [0.601, 50.87474], [0.6013, 50.87515], [0.60139, 50.87545], [0.60224, 50.87585], [0.60561, 50.87485], [0.60661, 50.87542], [0.60566, 50.87732], [0.60442, 50.87669], [0.60189, 50.87686], [0.60001, 50.8776], [0.59988, 50.87768], [0.59987, 50.8778], [0.59867, 50.87882], [0.59897, 50.88198], [0.59486, 50.88297], [0.59476, 50.88293], [0.59366, 50.88218], [0.59123, 50.88199], [0.59017, 50.88165], [0.58867, 50.88144], [0.58652, 50.8827], [0.58568, 50.88262], [0.58489, 50.88316], [0.58447, 50.88369], [0.58466, 50.88485], [0.58241, 50.88639], [0.58234, 50.8865], [0.5822, 50.88677], [0.58116, 50.88803], [0.57913, 50.88987], [0.57926, 50.89236], [0.57697, 50.89355], [0.57086, 50.89206], [0.56666, 50.89062], [0.56673, 50.89006], [0.5661, 50.88775], [0.5695, 50.88563], [0.56953, 50.88517], [0.56942, 50.88488], [0.57151, 50.88435], [0.57161, 50.88364], [0.57192, 50.88348], [0.57195, 50.88316], [0.57089, 50.8825], [0.57104, 50.88205], [0.57157, 50.88186], [0.57208, 50.88118], [0.57132, 50.88096], [0.56969, 50.88125], [0.56931, 50.88102], [0.56929, 50.88088], [0.56741, 50.88046], [0.56795, 50.87974], [0.56718, 50.87952], [0.56626, 50.87973], [0.56596, 50.87851], [0.56427, 50.87876], [0.56373, 50.8778], [0.56372, 50.87778], [0.56256, 50.877], [0.56231, 50.8767], [0.56229, 50.87657], [0.5604, 50.87642], [0.5596, 50.87609], [0.55959, 50.87607], [0.55915, 50.87571], [0.56075, 50.8742], [0.56052, 50.87409], [0.56045, 50.87408], [0.55977, 50.87407], [0.55866, 50.87307], [0.55864, 50.87294], [0.55802, 50.8725], [0.55819, 50.8722], [0.55844, 50.87213], [0.55964, 50.87131], [0.55974, 50.87131], [0.5603, 50.87071], [0.56182, 50.87084], [0.56197, 50.8707], [0.56292, 50.87032], [0.5647, 50.87066], [0.56539, 50.86879], [0.56475, 50.86816], [0.56498, 50.86755], [0.56611, 50.86622], [0.5661, 50.86594], [0.56323, 50.86498], [0.56319, 50.86471], [0.56244, 50.86375], [0.56237, 50.86353], [0.56439, 50.86238], [0.56449, 50.86154], [0.56452, 50.86148], [0.56356, 50.86073], [0.56359, 50.86055], [0.56507, 50.85952], [0.56503, 50.85926], [0.56633, 50.85819], [0.56699, 50.85805], [0.56697, 50.85681], [0.56741, 50.85608], [0.56795, 50.85575], [0.56767, 50.85508], [0.56778, 50.85452], [0.56826, 50.85417], [0.57015, 50.85365], [0.57118, 50.85419], [0.5725, 50.85296], [0.58136, 50.83567]]]}, "properties": {"name": "TN34", "description": "TN34 postcode district"}}, {"type": "Feature", "geometry": {"type": "Polygon", "coordinates": [[[0.62314, 50.84308], [0.63252, 50.84405], [0.63466, 50.84438], [0.63864, 50.84521], [0.64255, 50.84648], [0.64594, 50.84804], [0.64731, 50.84878], [0.64739, 50.8488], [0.65132, 50.84937], [0.65143, 50.8494], [0.65421, 50.84946], [0.65841, 50.84997], [0.66224, 50.85082], [0.66602, 50.85209], [0.6688, 50.8534], [0.67756, 50.85523], [0.68001, 50.85591], [0.68443, 50.85746], [0.68663, 50.85841], [0.69008, 50.86023], [0.69161, 50.86117], [0.6943, 50.86309], [0.69661, 50.86535], [0.69789, 50.86714], [0.69875, 50.8676], [0.69975, 50.86819], [0.70157, 50.86938], [0.70248, 50.87004], [0.71122, 50.87698], [0.72755, 50.88665], [0.7043, 50.90316], [0.69668, 50.90448], [0.69436, 50.90402], [0.68855, 50.90073], [0.68478, 50.89892], [0.68111, 50.89837], [0.67, 50.90125], [0.66694, 50.9065], [0.66294, 50.90726], [0.66283, 50.90733], [0.65158, 50.90854], [0.64355, 50.90755], [0.64181, 50.90939], [0.64105, 50.91639], [0.63851, 50.91832], [0.63014, 50.91863], [0.62312, 50.92369], [0.62002, 50.92755], [0.62001, 50.92755], [0.61619, 50.92794], [0.61313, 50.92913], [0.609, 50.92913], [0.6074, 50.92954], [0.59147, 50.92894], [0.58973, 50.92916], [0.58516, 50.9264], [0.58328, 50.92605], [0.57518, 50.92958], [0.57035, 50.93278], [0.56763, 50.93261], [0.56495, 50.93335], [0.55364, 50.93233], [0.55236, 50.92696], [0.55468, 50.92485], [0.56394, 50.9225], [0.565, 50.9214], [0.56443, 50.91937], [0.56454, 50.91911], [0.56019, 50.91438], [0.56017, 50.9143], [0.55616, 50.91215], [0.56335, 50.90823], [0.56281, 50.90623], [0.56313, 50.90569], [0.56099, 50.90201], [0.56183, 50.90081], [0.56629, 50.89892], [0.56689, 50.89785], [0.57695, 50.89363], [0.57697, 50.89355], [0.57926, 50.89236], [0.57913, 50.88987], [0.58116, 50.88803], [0.5822, 50.88677], [0.58234, 50.8865], [0.58241, 50.88639], [0.58466, 50.88485], [0.58447, 50.88369], [0.58489, 50.88316], [0.58568, 50.88262], [0.58652, 50.8827], [0.58867, 50.88144], [0.59017, 50.88165], [0.59123, 50.88199], [0.59366, 50.88218], [0.59476, 50.88293], [0.59486, 50.88297], [0.59897, 50.88198], [0.59867, 50.87882], [0.59987, 50.8778], [0.59988, 50.87768], [0.60001, 50.8776], [0.60189, 50.87686], [0.60442, 50.87669], [0.60566, 50.87732], [0.60661, 50.87542], [0.60561, 50.87485], [0.60224, 50.87585], [0.60139, 50.87545], [0.6013, 50.87515], [0.601, 50.87474], [0.59991, 50.87447], [0.59984, 50.87441], [0.60028, 50.8733], [0.60027, 50.87326], [0.60029, 50.87313], [0.59984, 50.87231], [0.59941, 50.87224], [0.59843, 50.87157], [0.59825, 50.87135], [0.59823, 50.87121], [0.59783, 50.8707], [0.59722, 50.87021], [0.59692, 50.86965], [0.5967, 50.86952], [0.59668, 50.8695], [0.59725, 50.86835], [0.59451, 50.86715], [0.59478, 50.8668], [0.59534, 50.8669], [0.59686, 50.86683], [0.59722, 50.86716], [0.59713, 50.86793], [0.59725, 50.86831], [0.59725, 50.86834], [0.5991, 50.86805], [0.5992, 50.86813], [0.59982, 50.86907], [0.60034, 50.86868], [0.60046, 50.86853], [0.60137, 50.86815], [0.60155, 50.86778], [0.60125, 50.86741], [0.59991, 50.86749], [0.59964, 50.86704], [0.59852, 50.86684], [0.59842, 50.86673], [0.59846, 50.86652], [0.59962, 50.86579], [0.59883, 50.86545], [0.59794, 50.86549], [0.59695, 50.865], [0.59678, 50.86502], [0.59536, 50.86345], [0.59558, 50.86316], [0.59549, 50.86295], [0.59575, 50.86213], [0.59637, 50.86192], [0.59745, 50.86125], [0.59746, 50.86124], [0.59615, 50.86025], [0.5957, 50.86024], [0.59523, 50.85967], [0.59594, 50.85935], [0.59827, 50.85926], [0.60012, 50.85878], [0.60093, 50.85838], [0.60386, 50.85717], [0.60498, 50.85652], [0.60913, 50.85312], [0.61169, 50.85153], [0.62314, 50.84308]]]}, "properties": {"name": "TN35", "description": "TN35 postcode district"}}, {"type": "Feature", "geometry": {"type": "Polygon", "coordinates": [[[0.70954, 50.93774], [0.70663, 50.93802], [0.69752, 50.93713], [0.69227, 50.93498], [0.68968, 50.93204], [0.68912, 50.93092], [0.68936, 50.92927], [0.68213, 50.9243], [0.67519, 50.92472], [0.66837, 50.9258], [0.66481, 50.92682], [0.66299, 50.9284], [0.65746, 50.93031], [0.65496, 50.93064], [0.64864, 50.9302], [0.64529, 50.9304], [0.6402, 50.93272], [0.62002, 50.92755], [0.62312, 50.92369], [0.63014, 50.91863], [0.63851, 50.91832], [0.64105, 50.91639], [0.64181, 50.90939], [0.64355, 50.90755], [0.65158, 50.90854], [0.66283, 50.90733], [0.66294, 50.90726], [0.66694, 50.9065], [0.67, 50.90125], [0.68111, 50.89837], [0.68478, 50.89892], [0.68855, 50.90073], [0.69436, 50.90402], [0.69668, 50.90448], [0.7043, 50.90316], [0.72755, 50.88665], [0.73148, 50.88898], [0.73527, 50.89067], [0.73694, 50.89122], [0.74048, 50.89264], [0.74379, 50.89448], [0.74408, 50.89459], [0.74701, 50.89588], [0.74978, 50.89749], [0.75033, 50.89791], [0.75202, 50.89846], [0.75407, 50.89928], [0.75936, 50.90181], [0.7632, 50.90272], [0.76576, 50.90353], [0.7704, 50.90538], [0.77562, 50.90679], [0.7509, 50.92486], [0.74627, 50.92776], [0.74344, 50.93008], [0.74257, 50.9307], [0.74248, 50.93078], [0.74, 50.93187], [0.7321, 50.93201], [0.71759, 50.93976], [0.71307, 50.93957], [0.70954, 50.93774]]]}, "properties": {"name": "TN36", "description": "TN36 postcode district"}}, {"type": "Feature", "geometry": {"type": "Polygon", "coordinates": [[[0.55746, 50.85765], [0.55848, 50.85674], [0.55815, 50.85632], [0.55804, 50.85627], [0.55787, 50.85581], [0.55881, 50.8553], [0.55878, 50.85518], [0.559, 50.85492], [0.55894, 50.85451], [0.55952, 50.85432], [0.55948, 50.85375], [0.55889, 50.85372], [0.55878, 50.85358], [0.55893, 50.8533], [0.55907, 50.85326], [0.5596, 50.85335], [0.55947, 50.85286], [0.5595, 50.8528], [0.55961, 50.8527], [0.55966, 50.85268], [0.55964, 50.85262], [0.55985, 50.85219], [0.56019, 50.85206], [0.5602, 50.85205], [0.56068, 50.85178], [0.56098, 50.85104], [0.56196, 50.8492], [0.56863, 50.83327], [0.57004, 50.83355], [0.57134, 50.83372], [0.57272, 50.83395], [0.58136, 50.83567], [0.5725, 50.85296], [0.57118, 50.85419], [0.57015, 50.85365], [0.56826, 50.85417], [0.56778, 50.85452], [0.56767, 50.85508], [0.56795, 50.85575], [0.56741, 50.85608], [0.56697, 50.85681], [0.56699, 50.85805], [0.56633, 50.85819], [0.56503, 50.85926], [0.56507, 50.85952], [0.56359, 50.86055], [0.56356, 50.86073], [0.56452, 50.86148], [0.56449, 50.86154], [0.56439, 50.86238], [0.56237, 50.86353], [0.56244, 50.86375], [0.56319, 50.86471], [0.56323, 50.86498], [0.5661, 50.86594], [0.56611, 50.86622], [0.56498, 50.86755], [0.56475, 50.86816], [0.56539, 50.86879], [0.5647, 50.87066], [0.56292, 50.87032], [0.56197, 50.8707], [0.56182, 50.87084], [0.5603, 50.87071], [0.55974, 50.87131], [0.55964, 50.87131], [0.55844, 50.87213], [0.55819, 50.8722], [0.55802, 50.8725], [0.55864, 50.87294], [0.55866, 50.87307], [0.55977, 50.87407], [0.56045, 50.87408], [0.56052, 50.87409], [0.56075, 50.8742], [0.55915, 50.87571], [0.55959, 50.87607], [0.5596, 50.87609], [0.5604, 50.87642], [0.56229, 50.87657], [0.56231, 50.8767], [0.56256, 50.877], [0.56372, 50.87778], [0.56373, 50.8778], [0.56427, 50.87876], [0.56596, 50.87851], [0.56626, 50.87973], [0.56718, 50.87952], [0.56795, 50.87974], [0.56741, 50.88046], [0.56929, 50.88088], [0.56931, 50.88102], [0.56969, 50.88125], [0.57132, 50.88096], [0.57208, 50.88118], [0.57157, 50.88186], [0.57104, 50.88205], [0.57089, 50.8825], [0.57195, 50.88316], [0.57192, 50.88348], [0.57161, 50.88364], [0.57151, 50.88435], [0.56942, 50.88488], [0.56953, 50.88517], [0.5695, 50.88563], [0.5661, 50.88775], [0.56673, 50.89006], [0.56666, 50.89062], [0.57086, 50.89206], [0.57697, 50.89355], [0.57695, 50.89363], [0.56689, 50.89785], [0.56629, 50.89892], [0.56183, 50.90081], [0.56099, 50.90201], [0.55821, 50.90167], [0.54896, 50.89831], [0.54831, 50.8976], [0.53858, 50.89826], [0.53297, 50.90023], [0.52907, 50.89669], [0.53531, 50.89312], [0.53619, 50.89298], [0.53834, 50.89348], [0.53925, 50.89417], [0.53905, 50.89538], [0.54541, 50.89508], [0.54597, 50.8932], [0.54455, 50.89299], [0.54284, 50.89228], [0.54218, 50.89227], [0.54061, 50.89276], [0.54003, 50.89316], [0.53947, 50.89148], [0.54061, 50.89135], [0.54082, 50.89119], [0.54091, 50.89056], [0.54063, 50.89011], [0.54078, 50.88967], [0.54029, 50.88937], [0.53968, 50.88933], [0.53871, 50.88848], [0.53839, 50.88859], [0.53756, 50.88902], [0.53694, 50.88918], [0.53591, 50.88835], [0.53575, 50.88816], [0.53508, 50.8878], [0.53056, 50.88596], [0.53072, 50.88544], [0.53071, 50.88536], [0.53512, 50.8832], [0.53606, 50.88322], [0.53944, 50.88468], [0.54007, 50.88461], [0.54095, 50.88528], [0.54202, 50.88577], [0.54296, 50.88518], [0.54288, 50.88502], [0.54296, 50.88465], [0.54253, 50.88416], [0.54367, 50.88367], [0.54384, 50.88349], [0.54397, 50.88346], [0.54424, 50.8835], [0.54499, 50.88424], [0.54696, 50.88411], [0.54695, 50.88393], [0.54611, 50.88319], [0.54556, 50.88309], [0.54511, 50.88259], [0.54514, 50.88254], [0.54576, 50.88207], [0.54573, 50.8819], [0.54507, 50.88155], [0.54503, 50.88121], [0.54519, 50.88103], [0.54542, 50.88101], [0.54606, 50.88116], [0.54731, 50.88113], [0.54729, 50.88052], [0.54788, 50.88032], [0.54769, 50.8793], [0.54792, 50.87913], [0.54823, 50.87911], [0.54893, 50.87883], [0.54987, 50.87889], [0.54993, 50.8781], [0.5485, 50.87731], [0.54875, 50.87703], [0.54923, 50.87706], [0.55058, 50.87693], [0.55064, 50.8769], [0.55132, 50.87678], [0.55167, 50.87664], [0.55031, 50.87556], [0.55059, 50.87525], [0.55159, 50.87529], [0.55248, 50.87471], [0.55175, 50.87411], [0.55257, 50.87377], [0.55288, 50.8738], [0.55368, 50.87346], [0.55316, 50.8731], [0.55312, 50.87271], [0.55382, 50.87231], [0.55333, 50.8719], [0.55383, 50.87115], [0.55359, 50.87093], [0.55426, 50.87006], [0.55337, 50.86939], [0.55421, 50.86863], [0.55427, 50.86849], [0.55405, 50.86802], [0.55436, 50.8677], [0.55511, 50.86744], [0.55514, 50.8674], [0.55621, 50.86704], [0.55591, 50.86668], [0.55494, 50.86651], [0.55469, 50.86625], [0.55497, 50.86611], [0.55598, 50.86631], [0.55651, 50.86608], [0.55653, 50.86589], [0.55612, 50.8657], [0.55575, 50.86565], [0.55593, 50.86503], [0.55654, 50.8649], [0.55667, 50.86483], [0.55699, 50.86482], [0.55703, 50.86477], [0.55711, 50.86456], [0.55669, 50.86387], [0.55626, 50.86377], [0.55639, 50.86333], [0.55635, 50.86303], [0.55676, 50.86284], [0.5569, 50.86258], [0.55669, 50.86243], [0.55662, 50.86209], [0.55752, 50.86146], [0.55667, 50.86129], [0.55662, 50.86125], [0.55588, 50.86104], [0.55586, 50.86095], [0.55649, 50.86004], [0.55661, 50.86003], [0.55645, 50.85918], [0.55715, 50.85909], [0.55735, 50.8586], [0.55696, 50.85808], [0.55738, 50.85766], [0.55746, 50.85765]]]}, "properties": {"name": "TN37", "description": "TN37 postcode district"}}, {"type": "Feature", "geometry": {"type": "Polygon", "coordinates": [[[0.55436, 50.8677], [0.55405, 50.86802], [0.55427, 50.86849], [0.55421, 50.86863], [0.55337, 50.86939], [0.55426, 50.87006], [0.55359, 50.87093], [0.55383, 50.87115], [0.55333, 50.8719], [0.55382, 50.87231], [0.55312, 50.87271], [0.55316, 50.8731], [0.55368, 50.87346], [0.55288, 50.8738], [0.55257, 50.87377], [0.55175, 50.87411], [0.55248, 50.87471], [0.55159, 50.87529], [0.55059, 50.87525], [0.55031, 50.87556], [0.55167, 50.87664], [0.55132, 50.87678], [0.55064, 50.8769], [0.55058, 50.87693], [0.54923, 50.87706], [0.54875, 50.87703], [0.5485, 50.87731], [0.54993, 50.8781], [0.54987, 50.87889], [0.54893, 50.87883], [0.54823, 50.87911], [0.54792, 50.87913], [0.54769, 50.8793], [0.54788, 50.88032], [0.54729, 50.88052], [0.54731, 50.88113], [0.54606, 50.88116], [0.54542, 50.88101], [0.54519, 50.88103], [0.54503, 50.88121], [0.54507, 50.88155], [0.54573, 50.8819], [0.54576, 50.88207], [0.54514, 50.88254], [0.54511, 50.88259], [0.54556, 50.88309], [0.54611, 50.88319], [0.54695, 50.88393], [0.54696, 50.88411], [0.54499, 50.88424], [0.54424, 50.8835], [0.54397, 50.88346], [0.54384, 50.88349], [0.54367, 50.88367], [0.54253, 50.88416], [0.54296, 50.88465], [0.54288, 50.88502], [0.54296, 50.88518], [0.54202, 50.88577], [0.54095, 50.88528], [0.54007, 50.88461], [0.53944, 50.88468], [0.53606, 50.88322], [0.53512, 50.8832], [0.53071, 50.88536], [0.53072, 50.88544], [0.53056, 50.88596], [0.53508, 50.8878], [0.53575, 50.88816], [0.53591, 50.88835], [0.53694, 50.88918], [0.53756, 50.88902], [0.53839, 50.88859], [0.53871, 50.88848], [0.53968, 50.88933], [0.54029, 50.88937], [0.54078, 50.88967], [0.54063, 50.89011], [0.54091, 50.89056], [0.54082, 50.89119], [0.54061, 50.89135], [0.53947, 50.89148], [0.54003, 50.89316], [0.54061, 50.89276], [0.54218, 50.89227], [0.54284, 50.89228], [0.54455, 50.89299], [0.54597, 50.8932], [0.54541, 50.89508], [0.53905, 50.89538], [0.53925, 50.89417], [0.53834, 50.89348], [0.53619, 50.89298], [0.53531, 50.89312], [0.52907, 50.89669], [0.52867, 50.89643], [0.52809, 50.89609], [0.52584, 50.89065], [0.51398, 50.88852], [0.51306, 50.8852], [0.50835, 50.88381], [0.50661, 50.88294], [0.50651, 50.87737], [0.50786, 50.87582], [0.50146, 50.87263], [0.50106, 50.86495], [0.50555, 50.86348], [0.51023, 50.86293], [0.51079, 50.86268], [0.51386, 50.86169], [0.51556, 50.8593], [0.51572, 50.85829], [0.51537, 50.85624], [0.51521, 50.8559], [0.51492, 50.85338], [0.51313, 50.8505], [0.51056, 50.84947], [0.50897, 50.84913], [0.50867, 50.84825], [0.5073, 50.84645], [0.50753, 50.84579], [0.5078, 50.84556], [0.50835, 50.84472], [0.51796, 50.82585], [0.52011, 50.8263], [0.52169, 50.8267], [0.5246, 50.82756], [0.52608, 50.82807], [0.53068, 50.82988], [0.54238, 50.83181], [0.54732, 50.83228], [0.56053, 50.83236], [0.56271, 50.83248], [0.56679, 50.8329], [0.56863, 50.83327], [0.56196, 50.8492], [0.56098, 50.85104], [0.56068, 50.85178], [0.5602, 50.85205], [0.56019, 50.85206], [0.55985, 50.85219], [0.55964, 50.85262], [0.55966, 50.85268], [0.55961, 50.8527], [0.5595, 50.8528], [0.55947, 50.85286], [0.5596, 50.85335], [0.55907, 50.85326], [0.55893, 50.8533], [0.55878, 50.85358], [0.55889, 50.85372], [0.55948, 50.85375], [0.55952, 50.85432], [0.55894, 50.85451], [0.559, 50.85492], [0.55878, 50.85518], [0.55881, 50.8553], [0.55787, 50.85581], [0.55804, 50.85627], [0.55815, 50.85632], [0.55848, 50.85674], [0.55746, 50.85765], [0.55738, 50.85766], [0.55696, 50.85808], [0.55735, 50.8586], [0.55715, 50.85909], [0.55645, 50.85918], [0.55661, 50.86003], [0.55649, 50.86004], [0.55586, 50.86095], [0.55588, 50.86104], [0.55662, 50.86125], [0.55667, 50.86129], [0.55752, 50.86146], [0.55662, 50.86209], [0.55669, 50.86243], [0.5569, 50.86258], [0.55676, 50.86284], [0.55635, 50.86303], [0.55639, 50.86333], [0.55626, 50.86377], [0.55669, 50.86387], [0.55711, 50.86456], [0.55703, 50.86477], [0.55699, 50.86482], [0.55667, 50.86483], [0.55654, 50.8649], [0.55593, 50.86503], [0.55575, 50.86565], [0.55612, 50.8657], [0.55653, 50.86589], [0.55651, 50.86608], [0.55598, 50.86631], [0.55497, 50.86611], [0.55469, 50.86625], [0.55494, 50.86651], [0.55591, 50.86668], [0.55621, 50.86704], [0.55514, 50.8674], [0.55511, 50.86744], [0.55436, 50.8677]]]}, "properties": {"name": "TN38", "description": "TN38 postcode district"}}, {"type": "Feature", "geometry": {"type": "Polygon", "coordinates": [[[0.46765, 50.84519], [0.46832, 50.84669], [0.46868, 50.84665], [0.46992, 50.84688], [0.47026, 50.84756], [0.47002, 50.84782], [0.47026, 50.84819], [0.47013, 50.84856], [0.46942, 50.84901], [0.46941, 50.84912], [0.46982, 50.84969], [0.46981, 50.84975], [0.47093, 50.8503], [0.47144, 50.85035], [0.47146, 50.85035], [0.47163, 50.85043], [0.47209, 50.85121], [0.47184, 50.85148], [0.47262, 50.85181], [0.47289, 50.85211], [0.47299, 50.85245], [0.47295, 50.8526], [0.47324, 50.85266], [0.4745, 50.85351], [0.47459, 50.85386], [0.47471, 50.85389], [0.47494, 50.85475], [0.47636, 50.85496], [0.47644, 50.85561], [0.47644, 50.85562], [0.47732, 50.85575], [0.47784, 50.85572], [0.48005, 50.85658], [0.48619, 50.85775], [0.48621, 50.8619], [0.49161, 50.86519], [0.48426, 50.87383], [0.47693, 50.87564], [0.47653, 50.87654], [0.46826, 50.88077], [0.45954, 50.87896], [0.45454, 50.87378], [0.45429, 50.87377], [0.44226, 50.87962], [0.44168, 50.88036], [0.44044, 50.88128], [0.44027, 50.88126], [0.43218, 50.87802], [0.43116, 50.8779], [0.42299, 50.87425], [0.42175, 50.87245], [0.4252, 50.86765], [0.42275, 50.86677], [0.41602, 50.86575], [0.40832, 50.8617], [0.40818, 50.86147], [0.409, 50.85565], [0.40912, 50.85539], [0.40786, 50.85465], [0.40119, 50.85219], [0.39786, 50.84928], [0.39253, 50.84639], [0.39058, 50.84014], [0.40865, 50.83566], [0.40909, 50.83136], [0.41266, 50.82478], [0.42038, 50.81148], [0.42162, 50.81184], [0.4244, 50.81288], [0.44543, 50.81459], [0.44704, 50.81478], [0.45004, 50.81525], [0.4516, 50.81556], [0.45396, 50.81612], [0.47337, 50.81794], [0.47251, 50.8235], [0.47136, 50.83513], [0.47105, 50.83581], [0.47069, 50.83722], [0.47072, 50.83747], [0.47069, 50.83751], [0.47013, 50.83813], [0.4701, 50.83826], [0.47059, 50.83842], [0.47046, 50.83891], [0.47087, 50.83923], [0.47055, 50.83942], [0.47059, 50.8396], [0.47034, 50.8401], [0.47007, 50.84022], [0.47, 50.84048], [0.47031, 50.84071], [0.47148, 50.84056], [0.47176, 50.84086], [0.47138, 50.84129], [0.47114, 50.84229], [0.471, 50.84262], [0.4705, 50.84294], [0.47045, 50.84322], [0.47036, 50.84327], [0.46988, 50.84409], [0.46991, 50.84411], [0.47052, 50.84436], [0.47024, 50.84503], [0.47027, 50.84507], [0.4701, 50.84584], [0.46999, 50.84586], [0.46803, 50.84518], [0.46765, 50.84519]]]}, "properties": {"name": "TN39", "description": "TN39 postcode district"}}, {"type": "Feature", "geometry": {"type": "Polygon", "coordinates": [[[0.47337, 50.81794], [0.4879, 50.81931], [0.49018, 50.81965], [0.4944, 50.82051], [0.49799, 50.82169], [0.51796, 50.82585], [0.50835, 50.84472], [0.5078, 50.84556], [0.50753, 50.84579], [0.5073, 50.84645], [0.50867, 50.84825], [0.50897, 50.84913], [0.51056, 50.84947], [0.51313, 50.8505], [0.51492, 50.85338], [0.51521, 50.8559], [0.51537, 50.85624], [0.51572, 50.85829], [0.51556, 50.8593], [0.51386, 50.86169], [0.51079, 50.86268], [0.51023, 50.86293], [0.50555, 50.86348], [0.50106, 50.86495], [0.49161, 50.86519], [0.48621, 50.8619], [0.48619, 50.85775], [0.48005, 50.85658], [0.47784, 50.85572], [0.47732, 50.85575], [0.47644, 50.85562], [0.47644, 50.85561], [0.47636, 50.85496], [0.47494, 50.85475], [0.47471, 50.85389], [0.47459, 50.85386], [0.4745, 50.85351], [0.47324, 50.85266], [0.47295, 50.8526], [0.47299, 50.85245], [0.47289, 50.85211], [0.47262, 50.85181], [0.47184, 50.85148], [0.47209, 50.85121], [0.47163, 50.85043], [0.47146, 50.85035], [0.47144, 50.85035], [0.47093, 50.8503], [0.46981, 50.84975], [0.46982, 50.84969], [0.46941, 50.84912], [0.46942, 50.84901], [0.47013, 50.84856], [0.47026, 50.84819], [0.47002, 50.84782], [0.47026, 50.84756], [0.46992, 50.84688], [0.46868, 50.84665], [0.46832, 50.84669], [0.46765, 50.84519], [0.46803, 50.84518], [0.46999, 50.84586], [0.4701, 50.84584], [0.47027, 50.84507], [0.47024, 50.84503], [0.47052, 50.84436], [0.46991, 50.84411], [0.46988, 50.84409], [0.47036, 50.84327], [0.47045, 50.84322], [0.4705, 50.84294], [0.471, 50.84262], [0.47114, 50.84229], [0.47138, 50.84129], [0.47176, 50.84086], [0.47148, 50.84056], [0.47031, 50.84071], [0.47, 50.84048], [0.47007, 50.84022], [0.47034, 50.8401], [0.47059, 50.8396], [0.47055, 50.83942], [0.47087, 50.83923], [0.47046, 50.83891], [0.47059, 50.83842], [0.4701, 50.83826], [0.47013, 50.83813], [0.47069, 50.83751], [0.47072, 50.83747], [0.47069, 50.83722], [0.47105, 50.83581], [0.47136, 50.83513], [0.47251, 50.8235], [0.47337, 50.81794]]]}, "properties": {"name": "TN40", "description": "TN40 postcode district"}}, {"type": "Feature", "geometry": {"type": "Polygon", "coordinates": [[[0.23493, 51.44752], [0.23723, 51.4487], [0.23746, 51.44869], [0.23848, 51.44884], [0.24008, 51.44925], [0.24131, 51.44929], [0.24209, 51.44938], [0.2432, 51.44993], [0.24351, 51.45004], [0.24392, 51.45024], [0.24378, 51.45133], [0.24307, 51.45252], [0.24308, 51.45309], [0.24535, 51.45449], [0.2465, 51.45573], [0.24632, 51.45646], [0.24942, 51.45816], [0.24944, 51.45888], [0.25141, 51.46056], [0.25331, 51.46274], [0.25477, 51.46372], [0.2572, 51.46605], [0.25301, 51.46877], [0.25036, 51.46971], [0.24823, 51.4712], [0.24366, 51.4723], [0.24063, 51.47256], [0.23745, 51.47247], [0.23146, 51.47387], [0.23001, 51.47401], [0.22618, 51.47405], [0.22093, 51.47083], [0.21964, 51.46967], [0.21055, 51.46762], [0.20939, 51.46621], [0.20838, 51.46321], [0.20795, 51.46302], [0.20071, 51.46102], [0.19527, 51.46315], [0.19496, 51.46335], [0.1929, 51.46328], [0.19134, 51.46397], [0.19013, 51.46384], [0.18922, 51.46357], [0.18907, 51.46358], [0.18863, 51.46372], [0.188, 51.46374], [0.18661, 51.46436], [0.18563, 51.4641], [0.18517, 51.46423], [0.18464, 51.46473], [0.18404, 51.4642], [0.18268, 51.46405], [0.18252, 51.46423], [0.181, 51.46447], [0.18058, 51.46436], [0.18048, 51.46425], [0.18107, 51.46321], [0.17949, 51.4627], [0.17949, 51.46218], [0.17929, 51.46196], [0.17927, 51.46193], [0.17657, 51.4605], [0.17604, 51.46029], [0.17559, 51.46042], [0.17449, 51.46048], [0.17323, 51.46086], [0.17096, 51.45939], [0.172, 51.45781], [0.17106, 51.45747], [0.17034, 51.45664], [0.17023, 51.45636], [0.16998, 51.45636], [0.16967, 51.4563], [0.16873, 51.45486], [0.16867, 51.45425], [0.16838, 51.45387], [0.16791, 51.45414], [0.16671, 51.45589], [0.16572, 51.45591], [0.16554, 51.45474], [0.16468, 51.45433], [0.16488, 51.45383], [0.1638, 51.45313], [0.16501, 51.45219], [0.16519, 51.45217], [0.16549, 51.45222], [0.16669, 51.45288], [0.16774, 51.45304], [0.16807, 51.45235], [0.16772, 51.45075], [0.1676, 51.45062], [0.1679, 51.44712], [0.16735, 51.44686], [0.16659, 51.44635], [0.16574, 51.44498], [0.16588, 51.44482], [0.16713, 51.44383], [0.16852, 51.44062], [0.16862, 51.4405], [0.16935, 51.44004], [0.17472, 51.43994], [0.17633, 51.43921], [0.17813, 51.43863], [0.17894, 51.43785], [0.18247, 51.4369], [0.18407, 51.43663], [0.18426, 51.43652], [0.18756, 51.43608], [0.18937, 51.43603], [0.19147, 51.43533], [0.19261, 51.43465], [0.19465, 51.4341], [0.19531, 51.43398], [0.19769, 51.43407], [0.19794, 51.43373], [0.20161, 51.43084], [0.20187, 51.43012], [0.20391, 51.42987], [0.2051, 51.42988], [0.20635, 51.43039], [0.20721, 51.43039], [0.20817, 51.43093], [0.20964, 51.43101], [0.2112, 51.4319], [0.21149, 51.43187], [0.21177, 51.43171], [0.21381, 51.43154], [0.21366, 51.43273], [0.21399, 51.43301], [0.214, 51.43303], [0.21511, 51.43285], [0.2159, 51.43289], [0.2168, 51.43222], [0.21655, 51.43182], [0.21577, 51.43145], [0.21607, 51.43073], [0.21653, 51.43051], [0.21674, 51.43006], [0.21591, 51.42956], [0.21456, 51.42978], [0.21442, 51.42962], [0.21363, 51.42944], [0.21275, 51.42954], [0.21189, 51.42922], [0.21185, 51.4286], [0.21327, 51.42829], [0.21522, 51.42743], [0.2172, 51.4259], [0.21724, 51.42592], [0.21934, 51.42632], [0.22061, 51.42597], [0.22194, 51.42564], [0.22204, 51.4256], [0.22244, 51.42545], [0.22346, 51.42525], [0.22351, 51.42525], [0.22629, 51.42512], [0.22634, 51.42513], [0.22679, 51.42521], [0.23243, 51.42877], [0.2326, 51.42876], [0.23655, 51.42729], [0.23928, 51.42672], [0.23929, 51.42673], [0.23958, 51.43272], [0.24004, 51.43308], [0.23923, 51.43433], [0.23802, 51.43531], [0.23943, 51.43657], [0.23918, 51.43774], [0.23917, 51.43776], [0.23917, 51.43799], [0.23923, 51.43819], [0.23964, 51.43891], [0.23951, 51.43897], [0.23842, 51.44005], [0.23872, 51.44085], [0.2387, 51.44098], [0.23888, 51.44149], [0.23875, 51.44166], [0.23793, 51.4421], [0.23786, 51.44233], [0.23776, 51.44247], [0.23759, 51.44295], [0.23741, 51.44301], [0.23644, 51.4443], [0.23675, 51.44464], [0.23563, 51.44545], [0.23561, 51.44546], [0.23525, 51.44599], [0.23543, 51.44626], [0.23542, 51.44652], [0.2354, 51.44663], [0.23496, 51.44728], [0.23497, 51.44732], [0.23493, 51.44752]]]}, "properties": {"name": "DA1", "description": "DA1 postcode district"}}, {"type": "Feature", "geometry": {"type": "Polygon", "coordinates": [[[0.23543, 51.44626], [0.23525, 51.44599], [0.23561, 51.44546], [0.23563, 51.44545], [0.23675, 51.44464], [0.23644, 51.4443], [0.23741, 51.44301], [0.23759, 51.44295], [0.23776, 51.44247], [0.23786, 51.44233], [0.23793, 51.4421], [0.23875, 51.44166], [0.23888, 51.44149], [0.2387, 51.44098], [0.23872, 51.44085], [0.23842, 51.44005], [0.23951, 51.43897], [0.23964, 51.43891], [0.23923, 51.43819], [0.23917, 51.43799], [0.23917, 51.43776], [0.23918, 51.43774], [0.23943, 51.43657], [0.23802, 51.43531], [0.23923, 51.43433], [0.24004, 51.43308], [0.23958, 51.43272], [0.23929, 51.42673], [0.23928, 51.42672], [0.23655, 51.42729], [0.2326, 51.42876], [0.23243, 51.42877], [0.22679, 51.42521], [0.22634, 51.42513], [0.22629, 51.42512], [0.22351, 51.42525], [0.22346, 51.42525], [0.22244, 51.42545], [0.22204, 51.4256], [0.22194, 51.42564], [0.22061, 51.42597], [0.21934, 51.42632], [0.21724, 51.42592], [0.2172, 51.4259], [0.21522, 51.42743], [0.21327, 51.42829], [0.21185, 51.4286], [0.21189, 51.42922], [0.21275, 51.42954], [0.21363, 51.42944], [0.21442, 51.42962], [0.21456, 51.42978], [0.21591, 51.42956], [0.21674, 51.43006], [0.21653, 51.43051], [0.21607, 51.43073], [0.21577, 51.43145], [0.21655, 51.43182], [0.2168, 51.43222], [0.2159, 51.43289], [0.21511, 51.43285], [0.214, 51.43303], [0.21399, 51.43301], [0.21366, 51.43273], [0.21381, 51.43154], [0.21177, 51.43171], [0.21149, 51.43187], [0.2112, 51.4319], [0.20964, 51.43101], [0.20817, 51.43093], [0.20721, 51.43039], [0.20635, 51.43039], [0.2051, 51.42988], [0.20391, 51.42987], [0.20187, 51.43012], [0.20161, 51.43084], [0.19794, 51.43373], [0.19769, 51.43407], [0.19531, 51.43398], [0.19465, 51.4341], [0.19261, 51.43465], [0.19147, 51.43533], [0.18937, 51.43603], [0.18756, 51.43608], [0.18426, 51.43652], [0.18407, 51.43663], [0.18247, 51.4369], [0.17894, 51.43785], [0.1781, 51.43736], [0.17673, 51.43443], [0.17575, 51.434], [0.17494, 51.43405], [0.1742, 51.43385], [0.17385, 51.43427], [0.17401, 51.43554], [0.17289, 51.43538], [0.17259, 51.43504], [0.17189, 51.4348], [0.17167, 51.435], [0.17102, 51.4351], [0.17053, 51.43487], [0.17036, 51.43488], [0.16928, 51.43458], [0.16821, 51.43465], [0.16766, 51.43385], [0.16856, 51.43234], [0.16857, 51.43229], [0.1688, 51.43213], [0.17012, 51.43192], [0.17055, 51.43179], [0.17152, 51.43126], [0.17187, 51.43125], [0.17267, 51.4313], [0.17461, 51.43005], [0.17503, 51.42993], [0.17754, 51.4307], [0.17811, 51.43075], [0.17868, 51.43067], [0.17877, 51.43045], [0.18158, 51.4278], [0.17974, 51.42738], [0.17958, 51.42737], [0.17736, 51.42673], [0.17655, 51.42688], [0.17549, 51.42635], [0.17351, 51.42667], [0.17302, 51.42607], [0.17066, 51.42621], [0.17106, 51.42535], [0.16959, 51.42487], [0.1699, 51.42431], [0.1699, 51.42427], [0.17013, 51.42377], [0.16946, 51.42324], [0.1689, 51.42333], [0.16788, 51.42368], [0.16708, 51.42349], [0.16679, 51.42296], [0.16594, 51.42301], [0.16457, 51.42273], [0.16389, 51.42367], [0.16377, 51.42371], [0.16372, 51.42372], [0.1627, 51.42357], [0.15304, 51.42339], [0.15302, 51.42252], [0.15519, 51.42144], [0.16243, 51.41866], [0.16287, 51.41693], [0.16195, 51.41578], [0.15636, 51.41384], [0.15582, 51.41354], [0.15603, 51.41052], [0.15867, 51.41024], [0.16316, 51.41003], [0.1648, 51.41022], [0.16506, 51.41016], [0.16546, 51.41017], [0.16922, 51.40995], [0.16975, 51.41037], [0.17072, 51.41194], [0.17146, 51.41536], [0.17199, 51.4156], [0.17428, 51.41524], [0.17528, 51.41529], [0.17913, 51.41592], [0.1793, 51.41581], [0.17992, 51.41502], [0.18091, 51.41451], [0.18536, 51.41551], [0.18601, 51.41585], [0.18602, 51.41591], [0.18598, 51.41654], [0.18606, 51.4167], [0.19163, 51.41701], [0.19332, 51.41785], [0.19653, 51.41386], [0.1979, 51.41291], [0.19907, 51.41379], [0.20441, 51.41682], [0.20501, 51.41756], [0.20907, 51.41822], [0.20952, 51.41813], [0.21205, 51.41782], [0.21457, 51.41797], [0.21826, 51.41673], [0.2219, 51.41483], [0.22385, 51.41601], [0.22436, 51.41625], [0.22776, 51.41847], [0.2294, 51.41817], [0.23245, 51.41749], [0.23289, 51.41767], [0.23494, 51.41823], [0.23604, 51.41834], [0.23673, 51.41803], [0.23976, 51.41746], [0.23978, 51.41745], [0.24076, 51.41637], [0.24508, 51.41306], [0.24582, 51.41279], [0.24647, 51.41287], [0.24875, 51.4132], [0.24985, 51.41286], [0.2548, 51.41354], [0.26009, 51.41345], [0.26459, 51.41178], [0.26688, 51.41058], [0.26774, 51.41051], [0.27041, 51.40937], [0.27083, 51.40942], [0.27229, 51.40957], [0.27595, 51.40959], [0.27631, 51.40957], [0.28091, 51.40328], [0.27697, 51.40019], [0.27701, 51.39989], [0.28708, 51.39633], [0.28883, 51.39779], [0.2896, 51.3988], [0.29001, 51.39894], [0.2913, 51.39924], [0.29458, 51.40062], [0.29626, 51.40384], [0.29418, 51.40479], [0.29066, 51.40691], [0.29072, 51.40821], [0.28889, 51.40989], [0.29146, 51.41757], [0.2949, 51.4184], [0.2956, 51.42008], [0.29907, 51.42415], [0.30175, 51.42532], [0.30184, 51.42539], [0.30345, 51.42626], [0.30677, 51.42966], [0.29873, 51.43523], [0.29663, 51.43555], [0.29491, 51.43655], [0.28979, 51.43785], [0.28883, 51.43784], [0.28787, 51.4378], [0.28486, 51.43746], [0.28467, 51.43729], [0.27402, 51.43372], [0.2712, 51.43199], [0.26894, 51.43297], [0.26857, 51.4331], [0.26591, 51.43431], [0.26502, 51.43498], [0.26483, 51.43528], [0.26318, 51.4369], [0.2594, 51.43751], [0.25834, 51.43756], [0.25657, 51.43969], [0.25645, 51.43998], [0.25554, 51.44067], [0.25489, 51.44129], [0.25487, 51.44136], [0.2563, 51.44306], [0.25646, 51.44316], [0.25547, 51.44509], [0.25291, 51.44525], [0.25005, 51.44609], [0.24997, 51.44614], [0.25041, 51.44881], [0.25131, 51.44903], [0.25155, 51.44906], [0.25404, 51.45189], [0.25559, 51.45221], [0.25676, 51.45194], [0.25704, 51.4518], [0.26029, 51.45349], [0.26141, 51.45224], [0.26406, 51.45271], [0.26412, 51.45263], [0.26614, 51.45207], [0.26829, 51.45383], [0.2676, 51.45728], [0.27207, 51.46102], [0.26555, 51.46443], [0.26126, 51.46548], [0.2612, 51.46548], [0.2572, 51.46605], [0.25477, 51.46372], [0.25331, 51.46274], [0.25141, 51.46056], [0.24944, 51.45888], [0.24942, 51.45816], [0.24632, 51.45646], [0.2465, 51.45573], [0.24535, 51.45449], [0.24308, 51.45309], [0.24307, 51.45252], [0.24378, 51.45133], [0.24392, 51.45024], [0.24351, 51.45004], [0.2432, 51.44993], [0.24209, 51.44938], [0.24131, 51.44929], [0.24008, 51.44925], [0.23848, 51.44884], [0.23746, 51.44869], [0.23723, 51.4487], [0.23493, 51.44752], [0.23497, 51.44732], [0.23496, 51.44728], [0.2354, 51.44663], [0.23542, 51.44652], [0.23543, 51.44626]]]}, "properties": {"name": "DA2", "description": "DA2 postcode district"}}, {"type": "Feature", "geometry": {"type": "Polygon", "coordinates": [[[0.29956, 51.36475], [0.30081, 51.36534], [0.30139, 51.36526], [0.30192, 51.36444], [0.30066, 51.36365], [0.30081, 51.36221], [0.30076, 51.36184], [0.30025, 51.36111], [0.30057, 51.35999], [0.30184, 51.35953], [0.30384, 51.35853], [0.3065, 51.35594], [0.30944, 51.35576], [0.31011, 51.35568], [0.3141, 51.35587], [0.3144, 51.35581], [0.32306, 51.35859], [0.32257, 51.36096], [0.32319, 51.36449], [0.32402, 51.36496], [0.32508, 51.37078], [0.32942, 51.37183], [0.33285, 51.37548], [0.33952, 51.37717], [0.34003, 51.37709], [0.34292, 51.37951], [0.347, 51.3826], [0.34719, 51.38775], [0.34715, 51.38789], [0.34554, 51.38789], [0.33958, 51.38854], [0.33837, 51.38962], [0.3378, 51.39045], [0.34105, 51.39311], [0.34174, 51.39342], [0.34146, 51.39422], [0.3404, 51.39576], [0.34303, 51.39918], [0.34326, 51.39962], [0.34306, 51.39992], [0.34285, 51.40007], [0.3417, 51.40077], [0.33959, 51.40141], [0.33765, 51.40234], [0.33708, 51.40462], [0.33363, 51.40777], [0.33072, 51.4076], [0.32279, 51.40359], [0.32086, 51.40354], [0.31556, 51.40405], [0.31384, 51.40336], [0.31293, 51.40293], [0.30732, 51.40342], [0.30636, 51.40378], [0.29962, 51.40346], [0.29626, 51.40384], [0.29458, 51.40062], [0.2913, 51.39924], [0.29001, 51.39894], [0.2896, 51.3988], [0.28883, 51.39779], [0.28708, 51.39633], [0.28767, 51.39449], [0.2876, 51.39376], [0.28682, 51.39193], [0.28437, 51.39003], [0.28448, 51.38762], [0.27472, 51.38254], [0.26548, 51.38713], [0.26035, 51.38561], [0.25774, 51.38251], [0.24856, 51.3778], [0.24818, 51.37747], [0.24732, 51.37725], [0.24622, 51.3762], [0.24497, 51.36434], [0.24453, 51.36411], [0.24553, 51.36055], [0.25312, 51.3568], [0.25342, 51.35645], [0.25714, 51.35705], [0.26129, 51.35931], [0.26393, 51.35858], [0.26571, 51.35628], [0.26694, 51.35548], [0.27292, 51.35466], [0.27347, 51.35458], [0.27722, 51.35244], [0.27988, 51.35164], [0.28246, 51.35424], [0.28031, 51.36067], [0.28559, 51.36098], [0.2883, 51.36305], [0.28382, 51.36591], [0.28319, 51.3687], [0.29281, 51.37073], [0.29285, 51.37075], [0.29504, 51.36833], [0.29566, 51.36573], [0.29571, 51.36572], [0.29694, 51.36426], [0.29864, 51.36405], [0.29877, 51.36372], [0.30049, 51.36301], [0.29956, 51.36475]]]}, "properties": {"name": "DA3", "description": "DA3 postcode district"}}, {"type": "Feature", "geometry": {"type": "Polygon", "coordinates": [[[0.21008, 51.39271], [0.20318, 51.38928], [0.20105, 51.38762], [0.20151, 51.38529], [0.20321, 51.38389], [0.19374, 51.38064], [0.1937, 51.37788], [0.19174, 51.37605], [0.19019, 51.37568], [0.18383, 51.37608], [0.17227, 51.37334], [0.17015, 51.36972], [0.1705, 51.36826], [0.17823, 51.36094], [0.17822, 51.36022], [0.17792, 51.35978], [0.18229, 51.34776], [0.19936, 51.34812], [0.20119, 51.34696], [0.20282, 51.34039], [0.20759, 51.33674], [0.21047, 51.336], [0.22301, 51.34226], [0.22594, 51.34733], [0.23142, 51.34896], [0.23659, 51.34833], [0.23782, 51.34897], [0.24424, 51.35355], [0.24453, 51.3569], [0.24553, 51.36055], [0.24453, 51.36411], [0.24497, 51.36434], [0.24622, 51.3762], [0.24732, 51.37725], [0.24818, 51.37747], [0.24856, 51.3778], [0.25774, 51.38251], [0.26035, 51.38561], [0.26548, 51.38713], [0.27472, 51.38254], [0.28448, 51.38762], [0.28437, 51.39003], [0.28682, 51.39193], [0.2876, 51.39376], [0.28767, 51.39449], [0.28708, 51.39633], [0.27701, 51.39989], [0.27697, 51.40019], [0.28091, 51.40328], [0.27631, 51.40957], [0.27595, 51.40959], [0.27229, 51.40957], [0.27083, 51.40942], [0.27041, 51.40937], [0.26774, 51.41051], [0.26688, 51.41058], [0.26459, 51.41178], [0.26009, 51.41345], [0.2548, 51.41354], [0.24985, 51.41286], [0.24875, 51.4132], [0.24647, 51.41287], [0.24582, 51.41279], [0.24508, 51.41306], [0.24076, 51.41637], [0.23978, 51.41745], [0.23976, 51.41746], [0.23673, 51.41803], [0.23604, 51.41834], [0.23494, 51.41823], [0.23289, 51.41767], [0.23245, 51.41749], [0.2294, 51.41817], [0.22776, 51.41847], [0.22436, 51.41625], [0.22385, 51.41601], [0.2219, 51.41483], [0.22322, 51.40984], [0.2218, 51.40833], [0.2186, 51.40738], [0.21262, 51.39809], [0.2125, 51.39785], [0.21199, 51.39519], [0.21278, 51.39453], [0.21008, 51.39271]]]}, "properties": {"name": "DA4", "description": "DA4 postcode district"}}, {"type": "Feature", "geometry": {"type": "Polygon", "coordinates": [[[0.11884, 51.44713], [0.11663, 51.44673], [0.11661, 51.4467], [0.11706, 51.44643], [0.11825, 51.44603], [0.11848, 51.44547], [0.11859, 51.44546], [0.11949, 51.44508], [0.11971, 51.44451], [0.1186, 51.44418], [0.11898, 51.44319], [0.11878, 51.44286], [0.11848, 51.44273], [0.11832, 51.44263], [0.11796, 51.4426], [0.11692, 51.44283], [0.11672, 51.44305], [0.11666, 51.44382], [0.1159, 51.44388], [0.1144, 51.44309], [0.1143, 51.44307], [0.11431, 51.44301], [0.11351, 51.44099], [0.11136, 51.43975], [0.11152, 51.4394], [0.11224, 51.43925], [0.11567, 51.43959], [0.11687, 51.43925], [0.11868, 51.43952], [0.11906, 51.4388], [0.12058, 51.43891], [0.121, 51.43825], [0.12002, 51.43807], [0.11984, 51.43731], [0.11993, 51.43702], [0.11979, 51.43661], [0.1217, 51.43585], [0.12216, 51.43599], [0.12233, 51.43596], [0.12466, 51.43522], [0.12488, 51.43506], [0.12613, 51.43471], [0.12623, 51.43473], [0.12646, 51.43493], [0.128, 51.4354], [0.12868, 51.43597], [0.12931, 51.43629], [0.13053, 51.43593], [0.13101, 51.43572], [0.13242, 51.43625], [0.13644, 51.43569], [0.13729, 51.43519], [0.14075, 51.43573], [0.14287, 51.43266], [0.14283, 51.43228], [0.14292, 51.43206], [0.14303, 51.4312], [0.1483, 51.42839], [0.15364, 51.42726], [0.15284, 51.42434], [0.15304, 51.42339], [0.1627, 51.42357], [0.16372, 51.42372], [0.16377, 51.42371], [0.16389, 51.42367], [0.16457, 51.42273], [0.16594, 51.42301], [0.16679, 51.42296], [0.16708, 51.42349], [0.16788, 51.42368], [0.1689, 51.42333], [0.16946, 51.42324], [0.17013, 51.42377], [0.1699, 51.42427], [0.1699, 51.42431], [0.16959, 51.42487], [0.17106, 51.42535], [0.17066, 51.42621], [0.17302, 51.42607], [0.17351, 51.42667], [0.17549, 51.42635], [0.17655, 51.42688], [0.17736, 51.42673], [0.17958, 51.42737], [0.17974, 51.42738], [0.18158, 51.4278], [0.17877, 51.43045], [0.17868, 51.43067], [0.17811, 51.43075], [0.17754, 51.4307], [0.17503, 51.42993], [0.17461, 51.43005], [0.17267, 51.4313], [0.17187, 51.43125], [0.17152, 51.43126], [0.17055, 51.43179], [0.17012, 51.43192], [0.1688, 51.43213], [0.16857, 51.43229], [0.16856, 51.43234], [0.16766, 51.43385], [0.16821, 51.43465], [0.16928, 51.43458], [0.17036, 51.43488], [0.17053, 51.43487], [0.17102, 51.4351], [0.17167, 51.435], [0.17189, 51.4348], [0.17259, 51.43504], [0.17289, 51.43538], [0.17401, 51.43554], [0.17385, 51.43427], [0.1742, 51.43385], [0.17494, 51.43405], [0.17575, 51.434], [0.17673, 51.43443], [0.1781, 51.43736], [0.17894, 51.43785], [0.17813, 51.43863], [0.17633, 51.43921], [0.17472, 51.43994], [0.16935, 51.44004], [0.16862, 51.4405], [0.16852, 51.44062], [0.16713, 51.44383], [0.16588, 51.44482], [0.16574, 51.44498], [0.16659, 51.44635], [0.16735, 51.44686], [0.1679, 51.44712], [0.1676, 51.45062], [0.16772, 51.45075], [0.16807, 51.45235], [0.16774, 51.45304], [0.16669, 51.45288], [0.16549, 51.45222], [0.16519, 51.45217], [0.16501, 51.45219], [0.16494, 51.45217], [0.16175, 51.452], [0.1614, 51.45118], [0.16093, 51.45091], [0.15846, 51.45019], [0.15841, 51.44994], [0.15843, 51.44985], [0.15731, 51.44744], [0.15462, 51.4486], [0.15477, 51.4495], [0.15402, 51.44966], [0.15353, 51.44965], [0.1532, 51.44986], [0.15252, 51.44999], [0.15203, 51.44996], [0.15172, 51.44991], [0.1511, 51.45014], [0.15015, 51.44965], [0.15002, 51.44933], [0.14959, 51.44928], [0.14879, 51.44981], [0.1483, 51.44968], [0.14655, 51.45012], [0.14646, 51.44982], [0.14533, 51.44844], [0.14399, 51.44923], [0.14322, 51.44939], [0.14268, 51.44928], [0.14125, 51.45009], [0.14071, 51.44977], [0.13973, 51.44966], [0.13922, 51.44984], [0.13793, 51.44973], [0.13785, 51.44974], [0.13779, 51.44972], [0.13615, 51.44995], [0.13521, 51.45075], [0.13237, 51.45017], [0.13197, 51.45016], [0.13184, 51.45011], [0.13155, 51.4498], [0.12784, 51.45], [0.12783, 51.45001], [0.1277, 51.45063], [0.12754, 51.45088], [0.12757, 51.45121], [0.12636, 51.45143], [0.12536, 51.45111], [0.12526, 51.45119], [0.12291, 51.45192], [0.12283, 51.45199], [0.11925, 51.45254], [0.11936, 51.45227], [0.11933, 51.44977], [0.11888, 51.4495], [0.11807, 51.44846], [0.11823, 51.44837], [0.11884, 51.44713]]]}, "properties": {"name": "DA5", "description": "DA5 postcode district"}}, {"type": "Feature", "geometry": {"type": "Polygon", "coordinates": [[[0.13787, 51.45816], [0.1375, 51.45837], [0.13724, 51.45843], [0.13697, 51.45854], [0.13629, 51.45834], [0.13599, 51.45842], [0.13538, 51.45841], [0.1348, 51.45862], [0.1347, 51.4587], [0.13494, 51.45925], [0.13435, 51.45944], [0.13363, 51.45919], [0.13344, 51.45883], [0.1331, 51.45876], [0.13287, 51.45884], [0.1326, 51.45882], [0.13188, 51.45824], [0.13171, 51.45829], [0.13199, 51.45897], [0.13178, 51.45915], [0.13157, 51.45947], [0.13151, 51.45946], [0.13057, 51.45941], [0.13054, 51.45941], [0.13012, 51.45954], [0.13007, 51.46021], [0.12996, 51.46021], [0.12894, 51.46001], [0.12873, 51.45967], [0.12836, 51.45951], [0.12794, 51.45993], [0.12843, 51.46058], [0.12805, 51.46083], [0.12719, 51.46049], [0.12574, 51.46069], [0.1256, 51.45982], [0.12549, 51.45975], [0.12443, 51.45935], [0.12373, 51.45946], [0.12223, 51.45905], [0.12204, 51.45888], [0.11756, 51.45721], [0.11744, 51.45709], [0.11698, 51.45684], [0.11601, 51.45548], [0.117, 51.45397], [0.11747, 51.45381], [0.11925, 51.45254], [0.12283, 51.45199], [0.12291, 51.45192], [0.12526, 51.45119], [0.12536, 51.45111], [0.12636, 51.45143], [0.12757, 51.45121], [0.12754, 51.45088], [0.1277, 51.45063], [0.12783, 51.45001], [0.12784, 51.45], [0.13155, 51.4498], [0.13184, 51.45011], [0.13197, 51.45016], [0.13237, 51.45017], [0.13521, 51.45075], [0.13615, 51.44995], [0.13779, 51.44972], [0.13785, 51.44974], [0.13793, 51.44973], [0.13922, 51.44984], [0.13973, 51.44966], [0.14071, 51.44977], [0.14125, 51.45009], [0.14268, 51.44928], [0.14322, 51.44939], [0.14399, 51.44923], [0.14533, 51.44844], [0.14646, 51.44982], [0.14655, 51.45012], [0.1483, 51.44968], [0.14879, 51.44981], [0.14959, 51.44928], [0.15002, 51.44933], [0.15015, 51.44965], [0.1511, 51.45014], [0.15172, 51.44991], [0.15203, 51.44996], [0.15252, 51.44999], [0.1532, 51.44986], [0.15353, 51.44965], [0.15402, 51.44966], [0.15477, 51.4495], [0.15462, 51.4486], [0.15731, 51.44744], [0.15843, 51.44985], [0.15841, 51.44994], [0.15846, 51.45019], [0.16093, 51.45091], [0.1614, 51.45118], [0.16175, 51.452], [0.16494, 51.45217], [0.16501, 51.45219], [0.1638, 51.45313], [0.16295, 51.45327], [0.16291, 51.45383], [0.16259, 51.45398], [0.16092, 51.45395], [0.16073, 51.45409], [0.15919, 51.4541], [0.15913, 51.45441], [0.15877, 51.45476], [0.15734, 51.45514], [0.15717, 51.45529], [0.15581, 51.45508], [0.15572, 51.45517], [0.15464, 51.45576], [0.15379, 51.455], [0.15333, 51.4548], [0.15328, 51.45485], [0.15296, 51.45617], [0.15272, 51.45621], [0.15267, 51.45625], [0.15237, 51.45638], [0.15084, 51.45604], [0.15057, 51.45663], [0.14989, 51.45681], [0.14924, 51.45651], [0.14906, 51.45626], [0.14818, 51.45646], [0.14713, 51.45603], [0.14704, 51.45617], [0.14709, 51.45639], [0.14735, 51.45674], [0.14732, 51.45683], [0.14741, 51.45741], [0.14684, 51.45747], [0.14669, 51.45745], [0.14611, 51.45721], [0.14583, 51.45721], [0.14553, 51.45728], [0.14532, 51.45727], [0.14513, 51.45731], [0.14452, 51.45756], [0.14508, 51.45883], [0.14482, 51.45908], [0.14461, 51.45934], [0.14491, 51.45976], [0.14472, 51.4607], [0.14201, 51.46137], [0.14157, 51.46125], [0.14134, 51.46111], [0.14076, 51.46018], [0.14102, 51.4594], [0.13946, 51.45891], [0.13926, 51.45863], [0.13806, 51.45816], [0.13787, 51.45816]]]}, "properties": {"name": "DA6", "description": "DA6 postcode district"}}, {"type": "Feature", "geometry": {"type": "Polygon", "coordinates": [[[0.15237, 51.45638], [0.15267, 51.45625], [0.15272, 51.45621], [0.15296, 51.45617], [0.15328, 51.45485], [0.15333, 51.4548], [0.15379, 51.455], [0.15464, 51.45576], [0.15572, 51.45517], [0.15581, 51.45508], [0.15717, 51.45529], [0.15734, 51.45514], [0.15877, 51.45476], [0.15913, 51.45441], [0.15919, 51.4541], [0.16073, 51.45409], [0.16092, 51.45395], [0.16259, 51.45398], [0.16291, 51.45383], [0.16295, 51.45327], [0.1638, 51.45313], [0.16488, 51.45383], [0.16468, 51.45433], [0.16554, 51.45474], [0.16572, 51.45591], [0.16671, 51.45589], [0.16791, 51.45414], [0.16838, 51.45387], [0.16867, 51.45425], [0.16873, 51.45486], [0.16967, 51.4563], [0.16998, 51.45636], [0.17023, 51.45636], [0.17034, 51.45664], [0.17106, 51.45747], [0.172, 51.45781], [0.17096, 51.45939], [0.17323, 51.46086], [0.17449, 51.46048], [0.17559, 51.46042], [0.17604, 51.46029], [0.17657, 51.4605], [0.17927, 51.46193], [0.17929, 51.46196], [0.17949, 51.46218], [0.17949, 51.4627], [0.18107, 51.46321], [0.18048, 51.46425], [0.18058, 51.46436], [0.17972, 51.46528], [0.17972, 51.46529], [0.17964, 51.46531], [0.17777, 51.46539], [0.17783, 51.46573], [0.17844, 51.46614], [0.17866, 51.46644], [0.17843, 51.46683], [0.17786, 51.46693], [0.17739, 51.4674], [0.17852, 51.46841], [0.17811, 51.46853], [0.17737, 51.46904], [0.17633, 51.4691], [0.17597, 51.46891], [0.17445, 51.46934], [0.17314, 51.4689], [0.17298, 51.46887], [0.17291, 51.46891], [0.17211, 51.47006], [0.17198, 51.47037], [0.17166, 51.47048], [0.17144, 51.47046], [0.16988, 51.46986], [0.16983, 51.46924], [0.16764, 51.46914], [0.16758, 51.46922], [0.16692, 51.46912], [0.16537, 51.46924], [0.16489, 51.46912], [0.16429, 51.46966], [0.16278, 51.46898], [0.16225, 51.46929], [0.16084, 51.46919], [0.16051, 51.46922], [0.16022, 51.469], [0.15981, 51.46895], [0.15921, 51.46868], [0.15811, 51.46862], [0.15703, 51.46839], [0.15718, 51.46878], [0.15786, 51.46956], [0.15696, 51.47044], [0.15627, 51.47044], [0.15622, 51.47045], [0.15453, 51.46949], [0.15399, 51.46998], [0.15374, 51.47036], [0.15388, 51.47118], [0.15197, 51.47075], [0.15189, 51.47137], [0.15174, 51.47161], [0.15175, 51.47225], [0.15137, 51.4725], [0.14988, 51.47217], [0.14942, 51.47235], [0.1479, 51.47249], [0.14738, 51.47295], [0.14618, 51.47302], [0.14618, 51.47302], [0.14626, 51.4739], [0.14604, 51.47425], [0.14537, 51.47464], [0.14553, 51.47513], [0.14586, 51.47532], [0.14494, 51.47651], [0.14499, 51.47659], [0.14471, 51.47696], [0.14531, 51.4774], [0.14558, 51.4781], [0.14572, 51.47816], [0.14579, 51.47848], [0.14569, 51.47862], [0.14431, 51.47904], [0.14431, 51.47903], [0.14312, 51.47929], [0.14255, 51.47914], [0.14223, 51.47859], [0.14179, 51.47842], [0.14162, 51.47842], [0.1414, 51.47836], [0.14088, 51.47832], [0.13985, 51.47864], [0.1389, 51.47819], [0.13849, 51.47819], [0.13842, 51.47808], [0.13775, 51.47751], [0.13715, 51.47754], [0.13585, 51.47801], [0.13564, 51.47797], [0.13453, 51.47865], [0.13431, 51.47864], [0.13282, 51.47959], [0.13207, 51.47937], [0.13144, 51.47952], [0.12956, 51.47844], [0.12896, 51.47874], [0.12892, 51.47877], [0.12881, 51.47901], [0.12851, 51.47907], [0.12637, 51.4791], [0.12624, 51.479], [0.12506, 51.47936], [0.12444, 51.47938], [0.12368, 51.47864], [0.12305, 51.47857], [0.12158, 51.47911], [0.12066, 51.48023], [0.12047, 51.48033], [0.11952, 51.48067], [0.11845, 51.4805], [0.11831, 51.4791], [0.11875, 51.47854], [0.12058, 51.47813], [0.12087, 51.47825], [0.12172, 51.47709], [0.12125, 51.47702], [0.12078, 51.47604], [0.12083, 51.47595], [0.1208, 51.47539], [0.12071, 51.47526], [0.12036, 51.47514], [0.12187, 51.47367], [0.1219, 51.47366], [0.12236, 51.47392], [0.12247, 51.4741], [0.12318, 51.47467], [0.12499, 51.47358], [0.12499, 51.47358], [0.12506, 51.47346], [0.12508, 51.47344], [0.12689, 51.4732], [0.1272, 51.47284], [0.12713, 51.47253], [0.12639, 51.4723], [0.12607, 51.47102], [0.126, 51.47089], [0.12583, 51.47088], [0.12579, 51.46914], [0.12567, 51.46914], [0.12469, 51.4689], [0.12444, 51.46894], [0.12438, 51.46894], [0.12325, 51.46831], [0.12329, 51.46811], [0.12507, 51.46808], [0.12539, 51.4678], [0.1251, 51.46757], [0.1253, 51.46632], [0.12525, 51.46629], [0.1252, 51.46549], [0.12491, 51.46518], [0.12498, 51.46488], [0.12476, 51.46402], [0.12459, 51.46394], [0.12443, 51.46325], [0.12428, 51.46297], [0.12405, 51.46277], [0.12328, 51.4623], [0.12363, 51.46177], [0.12412, 51.46132], [0.1235, 51.46074], [0.12373, 51.45946], [0.12443, 51.45935], [0.12549, 51.45975], [0.1256, 51.45982], [0.12574, 51.46069], [0.12719, 51.46049], [0.12805, 51.46083], [0.12843, 51.46058], [0.12794, 51.45993], [0.12836, 51.45951], [0.12873, 51.45967], [0.12894, 51.46001], [0.12996, 51.46021], [0.13007, 51.46021], [0.13012, 51.45954], [0.13054, 51.45941], [0.13057, 51.45941], [0.13151, 51.45946], [0.13157, 51.45947], [0.13178, 51.45915], [0.13199, 51.45897], [0.13171, 51.45829], [0.13188, 51.45824], [0.1326, 51.45882], [0.13287, 51.45884], [0.1331, 51.45876], [0.13344, 51.45883], [0.13363, 51.45919], [0.13435, 51.45944], [0.13494, 51.45925], [0.1347, 51.4587], [0.1348, 51.45862], [0.13538, 51.45841], [0.13599, 51.45842], [0.13629, 51.45834], [0.13697, 51.45854], [0.13724, 51.45843], [0.1375, 51.45837], [0.13787, 51.45816], [0.13806, 51.45816], [0.13926, 51.45863], [0.13946, 51.45891], [0.14102, 51.4594], [0.14076, 51.46018], [0.14134, 51.46111], [0.14157, 51.46125], [0.14201, 51.46137], [0.14472, 51.4607], [0.14491, 51.45976], [0.14461, 51.45934], [0.14482, 51.45908], [0.14508, 51.45883], [0.14452, 51.45756], [0.14513, 51.45731], [0.14532, 51.45727], [0.14553, 51.45728], [0.14583, 51.45721], [0.14611, 51.45721], [0.14669, 51.45745], [0.14684, 51.45747], [0.14741, 51.45741], [0.14732, 51.45683], [0.14735, 51.45674], [0.14709, 51.45639], [0.14704, 51.45617], [0.14713, 51.45603], [0.14818, 51.45646], [0.14906, 51.45626], [0.14924, 51.45651], [0.14989, 51.45681], [0.15057, 51.45663], [0.15084, 51.45604], [0.15237, 51.45638]]]}, "properties": {"name": "DA7", "description": "DA7 postcode district"}}, {"type": "Feature", "geometry": {"type": "Polygon", "coordinates": [[[0.16394, 51.48725], [0.16506, 51.48582], [0.16417, 51.48532], [0.16384, 51.48534], [0.1628, 51.48441], [0.16202, 51.48446], [0.16196, 51.48448], [0.16171, 51.48471], [0.16094, 51.4847], [0.1597, 51.48431], [0.15956, 51.48422], [0.15955, 51.48386], [0.15953, 51.4838], [0.15916, 51.4837], [0.15797, 51.48273], [0.15622, 51.48309], [0.15613, 51.48309], [0.15582, 51.48282], [0.15459, 51.4825], [0.15361, 51.48195], [0.15313, 51.48062], [0.15318, 51.4804], [0.15261, 51.47998], [0.15266, 51.47986], [0.15438, 51.47774], [0.15437, 51.47762], [0.15326, 51.47689], [0.15177, 51.47714], [0.15147, 51.47727], [0.15125, 51.47731], [0.15044, 51.47715], [0.14927, 51.47706], [0.14926, 51.47706], [0.14894, 51.47697], [0.14786, 51.47687], [0.14779, 51.47683], [0.14768, 51.4768], [0.14671, 51.47674], [0.14666, 51.47671], [0.14616, 51.47661], [0.14499, 51.47659], [0.14494, 51.47651], [0.14586, 51.47532], [0.14553, 51.47513], [0.14537, 51.47464], [0.14604, 51.47425], [0.14626, 51.4739], [0.14618, 51.47302], [0.14618, 51.47302], [0.14738, 51.47295], [0.1479, 51.47249], [0.14942, 51.47235], [0.14988, 51.47217], [0.15137, 51.4725], [0.15175, 51.47225], [0.15174, 51.47161], [0.15189, 51.47137], [0.15197, 51.47075], [0.15388, 51.47118], [0.15374, 51.47036], [0.15399, 51.46998], [0.15453, 51.46949], [0.15622, 51.47045], [0.15627, 51.47044], [0.15696, 51.47044], [0.15786, 51.46956], [0.15718, 51.46878], [0.15703, 51.46839], [0.15811, 51.46862], [0.15921, 51.46868], [0.15981, 51.46895], [0.16022, 51.469], [0.16051, 51.46922], [0.16084, 51.46919], [0.16225, 51.46929], [0.16278, 51.46898], [0.16429, 51.46966], [0.16489, 51.46912], [0.16537, 51.46924], [0.16692, 51.46912], [0.16758, 51.46922], [0.16764, 51.46914], [0.16983, 51.46924], [0.16988, 51.46986], [0.17144, 51.47046], [0.17166, 51.47048], [0.17198, 51.47037], [0.17211, 51.47006], [0.17291, 51.46891], [0.17298, 51.46887], [0.17314, 51.4689], [0.17445, 51.46934], [0.17597, 51.46891], [0.17633, 51.4691], [0.17737, 51.46904], [0.17811, 51.46853], [0.17852, 51.46841], [0.17739, 51.4674], [0.17786, 51.46693], [0.17843, 51.46683], [0.17866, 51.46644], [0.17844, 51.46614], [0.17783, 51.46573], [0.17777, 51.46539], [0.17964, 51.46531], [0.17972, 51.46529], [0.17972, 51.46528], [0.18058, 51.46436], [0.181, 51.46447], [0.18252, 51.46423], [0.18268, 51.46405], [0.18404, 51.4642], [0.18464, 51.46473], [0.18517, 51.46423], [0.18563, 51.4641], [0.18661, 51.46436], [0.188, 51.46374], [0.18863, 51.46372], [0.18907, 51.46358], [0.18922, 51.46357], [0.19013, 51.46384], [0.19134, 51.46397], [0.1929, 51.46328], [0.19496, 51.46335], [0.19527, 51.46315], [0.20071, 51.46102], [0.20795, 51.46302], [0.20838, 51.46321], [0.20939, 51.46621], [0.21055, 51.46762], [0.21964, 51.46967], [0.22093, 51.47083], [0.22618, 51.47405], [0.22437, 51.47766], [0.22331, 51.47939], [0.2222, 51.48088], [0.22141, 51.48156], [0.21883, 51.48575], [0.2134, 51.48685], [0.20441, 51.48677], [0.20259, 51.48503], [0.20114, 51.48399], [0.19383, 51.48329], [0.19339, 51.48332], [0.19202, 51.48363], [0.18669, 51.48562], [0.18457, 51.48688], [0.18453, 51.48692], [0.18359, 51.48816], [0.18281, 51.48942], [0.17792, 51.4963], [0.16957, 51.49596], [0.16726, 51.49526], [0.16589, 51.49515], [0.16578, 51.49511], [0.1653, 51.49473], [0.16525, 51.49468], [0.16376, 51.49372], [0.16321, 51.49257], [0.16351, 51.49196], [0.16249, 51.49104], [0.16252, 51.49066], [0.16341, 51.48985], [0.16501, 51.49023], [0.16589, 51.48953], [0.1653, 51.48899], [0.1653, 51.48899], [0.16388, 51.48726], [0.16394, 51.48725]]]}, "properties": {"name": "DA8", "description": "DA8 postcode district"}}, {"type": "Feature", "geometry": {"type": "Polygon", "coordinates": [[[0.25646, 51.44316], [0.2563, 51.44306], [0.25487, 51.44136], [0.25489, 51.44129], [0.25554, 51.44067], [0.25645, 51.43998], [0.25657, 51.43969], [0.25834, 51.43756], [0.2594, 51.43751], [0.26318, 51.4369], [0.26483, 51.43528], [0.26502, 51.43498], [0.26591, 51.43431], [0.26857, 51.4331], [0.26894, 51.43297], [0.2712, 51.43199], [0.27402, 51.43372], [0.28467, 51.43729], [0.28486, 51.43746], [0.28787, 51.4378], [0.28883, 51.43784], [0.28979, 51.43785], [0.29491, 51.43655], [0.29674, 51.43907], [0.29723, 51.4409], [0.29683, 51.44306], [0.29678, 51.44319], [0.29327, 51.44405], [0.29368, 51.446], [0.29383, 51.44614], [0.29408, 51.44625], [0.2946, 51.44645], [0.29716, 51.44655], [0.29821, 51.44721], [0.29851, 51.44775], [0.29798, 51.44977], [0.29799, 51.44978], [0.29892, 51.45163], [0.29852, 51.45208], [0.29797, 51.4538], [0.29797, 51.45384], [0.29808, 51.45422], [0.29856, 51.45522], [0.30392, 51.46312], [0.29526, 51.46303], [0.28886, 51.46255], [0.28514, 51.46232], [0.2851, 51.4623], [0.28479, 51.46219], [0.28463, 51.46215], [0.28345, 51.46187], [0.2825, 51.4617], [0.28213, 51.46164], [0.27855, 51.46132], [0.27515, 51.46079], [0.27207, 51.46102], [0.2676, 51.45728], [0.26829, 51.45383], [0.26614, 51.45207], [0.26412, 51.45263], [0.26406, 51.45271], [0.26141, 51.45224], [0.26029, 51.45349], [0.25704, 51.4518], [0.25676, 51.45194], [0.25559, 51.45221], [0.25404, 51.45189], [0.25155, 51.44906], [0.25131, 51.44903], [0.25041, 51.44881], [0.24997, 51.44614], [0.25005, 51.44609], [0.25291, 51.44525], [0.25547, 51.44509], [0.25646, 51.44316]]]}, "properties": {"name": "DA9", "description": "DA9 postcode district"}}, {"type": "Feature", "geometry": {"type": "Polygon", "coordinates": [[[0.31315, 51.44897], [0.31292, 51.4497], [0.31282, 51.44985], [0.3142, 51.45453], [0.3141, 51.45535], [0.30896, 51.45757], [0.30409, 51.46315], [0.30392, 51.46312], [0.29856, 51.45522], [0.29808, 51.45422], [0.29797, 51.45384], [0.29797, 51.4538], [0.29852, 51.45208], [0.29892, 51.45163], [0.29799, 51.44978], [0.29798, 51.44977], [0.29851, 51.44775], [0.29821, 51.44721], [0.29716, 51.44655], [0.2946, 51.44645], [0.29408, 51.44625], [0.29383, 51.44614], [0.29368, 51.446], [0.29327, 51.44405], [0.29678, 51.44319], [0.29683, 51.44306], [0.29723, 51.4409], [0.29674, 51.43907], [0.29491, 51.43655], [0.29663, 51.43555], [0.29873, 51.43523], [0.30677, 51.42966], [0.30957, 51.42987], [0.31534, 51.4291], [0.32123, 51.43505], [0.32146, 51.43751], [0.32464, 51.43855], [0.32522, 51.4406], [0.32526, 51.44244], [0.32419, 51.44365], [0.32304, 51.44444], [0.32081, 51.4453], [0.32054, 51.44535], [0.31716, 51.44514], [0.31665, 51.44575], [0.31636, 51.44599], [0.3161, 51.44626], [0.31581, 51.44672], [0.31508, 51.44757], [0.31433, 51.44819], [0.31315, 51.44897]]]}, "properties": {"name": "DA10", "description": "DA10 postcode district"}}, {"type": "Feature", "geometry": {"type": "Polygon", "coordinates": [[[0.3559, 51.44953], [0.35434, 51.44953], [0.35278, 51.44976], [0.34581, 51.44747], [0.34244, 51.44871], [0.33708, 51.44911], [0.33668, 51.44929], [0.33282, 51.45438], [0.33276, 51.45509], [0.32859, 51.45791], [0.32781, 51.46103], [0.32223, 51.46498], [0.31642, 51.46592], [0.31265, 51.46596], [0.31156, 51.46588], [0.31121, 51.46583], [0.30585, 51.46461], [0.30409, 51.46315], [0.30896, 51.45757], [0.3141, 51.45535], [0.3142, 51.45453], [0.31282, 51.44985], [0.31292, 51.4497], [0.31315, 51.44897], [0.31433, 51.44819], [0.31508, 51.44757], [0.31581, 51.44672], [0.3161, 51.44626], [0.31636, 51.44599], [0.31665, 51.44575], [0.31716, 51.44514], [0.32054, 51.44535], [0.32081, 51.4453], [0.32304, 51.44444], [0.32419, 51.44365], [0.32526, 51.44244], [0.32522, 51.4406], [0.32464, 51.43855], [0.32146, 51.43751], [0.32123, 51.43505], [0.31534, 51.4291], [0.3161, 51.42848], [0.32438, 51.42654], [0.32726, 51.42343], [0.3275, 51.42308], [0.32771, 51.42249], [0.33218, 51.42138], [0.33572, 51.42232], [0.33718, 51.42234], [0.33775, 51.42221], [0.34178, 51.42099], [0.34185, 51.42096], [0.34341, 51.41991], [0.34566, 51.41688], [0.3465, 51.41637], [0.34761, 51.41533], [0.34795, 51.4148], [0.35097, 51.41425], [0.35144, 51.41426], [0.35678, 51.41787], [0.35893, 51.41769], [0.36102, 51.4168], [0.36203, 51.41553], [0.36109, 51.41155], [0.36197, 51.41112], [0.36259, 51.41062], [0.36403, 51.40977], [0.36699, 51.40991], [0.36926, 51.41255], [0.36957, 51.41315], [0.37222, 51.41427], [0.37219, 51.41507], [0.37306, 51.41601], [0.3746, 51.41596], [0.37584, 51.41629], [0.37596, 51.41644], [0.37466, 51.41755], [0.37363, 51.41955], [0.3729, 51.41977], [0.37281, 51.41982], [0.37162, 51.41962], [0.37116, 51.41849], [0.37034, 51.41779], [0.36884, 51.41983], [0.36886, 51.41983], [0.36959, 51.42081], [0.3696, 51.42237], [0.36977, 51.42273], [0.36928, 51.42301], [0.36945, 51.42324], [0.36984, 51.42417], [0.36945, 51.42473], [0.36943, 51.42474], [0.36902, 51.42529], [0.36872, 51.42538], [0.36889, 51.4263], [0.36766, 51.42717], [0.36817, 51.42741], [0.36842, 51.42748], [0.3691, 51.42827], [0.36826, 51.42912], [0.36828, 51.42914], [0.36829, 51.42923], [0.36846, 51.42951], [0.36903, 51.42991], [0.36911, 51.43032], [0.36887, 51.43054], [0.3684, 51.4308], [0.36844, 51.43087], [0.3692, 51.43133], [0.36929, 51.43134], [0.36987, 51.43219], [0.36873, 51.43236], [0.36851, 51.43274], [0.36881, 51.43322], [0.36913, 51.43348], [0.3683, 51.43393], [0.36818, 51.43464], [0.36724, 51.43472], [0.36709, 51.4348], [0.3668, 51.43562], [0.3668, 51.43562], [0.36692, 51.4357], [0.36732, 51.43578], [0.36761, 51.43624], [0.36708, 51.43706], [0.36719, 51.4371], [0.36787, 51.43721], [0.36799, 51.43744], [0.36761, 51.43807], [0.36786, 51.43817], [0.36782, 51.43866], [0.36759, 51.43879], [0.36748, 51.43897], [0.36839, 51.43927], [0.36839, 51.43927], [0.36842, 51.43952], [0.36825, 51.43962], [0.36811, 51.44], [0.36824, 51.44027], [0.36854, 51.44047], [0.36869, 51.44047], [0.3691, 51.44091], [0.36831, 51.44129], [0.36846, 51.44155], [0.36845, 51.44158], [0.36857, 51.44168], [0.36873, 51.44169], [0.36943, 51.44187], [0.36946, 51.44191], [0.36935, 51.44204], [0.36905, 51.44218], [0.36913, 51.44264], [0.36915, 51.44264], [0.3695, 51.44287], [0.37017, 51.44291], [0.37046, 51.44349], [0.37023, 51.44352], [0.3697, 51.44397], [0.36951, 51.44401], [0.36949, 51.44404], [0.36949, 51.44413], [0.37103, 51.44436], [0.37101, 51.44444], [0.37098, 51.44509], [0.3722, 51.44786], [0.37229, 51.44855], [0.36998, 51.44867], [0.36922, 51.4488], [0.3667, 51.44846], [0.36663, 51.44846], [0.36584, 51.44843], [0.36477, 51.44832], [0.36365, 51.44838], [0.36274, 51.44846], [0.36015, 51.44877], [0.35834, 51.4496], [0.35789, 51.4497], [0.3559, 51.44953]]]}, "properties": {"name": "DA11", "description": "DA11 postcode district"}}, {"type": "Feature", "geometry": {"type": "Polygon", "coordinates": [[[0.36732, 51.43578], [0.36692, 51.4357], [0.3668, 51.43562], [0.3668, 51.43562], [0.36709, 51.4348], [0.36724, 51.43472], [0.36818, 51.43464], [0.3683, 51.43393], [0.36913, 51.43348], [0.36881, 51.43322], [0.36851, 51.43274], [0.36873, 51.43236], [0.36987, 51.43219], [0.36929, 51.43134], [0.3692, 51.43133], [0.36844, 51.43087], [0.3684, 51.4308], [0.36887, 51.43054], [0.36911, 51.43032], [0.36903, 51.42991], [0.36846, 51.42951], [0.36829, 51.42923], [0.36828, 51.42914], [0.36826, 51.42912], [0.3691, 51.42827], [0.36842, 51.42748], [0.36817, 51.42741], [0.36766, 51.42717], [0.36889, 51.4263], [0.36872, 51.42538], [0.36902, 51.42529], [0.36943, 51.42474], [0.36945, 51.42473], [0.36984, 51.42417], [0.36945, 51.42324], [0.36928, 51.42301], [0.36977, 51.42273], [0.3696, 51.42237], [0.36959, 51.42081], [0.36886, 51.41983], [0.36884, 51.41983], [0.37034, 51.41779], [0.37116, 51.41849], [0.37162, 51.41962], [0.37281, 51.41982], [0.3729, 51.41977], [0.37363, 51.41955], [0.37466, 51.41755], [0.37596, 51.41644], [0.37584, 51.41629], [0.3746, 51.41596], [0.37306, 51.41601], [0.37219, 51.41507], [0.37222, 51.41427], [0.36957, 51.41315], [0.36926, 51.41255], [0.36699, 51.40991], [0.36778, 51.40975], [0.36998, 51.40915], [0.37229, 51.40899], [0.37451, 51.40855], [0.37664, 51.40799], [0.37831, 51.4073], [0.38029, 51.40606], [0.38046, 51.40543], [0.37925, 51.40396], [0.37835, 51.40086], [0.38732, 51.39824], [0.38129, 51.39378], [0.38368, 51.39137], [0.38514, 51.39086], [0.38718, 51.38939], [0.38415, 51.38741], [0.38069, 51.38704], [0.37956, 51.38619], [0.37974, 51.38595], [0.37844, 51.38433], [0.37847, 51.38418], [0.37843, 51.38413], [0.37847, 51.38408], [0.37902, 51.38314], [0.38053, 51.38305], [0.38412, 51.38081], [0.38551, 51.38093], [0.3861, 51.38187], [0.39194, 51.38514], [0.39444, 51.38054], [0.39706, 51.38], [0.40729, 51.38157], [0.41107, 51.38066], [0.41209, 51.38017], [0.42321, 51.38579], [0.42527, 51.38615], [0.42382, 51.39768], [0.42553, 51.39851], [0.43024, 51.39865], [0.4327, 51.40191], [0.43544, 51.40312], [0.44208, 51.40308], [0.44563, 51.40249], [0.44633, 51.40296], [0.44645, 51.40506], [0.44658, 51.4054], [0.45034, 51.40814], [0.45346, 51.40919], [0.45314, 51.41105], [0.45295, 51.41123], [0.45219, 51.41182], [0.45204, 51.41192], [0.45176, 51.4121], [0.45096, 51.41255], [0.44738, 51.41309], [0.44883, 51.41495], [0.44857, 51.41619], [0.44755, 51.41715], [0.44849, 51.42249], [0.44797, 51.42297], [0.45014, 51.42663], [0.45014, 51.42672], [0.45028, 51.42753], [0.44978, 51.42999], [0.44572, 51.43203], [0.44488, 51.43587], [0.432, 51.45079], [0.42703, 51.45024], [0.41453, 51.45485], [0.40861, 51.45251], [0.39734, 51.44972], [0.39015, 51.44901], [0.38806, 51.44903], [0.38712, 51.44922], [0.38695, 51.44925], [0.38215, 51.45052], [0.38143, 51.45086], [0.37719, 51.44952], [0.37229, 51.44855], [0.3722, 51.44786], [0.37098, 51.44509], [0.37101, 51.44444], [0.37103, 51.44436], [0.36949, 51.44413], [0.36949, 51.44404], [0.36951, 51.44401], [0.3697, 51.44397], [0.37023, 51.44352], [0.37046, 51.44349], [0.37017, 51.44291], [0.3695, 51.44287], [0.36915, 51.44264], [0.36913, 51.44264], [0.36905, 51.44218], [0.36935, 51.44204], [0.36946, 51.44191], [0.36943, 51.44187], [0.36873, 51.44169], [0.36857, 51.44168], [0.36845, 51.44158], [0.36846, 51.44155], [0.36831, 51.44129], [0.3691, 51.44091], [0.36869, 51.44047], [0.36854, 51.44047], [0.36824, 51.44027], [0.36811, 51.44], [0.36825, 51.43962], [0.36842, 51.43952], [0.36839, 51.43927], [0.36839, 51.43927], [0.36748, 51.43897], [0.36759, 51.43879], [0.36782, 51.43866], [0.36786, 51.43817], [0.36761, 51.43807], [0.36799, 51.43744], [0.36787, 51.43721], [0.36719, 51.4371], [0.36708, 51.43706], [0.36761, 51.43624], [0.36732, 51.43578]]]}, "properties": {"name": "DA12", "description": "DA12 postcode district"}}, {"type": "Feature", "geometry": {"type": "Polygon", "coordinates": [[[0.32402, 51.36496], [0.32319, 51.36449], [0.32257, 51.36096], [0.32306, 51.35859], [0.33024, 51.35664], [0.33827, 51.35908], [0.34157, 51.3569], [0.34387, 51.35397], [0.34408, 51.3518], [0.34036, 51.34892], [0.34324, 51.34524], [0.34325, 51.34519], [0.34265, 51.34387], [0.3406, 51.34232], [0.33973, 51.3418], [0.34052, 51.34038], [0.34069, 51.33819], [0.34535, 51.33663], [0.34544, 51.33643], [0.34526, 51.33495], [0.34786, 51.33259], [0.34282, 51.33066], [0.34417, 51.32888], [0.34381, 51.32829], [0.343, 51.32765], [0.34196, 51.3273], [0.34325, 51.32557], [0.33963, 51.32596], [0.33975, 51.32557], [0.34356, 51.32322], [0.34472, 51.32501], [0.34506, 51.32521], [0.34618, 51.32558], [0.34958, 51.32562], [0.35032, 51.3263], [0.35165, 51.32679], [0.35499, 51.32695], [0.35946, 51.32567], [0.35981, 51.32586], [0.36067, 51.32677], [0.36169, 51.32723], [0.36592, 51.32808], [0.37767, 51.32859], [0.37775, 51.32871], [0.3878, 51.33249], [0.39037, 51.33395], [0.39066, 51.33439], [0.4062, 51.33732], [0.40897, 51.33977], [0.40871, 51.34769], [0.41057, 51.34974], [0.41137, 51.35254], [0.41156, 51.35739], [0.41156, 51.35764], [0.41123, 51.36125], [0.41789, 51.36528], [0.41808, 51.36556], [0.41214, 51.37601], [0.41209, 51.38017], [0.41107, 51.38066], [0.40729, 51.38157], [0.39706, 51.38], [0.39444, 51.38054], [0.39194, 51.38514], [0.3861, 51.38187], [0.38551, 51.38093], [0.38412, 51.38081], [0.38053, 51.38305], [0.37902, 51.38314], [0.37847, 51.38408], [0.37843, 51.38413], [0.37847, 51.38418], [0.37844, 51.38433], [0.37974, 51.38595], [0.37956, 51.38619], [0.38069, 51.38704], [0.38415, 51.38741], [0.38718, 51.38939], [0.38514, 51.39086], [0.38368, 51.39137], [0.38129, 51.39378], [0.38732, 51.39824], [0.37835, 51.40086], [0.37925, 51.40396], [0.38046, 51.40543], [0.38029, 51.40606], [0.37831, 51.4073], [0.37664, 51.40799], [0.37451, 51.40855], [0.37229, 51.40899], [0.36998, 51.40915], [0.36778, 51.40975], [0.36699, 51.40991], [0.36403, 51.40977], [0.36259, 51.41062], [0.36197, 51.41112], [0.36109, 51.41155], [0.36203, 51.41553], [0.36102, 51.4168], [0.35893, 51.41769], [0.35678, 51.41787], [0.35144, 51.41426], [0.35097, 51.41425], [0.34795, 51.4148], [0.34761, 51.41533], [0.3465, 51.41637], [0.34566, 51.41688], [0.34341, 51.41991], [0.34185, 51.42096], [0.34178, 51.42099], [0.33775, 51.42221], [0.33718, 51.42234], [0.33572, 51.42232], [0.33218, 51.42138], [0.32771, 51.42249], [0.3275, 51.42308], [0.32726, 51.42343], [0.32438, 51.42654], [0.3161, 51.42848], [0.31534, 51.4291], [0.30957, 51.42987], [0.30677, 51.42966], [0.30345, 51.42626], [0.30184, 51.42539], [0.30175, 51.42532], [0.29907, 51.42415], [0.2956, 51.42008], [0.2949, 51.4184], [0.29146, 51.41757], [0.28889, 51.40989], [0.29072, 51.40821], [0.29066, 51.40691], [0.29418, 51.40479], [0.29626, 51.40384], [0.29962, 51.40346], [0.30636, 51.40378], [0.30732, 51.40342], [0.31293, 51.40293], [0.31384, 51.40336], [0.31556, 51.40405], [0.32086, 51.40354], [0.32279, 51.40359], [0.33072, 51.4076], [0.33363, 51.40777], [0.33708, 51.40462], [0.33765, 51.40234], [0.33959, 51.40141], [0.3417, 51.40077], [0.34285, 51.40007], [0.34306, 51.39992], [0.34326, 51.39962], [0.34303, 51.39918], [0.3404, 51.39576], [0.34146, 51.39422], [0.34174, 51.39342], [0.34105, 51.39311], [0.3378, 51.39045], [0.33837, 51.38962], [0.33958, 51.38854], [0.34554, 51.38789], [0.34715, 51.38789], [0.34719, 51.38775], [0.347, 51.3826], [0.34292, 51.37951], [0.34003, 51.37709], [0.33952, 51.37717], [0.33285, 51.37548], [0.32942, 51.37183], [0.32508, 51.37078], [0.32402, 51.36496]]]}, "properties": {"name": "DA13", "description": "DA13 postcode district"}}, {"type": "Feature", "geometry": {"type": "Polygon", "coordinates": [[[0.11037, 51.43409], [0.10875, 51.43475], [0.10819, 51.43462], [0.10704, 51.43337], [0.10519, 51.43417], [0.10431, 51.43342], [0.10387, 51.43332], [0.10376, 51.43296], [0.10372, 51.43293], [0.10353, 51.43286], [0.10334, 51.4325], [0.10334, 51.43244], [0.10306, 51.43228], [0.10302, 51.43199], [0.10322, 51.43196], [0.10354, 51.43163], [0.10344, 51.43149], [0.1032, 51.43137], [0.1031, 51.43091], [0.10236, 51.43081], [0.10211, 51.43071], [0.10227, 51.43038], [0.10299, 51.42998], [0.10234, 51.42951], [0.10229, 51.42932], [0.1023, 51.42925], [0.10207, 51.42907], [0.10206, 51.42906], [0.10149, 51.42852], [0.10229, 51.42806], [0.1022, 51.42787], [0.10223, 51.42767], [0.10213, 51.42751], [0.10216, 51.42731], [0.10194, 51.42722], [0.10164, 51.42687], [0.10159, 51.42687], [0.10121, 51.42695], [0.10111, 51.42698], [0.10061, 51.42685], [0.10006, 51.42709], [0.09919, 51.42673], [0.09901, 51.42676], [0.09869, 51.42719], [0.09792, 51.42739], [0.09789, 51.42739], [0.09753, 51.42737], [0.09715, 51.4274], [0.0969, 51.42737], [0.09612, 51.42774], [0.09613, 51.42865], [0.09508, 51.42873], [0.09465, 51.42912], [0.09478, 51.43031], [0.09298, 51.43069], [0.09247, 51.43025], [0.09137, 51.42986], [0.0912, 51.42963], [0.08907, 51.42949], [0.08902, 51.42958], [0.08864, 51.42978], [0.08751, 51.42995], [0.08719, 51.43011], [0.08724, 51.4303], [0.08664, 51.43079], [0.08641, 51.4309], [0.08637, 51.43093], [0.08472, 51.43067], [0.08461, 51.43059], [0.08326, 51.43131], [0.08294, 51.43124], [0.08221, 51.43141], [0.08133, 51.43118], [0.0809, 51.43221], [0.08025, 51.43242], [0.08042, 51.43062], [0.08033, 51.43054], [0.08258, 51.42998], [0.08311, 51.42957], [0.08327, 51.42777], [0.08195, 51.42619], [0.08462, 51.42526], [0.08463, 51.42525], [0.08965, 51.42416], [0.09044, 51.42131], [0.09035, 51.42111], [0.09152, 51.42039], [0.09386, 51.41981], [0.09578, 51.42008], [0.0972, 51.42005], [0.0993, 51.41926], [0.09956, 51.41792], [0.09772, 51.41545], [0.09794, 51.41455], [0.09931, 51.41385], [0.10304, 51.41471], [0.10515, 51.41584], [0.10614, 51.41585], [0.1076, 51.41603], [0.10771, 51.41606], [0.10858, 51.41444], [0.11052, 51.4131], [0.10886, 51.41246], [0.10927, 51.41094], [0.11134, 51.41116], [0.11191, 51.41295], [0.11248, 51.41293], [0.11484, 51.4131], [0.11515, 51.41308], [0.11724, 51.41246], [0.11809, 51.41012], [0.11818, 51.41009], [0.11946, 51.40977], [0.12133, 51.41026], [0.12849, 51.40983], [0.13206, 51.40568], [0.13544, 51.40461], [0.13581, 51.40435], [0.13636, 51.40387], [0.13915, 51.4042], [0.14145, 51.40505], [0.14627, 51.40645], [0.15178, 51.40688], [0.15268, 51.40759], [0.15322, 51.4084], [0.15348, 51.40892], [0.15603, 51.41052], [0.15582, 51.41354], [0.15636, 51.41384], [0.16195, 51.41578], [0.16287, 51.41693], [0.16243, 51.41866], [0.15519, 51.42144], [0.15302, 51.42252], [0.15304, 51.42339], [0.15284, 51.42434], [0.15364, 51.42726], [0.1483, 51.42839], [0.14303, 51.4312], [0.14292, 51.43206], [0.14283, 51.43228], [0.14287, 51.43266], [0.14075, 51.43573], [0.13729, 51.43519], [0.13644, 51.43569], [0.13242, 51.43625], [0.13101, 51.43572], [0.13053, 51.43593], [0.12931, 51.43629], [0.12868, 51.43597], [0.128, 51.4354], [0.12646, 51.43493], [0.12623, 51.43473], [0.12613, 51.43471], [0.12488, 51.43506], [0.12466, 51.43522], [0.12233, 51.43596], [0.12216, 51.43599], [0.1217, 51.43585], [0.11979, 51.43661], [0.11993, 51.43702], [0.11984, 51.43731], [0.12002, 51.43807], [0.121, 51.43825], [0.12058, 51.43891], [0.11906, 51.4388], [0.11901, 51.43865], [0.11834, 51.43819], [0.11795, 51.43805], [0.11935, 51.43656], [0.11921, 51.43652], [0.11794, 51.43497], [0.11751, 51.43496], [0.11746, 51.43494], [0.11494, 51.43464], [0.11397, 51.43415], [0.11281, 51.43457], [0.11227, 51.43441], [0.11037, 51.43409]]]}, "properties": {"name": "DA14", "description": "DA14 postcode district"}}, {"type": "Feature", "geometry": {"type": "Polygon", "coordinates": [[[0.08907, 51.42949], [0.0912, 51.42963], [0.09137, 51.42986], [0.09247, 51.43025], [0.09298, 51.43069], [0.09478, 51.43031], [0.09465, 51.42912], [0.09508, 51.42873], [0.09613, 51.42865], [0.09612, 51.42774], [0.0969, 51.42737], [0.09715, 51.4274], [0.09753, 51.42737], [0.09789, 51.42739], [0.09792, 51.42739], [0.09869, 51.42719], [0.09901, 51.42676], [0.09919, 51.42673], [0.10006, 51.42709], [0.10061, 51.42685], [0.10111, 51.42698], [0.10121, 51.42695], [0.10159, 51.42687], [0.10164, 51.42687], [0.10194, 51.42722], [0.10216, 51.42731], [0.10213, 51.42751], [0.10223, 51.42767], [0.1022, 51.42787], [0.10229, 51.42806], [0.10149, 51.42852], [0.10206, 51.42906], [0.10207, 51.42907], [0.1023, 51.42925], [0.10229, 51.42932], [0.10234, 51.42951], [0.10299, 51.42998], [0.10227, 51.43038], [0.10211, 51.43071], [0.10236, 51.43081], [0.1031, 51.43091], [0.1032, 51.43137], [0.10344, 51.43149], [0.10354, 51.43163], [0.10322, 51.43196], [0.10302, 51.43199], [0.10306, 51.43228], [0.10334, 51.43244], [0.10334, 51.4325], [0.10353, 51.43286], [0.10372, 51.43293], [0.10376, 51.43296], [0.10387, 51.43332], [0.10431, 51.43342], [0.10519, 51.43417], [0.10704, 51.43337], [0.10819, 51.43462], [0.10875, 51.43475], [0.11037, 51.43409], [0.11227, 51.43441], [0.11281, 51.43457], [0.11397, 51.43415], [0.11494, 51.43464], [0.11746, 51.43494], [0.11751, 51.43496], [0.11794, 51.43497], [0.11921, 51.43652], [0.11935, 51.43656], [0.11795, 51.43805], [0.11834, 51.43819], [0.11901, 51.43865], [0.11906, 51.4388], [0.11868, 51.43952], [0.11687, 51.43925], [0.11567, 51.43959], [0.11224, 51.43925], [0.11152, 51.4394], [0.11136, 51.43975], [0.11351, 51.44099], [0.11431, 51.44301], [0.1143, 51.44307], [0.1144, 51.44309], [0.1159, 51.44388], [0.11666, 51.44382], [0.11672, 51.44305], [0.11692, 51.44283], [0.11796, 51.4426], [0.11832, 51.44263], [0.11848, 51.44273], [0.11878, 51.44286], [0.11898, 51.44319], [0.1186, 51.44418], [0.11971, 51.44451], [0.11949, 51.44508], [0.11859, 51.44546], [0.11848, 51.44547], [0.11825, 51.44603], [0.11706, 51.44643], [0.11661, 51.4467], [0.11663, 51.44673], [0.11884, 51.44713], [0.11823, 51.44837], [0.11807, 51.44846], [0.11888, 51.4495], [0.11933, 51.44977], [0.11936, 51.45227], [0.11925, 51.45254], [0.11747, 51.45381], [0.117, 51.45397], [0.11643, 51.45343], [0.11333, 51.45179], [0.11247, 51.45168], [0.11174, 51.45153], [0.10932, 51.45224], [0.10872, 51.45175], [0.10839, 51.45126], [0.10801, 51.45109], [0.10719, 51.45121], [0.10625, 51.45196], [0.10482, 51.45193], [0.10424, 51.45251], [0.10392, 51.45256], [0.10256, 51.45255], [0.10217, 51.45278], [0.10184, 51.45369], [0.10173, 51.45378], [0.10163, 51.45379], [0.09954, 51.45303], [0.099, 51.4535], [0.09804, 51.45381], [0.09798, 51.45441], [0.09789, 51.45449], [0.09672, 51.45453], [0.0957, 51.45424], [0.09501, 51.4545], [0.09437, 51.45428], [0.09411, 51.45426], [0.09307, 51.45505], [0.09321, 51.45556], [0.0932, 51.45556], [0.09083, 51.45544], [0.09057, 51.45512], [0.08942, 51.45565], [0.08819, 51.45577], [0.08839, 51.45626], [0.086, 51.45716], [0.08585, 51.45709], [0.0855, 51.45701], [0.08438, 51.45651], [0.08427, 51.45641], [0.08614, 51.45527], [0.08612, 51.45489], [0.08729, 51.45419], [0.08692, 51.45368], [0.08657, 51.45358], [0.08656, 51.45224], [0.08653, 51.45218], [0.08614, 51.4521], [0.08642, 51.45089], [0.08636, 51.4508], [0.08661, 51.45045], [0.0873, 51.45013], [0.08706, 51.4497], [0.08781, 51.44894], [0.08781, 51.4489], [0.08841, 51.44852], [0.08855, 51.44823], [0.08951, 51.44768], [0.08941, 51.44752], [0.08922, 51.44647], [0.08804, 51.4463], [0.08667, 51.44557], [0.086, 51.44565], [0.08562, 51.44584], [0.08556, 51.44585], [0.08372, 51.44522], [0.08339, 51.44522], [0.08245, 51.44536], [0.08225, 51.44542], [0.08225, 51.44542], [0.08088, 51.44524], [0.0805, 51.44489], [0.08152, 51.44385], [0.08097, 51.4427], [0.08199, 51.4421], [0.08224, 51.44175], [0.08161, 51.44113], [0.08195, 51.4406], [0.08207, 51.43969], [0.08097, 51.43959], [0.07969, 51.43917], [0.07968, 51.43916], [0.07975, 51.43882], [0.08042, 51.43857], [0.08181, 51.43864], [0.08161, 51.43782], [0.08291, 51.43764], [0.08367, 51.43649], [0.08327, 51.43626], [0.08297, 51.43614], [0.08277, 51.4353], [0.08136, 51.43476], [0.08138, 51.43434], [0.08189, 51.43358], [0.08019, 51.43335], [0.08032, 51.43259], [0.08025, 51.43242], [0.08025, 51.43242], [0.0809, 51.43221], [0.08133, 51.43118], [0.08221, 51.43141], [0.08294, 51.43124], [0.08326, 51.43131], [0.08461, 51.43059], [0.08472, 51.43067], [0.08637, 51.43093], [0.08641, 51.4309], [0.08664, 51.43079], [0.08724, 51.4303], [0.08719, 51.43011], [0.08751, 51.42995], [0.08864, 51.42978], [0.08902, 51.42958], [0.08907, 51.42949]]]}, "properties": {"name": "DA15", "description": "DA15 postcode district"}}, {"type": "Feature", "geometry": {"type": "Polygon", "coordinates": [[[0.12329, 51.46811], [0.12325, 51.46831], [0.12438, 51.46894], [0.12444, 51.46894], [0.12469, 51.4689], [0.12567, 51.46914], [0.12579, 51.46914], [0.12583, 51.47088], [0.126, 51.47089], [0.12607, 51.47102], [0.12639, 51.4723], [0.12713, 51.47253], [0.1272, 51.47284], [0.12689, 51.4732], [0.12508, 51.47344], [0.12506, 51.47346], [0.12499, 51.47358], [0.12499, 51.47358], [0.12318, 51.47467], [0.12247, 51.4741], [0.12236, 51.47392], [0.1219, 51.47366], [0.12187, 51.47367], [0.12036, 51.47514], [0.12071, 51.47526], [0.1208, 51.47539], [0.12083, 51.47595], [0.12078, 51.47604], [0.12125, 51.47702], [0.12172, 51.47709], [0.12087, 51.47825], [0.12058, 51.47813], [0.11875, 51.47854], [0.11831, 51.4791], [0.11726, 51.47815], [0.11681, 51.47806], [0.11629, 51.47719], [0.11602, 51.47701], [0.11301, 51.47711], [0.11305, 51.47664], [0.11191, 51.475], [0.11167, 51.47487], [0.10926, 51.47553], [0.10915, 51.47628], [0.10872, 51.47649], [0.10741, 51.4765], [0.10741, 51.4765], [0.10731, 51.47613], [0.10768, 51.47488], [0.1061, 51.47406], [0.10602, 51.47399], [0.10427, 51.47368], [0.10183, 51.47366], [0.10182, 51.47366], [0.09688, 51.47452], [0.09672, 51.47441], [0.09628, 51.47347], [0.0951, 51.47321], [0.09483, 51.47342], [0.09477, 51.47344], [0.09297, 51.47363], [0.09204, 51.47289], [0.09212, 51.47223], [0.09203, 51.4721], [0.08814, 51.47096], [0.08716, 51.47037], [0.08705, 51.47029], [0.08668, 51.47024], [0.08552, 51.46985], [0.08343, 51.46969], [0.07915, 51.471], [0.07886, 51.47087], [0.07559, 51.46892], [0.07542, 51.46859], [0.07419, 51.46528], [0.0752, 51.46392], [0.07555, 51.46389], [0.07886, 51.46286], [0.08065, 51.46138], [0.08102, 51.4612], [0.08124, 51.46113], [0.08188, 51.4608], [0.08198, 51.4607], [0.08244, 51.45956], [0.08427, 51.45879], [0.08411, 51.45857], [0.0855, 51.45701], [0.08585, 51.45709], [0.086, 51.45716], [0.08839, 51.45626], [0.08819, 51.45577], [0.08942, 51.45565], [0.09057, 51.45512], [0.09083, 51.45544], [0.0932, 51.45556], [0.09321, 51.45556], [0.09307, 51.45505], [0.09411, 51.45426], [0.09437, 51.45428], [0.09501, 51.4545], [0.0957, 51.45424], [0.09672, 51.45453], [0.09789, 51.45449], [0.09798, 51.45441], [0.09804, 51.45381], [0.099, 51.4535], [0.09954, 51.45303], [0.10163, 51.45379], [0.10173, 51.45378], [0.10184, 51.45369], [0.10217, 51.45278], [0.10256, 51.45255], [0.10392, 51.45256], [0.10424, 51.45251], [0.10482, 51.45193], [0.10625, 51.45196], [0.10719, 51.45121], [0.10801, 51.45109], [0.10839, 51.45126], [0.10872, 51.45175], [0.10932, 51.45224], [0.11174, 51.45153], [0.11247, 51.45168], [0.11333, 51.45179], [0.11643, 51.45343], [0.117, 51.45397], [0.11601, 51.45548], [0.11698, 51.45684], [0.11744, 51.45709], [0.11756, 51.45721], [0.12204, 51.45888], [0.12223, 51.45905], [0.12373, 51.45946], [0.1235, 51.46074], [0.12412, 51.46132], [0.12363, 51.46177], [0.12328, 51.4623], [0.12405, 51.46277], [0.12428, 51.46297], [0.12443, 51.46325], [0.12459, 51.46394], [0.12476, 51.46402], [0.12498, 51.46488], [0.12491, 51.46518], [0.1252, 51.46549], [0.12525, 51.46629], [0.1253, 51.46632], [0.1251, 51.46757], [0.12539, 51.4678], [0.12507, 51.46808], [0.12329, 51.46811]]]}, "properties": {"name": "DA16", "description": "DA16 postcode district"}}, {"type": "Feature", "geometry": {"type": "Polygon", "coordinates": [[[0.14431, 51.47904], [0.14569, 51.47862], [0.14579, 51.47848], [0.14572, 51.47816], [0.14558, 51.4781], [0.14531, 51.4774], [0.14471, 51.47696], [0.14499, 51.47659], [0.14616, 51.47661], [0.14666, 51.47671], [0.14671, 51.47674], [0.14768, 51.4768], [0.14779, 51.47683], [0.14786, 51.47687], [0.14894, 51.47697], [0.14926, 51.47706], [0.14927, 51.47706], [0.15044, 51.47715], [0.15125, 51.47731], [0.15147, 51.47727], [0.15177, 51.47714], [0.15326, 51.47689], [0.15437, 51.47762], [0.15438, 51.47774], [0.15266, 51.47986], [0.15261, 51.47998], [0.15318, 51.4804], [0.15313, 51.48062], [0.15361, 51.48195], [0.15459, 51.4825], [0.15582, 51.48282], [0.15613, 51.48309], [0.15622, 51.48309], [0.15797, 51.48273], [0.15916, 51.4837], [0.15953, 51.4838], [0.15955, 51.48386], [0.15956, 51.48422], [0.1597, 51.48431], [0.16094, 51.4847], [0.16171, 51.48471], [0.16196, 51.48448], [0.16202, 51.48446], [0.1628, 51.48441], [0.16384, 51.48534], [0.16417, 51.48532], [0.16506, 51.48582], [0.16394, 51.48725], [0.16388, 51.48726], [0.1653, 51.48899], [0.1653, 51.48899], [0.16589, 51.48953], [0.16501, 51.49023], [0.16341, 51.48985], [0.16252, 51.49066], [0.16249, 51.49104], [0.16351, 51.49196], [0.16321, 51.49257], [0.16376, 51.49372], [0.16525, 51.49468], [0.1653, 51.49473], [0.16578, 51.49511], [0.16589, 51.49515], [0.16726, 51.49526], [0.16957, 51.49596], [0.17792, 51.4963], [0.17451, 51.50198], [0.17445, 51.5024], [0.1732, 51.50363], [0.16902, 51.50477], [0.16431, 51.5097], [0.15921, 51.51251], [0.15774, 51.51183], [0.1449, 51.50945], [0.14401, 51.50828], [0.14306, 51.50364], [0.14604, 51.50186], [0.15257, 51.50066], [0.15428, 51.50046], [0.15496, 51.49813], [0.15363, 51.49643], [0.15234, 51.49592], [0.15135, 51.49517], [0.14959, 51.49496], [0.14951, 51.49494], [0.14891, 51.49411], [0.14838, 51.49361], [0.14843, 51.49348], [0.14838, 51.49319], [0.14781, 51.49273], [0.14689, 51.4922], [0.14531, 51.49201], [0.14528, 51.49201], [0.14442, 51.49249], [0.14376, 51.49246], [0.1437, 51.49242], [0.14183, 51.49194], [0.14128, 51.49204], [0.14058, 51.49189], [0.14023, 51.49193], [0.14, 51.49189], [0.13951, 51.4919], [0.13889, 51.49198], [0.13863, 51.49211], [0.13761, 51.49208], [0.13682, 51.49155], [0.13609, 51.49151], [0.13579, 51.49167], [0.13421, 51.49201], [0.13352, 51.49188], [0.13351, 51.49187], [0.13336, 51.49161], [0.13328, 51.49155], [0.13139, 51.49146], [0.13112, 51.49133], [0.131, 51.49129], [0.13072, 51.49131], [0.13007, 51.4917], [0.12849, 51.49169], [0.12825, 51.49131], [0.12818, 51.49126], [0.127, 51.49109], [0.12652, 51.49123], [0.12638, 51.49121], [0.12466, 51.49138], [0.12434, 51.4912], [0.12392, 51.49107], [0.1238, 51.49096], [0.12382, 51.49065], [0.1234, 51.49009], [0.12386, 51.4896], [0.12446, 51.48967], [0.12531, 51.48928], [0.12597, 51.48967], [0.12761, 51.48937], [0.129, 51.48869], [0.12965, 51.48817], [0.13022, 51.48764], [0.13098, 51.48675], [0.13142, 51.48688], [0.13454, 51.48697], [0.13713, 51.48729], [0.13726, 51.48727], [0.13779, 51.48673], [0.13767, 51.48415], [0.13836, 51.48375], [0.13819, 51.48359], [0.13761, 51.48319], [0.13814, 51.48235], [0.13786, 51.48218], [0.13669, 51.48174], [0.13739, 51.48087], [0.13538, 51.4802], [0.13516, 51.48005], [0.1344, 51.48025], [0.13372, 51.48025], [0.13315, 51.47999], [0.13282, 51.47959], [0.13431, 51.47864], [0.13453, 51.47865], [0.13564, 51.47797], [0.13585, 51.47801], [0.13715, 51.47754], [0.13775, 51.47751], [0.13842, 51.47808], [0.13849, 51.47819], [0.1389, 51.47819], [0.13985, 51.47864], [0.14088, 51.47832], [0.1414, 51.47836], [0.14162, 51.47842], [0.14179, 51.47842], [0.14223, 51.47859], [0.14255, 51.47914], [0.14312, 51.47929], [0.14431, 51.47903], [0.14431, 51.47904]]]}, "properties": {"name": "DA17", "description": "DA17 postcode district"}}, {"type": "Feature", "geometry": {"type": "Polygon", "coordinates": [[[0.12916, 51.49941], [0.12815, 51.49889], [0.12794, 51.49769], [0.12753, 51.49751], [0.12714, 51.49706], [0.12733, 51.49691], [0.1285, 51.49627], [0.12842, 51.49582], [0.12773, 51.49538], [0.12763, 51.49491], [0.12769, 51.49472], [0.1287, 51.49421], [0.12871, 51.49419], [0.12869, 51.49403], [0.12869, 51.49402], [0.12861, 51.49326], [0.12785, 51.49287], [0.12809, 51.49214], [0.12845, 51.49181], [0.12849, 51.49169], [0.13007, 51.4917], [0.13072, 51.49131], [0.131, 51.49129], [0.13112, 51.49133], [0.13139, 51.49146], [0.13328, 51.49155], [0.13336, 51.49161], [0.13351, 51.49187], [0.13352, 51.49188], [0.13421, 51.49201], [0.13579, 51.49167], [0.13609, 51.49151], [0.13682, 51.49155], [0.13761, 51.49208], [0.13863, 51.49211], [0.13889, 51.49198], [0.13951, 51.4919], [0.14, 51.49189], [0.14023, 51.49193], [0.14058, 51.49189], [0.14128, 51.49204], [0.14183, 51.49194], [0.1437, 51.49242], [0.14376, 51.49246], [0.14442, 51.49249], [0.14528, 51.49201], [0.14531, 51.49201], [0.14689, 51.4922], [0.14781, 51.49273], [0.14838, 51.49319], [0.14843, 51.49348], [0.14838, 51.49361], [0.14891, 51.49411], [0.14951, 51.49494], [0.14959, 51.49496], [0.15135, 51.49517], [0.15234, 51.49592], [0.15363, 51.49643], [0.15496, 51.49813], [0.15428, 51.50046], [0.15257, 51.50066], [0.14604, 51.50186], [0.14306, 51.50364], [0.13689, 51.5013], [0.13194, 51.50218], [0.12916, 51.49941]]]}, "properties": {"name": "DA18", "description": "DA18 postcode district"}}, {"type": "Feature", "geometry": {"type": "Polygon", "coordinates": [[[0.14064, 51.39421], [0.14588, 51.38976], [0.1397, 51.38702], [0.14077, 51.38112], [0.14596, 51.3775], [0.14619, 51.3765], [0.14625, 51.37647], [0.14924, 51.36957], [0.1634, 51.3711], [0.17015, 51.36972], [0.17227, 51.37334], [0.18383, 51.37608], [0.19019, 51.37568], [0.19174, 51.37605], [0.1937, 51.37788], [0.19374, 51.38064], [0.20321, 51.38389], [0.20151, 51.38529], [0.20105, 51.38762], [0.20318, 51.38928], [0.21008, 51.39271], [0.21278, 51.39453], [0.21199, 51.39519], [0.2125, 51.39785], [0.21262, 51.39809], [0.2186, 51.40738], [0.2218, 51.40833], [0.22322, 51.40984], [0.2219, 51.41483], [0.21826, 51.41673], [0.21457, 51.41797], [0.21205, 51.41782], [0.20952, 51.41813], [0.20907, 51.41822], [0.20501, 51.41756], [0.20441, 51.41682], [0.19907, 51.41379], [0.1979, 51.41291], [0.19653, 51.41386], [0.19332, 51.41785], [0.19163, 51.41701], [0.18606, 51.4167], [0.18598, 51.41654], [0.18602, 51.41591], [0.18601, 51.41585], [0.18536, 51.41551], [0.18091, 51.41451], [0.17992, 51.41502], [0.1793, 51.41581], [0.17913, 51.41592], [0.17528, 51.41529], [0.17428, 51.41524], [0.17199, 51.4156], [0.17146, 51.41536], [0.17072, 51.41194], [0.16975, 51.41037], [0.16922, 51.40995], [0.16546, 51.41017], [0.16506, 51.41016], [0.1648, 51.41022], [0.16316, 51.41003], [0.15867, 51.41024], [0.15603, 51.41052], [0.15348, 51.40892], [0.15322, 51.4084], [0.15268, 51.40759], [0.15178, 51.40688], [0.14627, 51.40645], [0.14145, 51.40505], [0.13915, 51.4042], [0.13636, 51.40387], [0.13557, 51.401], [0.13478, 51.39971], [0.13466, 51.39938], [0.13449, 51.39803], [0.13458, 51.39741], [0.14064, 51.39421]]]}, "properties": {"name": "BR8", "description": "BR8 postcode district"}}]}